{
  "timestamp": "2025-08-30T10:57:49.491545",
  "final_intelligence_score": 259.763766889165,
  "final_profit_potential": 239727,
  "intelligence_improvement_percent": 235.17905405053548,
  "profit_improvement_percent": 1975.5584415584415,
  "enhancement_multiplier": 20.755584415584416,
  "autonomous_capabilities": 14,
  "system_status": "FULLY_AUTONOMOUS"
}