{
  "timestamp": "2025-08-29T18:12:52.535646",
  "overall_quality": 1.0,
  "avg_latency": 242.7709120635194,
  "total_data_points": 4660,
  "valid_data_points": 4660,
  "data_sources": 4,
  "active_alerts": 2493049,
  "market_signals": 102
}