{
  "timestamp": "2025-08-29T03:49:45.678078",
  "overall_quality": 1.0,
  "avg_latency": 153.32505506688494,
  "total_data_points": 3050,
  "valid_data_points": 3050,
  "data_sources": 4,
  "active_alerts": 2121859,
  "market_signals": 101
}