{
  "timestamp": "2025-08-28T06:33:49.360440",
  "overall_quality": 1.0,
  "avg_latency": 279.6721607691449,
  "total_data_points": 5380,
  "valid_data_points": 5380,
  "data_sources": 4,
  "active_alerts": 1568566,
  "market_signals": 101
}