{
  "timestamp": "2025-08-27T09:48:57.605711",
  "overall_quality": 1.0,
  "avg_latency": 289.4211858510798,
  "total_data_points": 5560,
  "valid_data_points": 5560,
  "data_sources": 4,
  "active_alerts": 1032019,
  "market_signals": 100
}