{
  "timestamp": "2025-08-27T00:37:57.832064",
  "overall_quality": 1.0,
  "avg_latency": 262.20631258891103,
  "total_data_points": 5050,
  "valid_data_points": 5050,
  "data_sources": 4,
  "active_alerts": 795032,
  "market_signals": 102
}