{
  "timestamp": "2025-08-26T11:03:56.788352",
  "overall_quality": 1.0,
  "avg_latency": 296.7109529345011,
  "total_data_points": 5710,
  "valid_data_points": 5710,
  "data_sources": 4,
  "active_alerts": 448044,
  "market_signals": 100
}