{
  "timestamp": "2025-08-27T23:04:55.181403",
  "overall_quality": 1.0,
  "avg_latency": 163.9249304412308,
  "total_data_points": 3250,
  "valid_data_points": 3250,
  "data_sources": 4,
  "active_alerts": 1373324,
  "market_signals": 104
}