{
  "timestamp": "2025-08-28T15:11:51.448050",
  "overall_quality": 1.0,
  "avg_latency": 217.65738639450993,
  "total_data_points": 4190,
  "valid_data_points": 4190,
  "data_sources": 4,
  "active_alerts": 1789837,
  "market_signals": 101
}