{
  "timestamp": "2025-08-26T14:04:59.112240",
  "overall_quality": 1.0,
  "avg_latency": 176.82232187653946,
  "total_data_points": 3410,
  "valid_data_points": 3410,
  "data_sources": 4,
  "active_alerts": 525351,
  "market_signals": 102
}