{
  "timestamp": "2025-08-25T23:05:45.642796",
  "overall_quality": 1.0,
  "avg_latency": 205.32369311497447,
  "total_data_points": 3940,
  "valid_data_points": 3940,
  "data_sources": 4,
  "active_alerts": 143111,
  "market_signals": 101
}