{
  "timestamp": "2025-08-28T08:15:58.865069",
  "overall_quality": 1.0,
  "avg_latency": 193.00148435698964,
  "total_data_points": 3720,
  "valid_data_points": 3720,
  "data_sources": 4,
  "active_alerts": 1611556,
  "market_signals": 102
}