{
  "timestamp": "2025-08-27T06:36:57.920579",
  "overall_quality": 1.0,
  "avg_latency": 230.33613420812594,
  "total_data_points": 4430,
  "valid_data_points": 4430,
  "data_sources": 4,
  "active_alerts": 950173,
  "market_signals": 103
}