{
  "timestamp": "2025-08-27T23:18:55.435219",
  "overall_quality": 1.0,
  "avg_latency": 284.011419184601,
  "total_data_points": 5650,
  "valid_data_points": 5650,
  "data_sources": 4,
  "active_alerts": 1379546,
  "market_signals": 103
}