{
  "timestamp": "2025-08-26T15:24:43.198782",
  "overall_quality": 1.0,
  "avg_latency": 168.4103414489165,
  "total_data_points": 3230,
  "valid_data_points": 3230,
  "data_sources": 4,
  "active_alerts": 559432,
  "market_signals": 100
}