{
  "timestamp": "2025-08-27T10:58:38.549494",
  "overall_quality": 1.0,
  "avg_latency": 279.14419337932935,
  "total_data_points": 5370,
  "valid_data_points": 5370,
  "data_sources": 4,
  "active_alerts": 1062027,
  "market_signals": 103
}