{
  "timestamp": "2025-08-30T03:57:50.437960",
  "overall_quality": 1.0,
  "avg_latency": 239.56136706813348,
  "total_data_points": 4770,
  "valid_data_points": 4770,
  "data_sources": 4,
  "active_alerts": 2748816,
  "market_signals": 102
}