{
  "timestamp": "2025-08-29T22:06:43.305491",
  "overall_quality": 1.0,
  "avg_latency": 206.4504659367402,
  "total_data_points": 4110,
  "valid_data_points": 4110,
  "data_sources": 4,
  "active_alerts": 2593768,
  "market_signals": 102
}