{
  "timestamp": "2025-08-29T06:05:48.640775",
  "overall_quality": 1.0,
  "avg_latency": 184.3444047153009,
  "total_data_points": 3660,
  "valid_data_points": 3660,
  "data_sources": 4,
  "active_alerts": 2181502,
  "market_signals": 100
}