{
  "timestamp": "2025-08-29T15:57:35.826707",
  "overall_quality": 1.0,
  "avg_latency": 235.12186904523244,
  "total_data_points": 4510,
  "valid_data_points": 4510,
  "data_sources": 4,
  "active_alerts": 2435695,
  "market_signals": 101
}