{
  "timestamp": "2025-08-27T02:57:52.342963",
  "overall_quality": 1.0,
  "avg_latency": 258.7894436991943,
  "total_data_points": 4970,
  "valid_data_points": 4970,
  "data_sources": 4,
  "active_alerts": 854885,
  "market_signals": 103
}