{
  "timestamp": "2025-08-30T08:20:55.353694",
  "overall_quality": 1.0,
  "avg_latency": 181.92409653185595,
  "total_data_points": 3610,
  "valid_data_points": 3610,
  "data_sources": 4,
  "active_alerts": 2864345,
  "market_signals": 100
}