{
  "timestamp": "2025-08-28T22:10:39.131570",
  "overall_quality": 1.0,
  "avg_latency": 180.6022707261836,
  "total_data_points": 3590,
  "valid_data_points": 3590,
  "data_sources": 4,
  "active_alerts": 1971192,
  "market_signals": 102
}