{
  "timestamp": "2025-08-30T08:53:56.079075",
  "overall_quality": 1.0,
  "avg_latency": 272.0393927748615,
  "total_data_points": 5410,
  "valid_data_points": 5410,
  "data_sources": 4,
  "active_alerts": 2878850,
  "market_signals": 104
}