{
  "timestamp": "2025-08-30T09:04:56.304590",
  "overall_quality": 1.0,
  "avg_latency": 151.91400124224424,
  "total_data_points": 3030,
  "valid_data_points": 3030,
  "data_sources": 4,
  "active_alerts": 2883823,
  "market_signals": 101
}