{
  "timestamp": "2025-08-29T15:11:31.199172",
  "overall_quality": 1.0,
  "avg_latency": 202.73791165384588,
  "total_data_points": 3900,
  "valid_data_points": 3900,
  "data_sources": 4,
  "active_alerts": 2416290,
  "market_signals": 101
}