{
  "timestamp": "2025-08-29T19:44:33.034460",
  "overall_quality": 1.0,
  "avg_latency": 292.0242973135237,
  "total_data_points": 5620,
  "valid_data_points": 5620,
  "data_sources": 4,
  "active_alerts": 2532309,
  "market_signals": 100
}