{
  "timestamp": "2025-08-28T20:00:36.712129",
  "overall_quality": 1.0,
  "avg_latency": 179.53912539860372,
  "total_data_points": 3580,
  "valid_data_points": 3580,
  "data_sources": 4,
  "active_alerts": 1913606,
  "market_signals": 102
}