{
  "timestamp": "2025-08-30T05:01:51.657081",
  "overall_quality": 1.0,
  "avg_latency": 210.46551270095662,
  "total_data_points": 4180,
  "valid_data_points": 4180,
  "data_sources": 4,
  "active_alerts": 2776608,
  "market_signals": 101
}