{
  "timestamp": "2025-08-30T00:39:46.567869",
  "overall_quality": 1.0,
  "avg_latency": 297.87319454256755,
  "total_data_points": 5920,
  "valid_data_points": 5920,
  "data_sources": 4,
  "active_alerts": 2662290,
  "market_signals": 101
}