{
  "timestamp": "2025-08-28T22:26:39.451210",
  "overall_quality": 1.0,
  "avg_latency": 210.8374228828164,
  "total_data_points": 4190,
  "valid_data_points": 4190,
  "data_sources": 4,
  "active_alerts": 1978161,
  "market_signals": 103
}