{
  "timestamp": "2025-08-28T23:05:40.264680",
  "overall_quality": 1.0,
  "avg_latency": 181.21223475055595,
  "total_data_points": 3600,
  "valid_data_points": 3600,
  "data_sources": 4,
  "active_alerts": 1995904,
  "market_signals": 103
}