{
  "timestamp": "2025-08-26T19:06:55.840982",
  "overall_quality": 1.0,
  "avg_latency": 232.84877758906276,
  "total_data_points": 4480,
  "valid_data_points": 4480,
  "data_sources": 4,
  "active_alerts": 654746,
  "market_signals": 102
}