{
  "timestamp": "2025-08-26T15:46:46.965310",
  "overall_quality": 1.0,
  "avg_latency": 230.00640952828024,
  "total_data_points": 4420,
  "valid_data_points": 4420,
  "data_sources": 4,
  "active_alerts": 568768,
  "market_signals": 100
}