{
  "timestamp": "2025-08-27T14:27:42.705342",
  "overall_quality": 1.0,
  "avg_latency": 250.64193116715094,
  "total_data_points": 4810,
  "valid_data_points": 4810,
  "data_sources": 4,
  "active_alerts": 1151839,
  "market_signals": 101
}