{
  "timestamp": "2025-08-26T02:57:59.989091",
  "overall_quality": 1.0,
  "avg_latency": 271.04115716353175,
  "total_data_points": 5210,
  "valid_data_points": 5210,
  "data_sources": 4,
  "active_alerts": 241528,
  "market_signals": 101
}