{
  "timestamp": "2025-08-28T02:28:59.246482",
  "overall_quality": 1.0,
  "avg_latency": 285.84504316554796,
  "total_data_points": 5660,
  "valid_data_points": 5660,
  "data_sources": 4,
  "active_alerts": 1463111,
  "market_signals": 102
}