{
  "timestamp": "2025-08-26T03:37:36.874794",
  "overall_quality": 1.0,
  "avg_latency": 258.743988224451,
  "total_data_points": 4990,
  "valid_data_points": 4990,
  "data_sources": 4,
  "active_alerts": 258101,
  "market_signals": 102
}