{
  "timestamp": "2025-08-29T13:24:51.501372",
  "overall_quality": 1.0,
  "avg_latency": 153.60948172601385,
  "total_data_points": 2960,
  "valid_data_points": 2960,
  "data_sources": 4,
  "active_alerts": 2370936,
  "market_signals": 101
}