{
  "timestamp": "2025-08-30T04:35:51.132790",
  "overall_quality": 1.0,
  "avg_latency": 180.1530235913403,
  "total_data_points": 3580,
  "valid_data_points": 3580,
  "data_sources": 4,
  "active_alerts": 2764993,
  "market_signals": 101
}