{
  "timestamp": "2025-08-25T22:04:33.549914",
  "overall_quality": 1.0,
  "avg_latency": 169.1233678386299,
  "total_data_points": 3210,
  "valid_data_points": 3210,
  "data_sources": 4,
  "active_alerts": 116866,
  "market_signals": 102
}