{
  "timestamp": "2025-08-27T03:56:33.445495",
  "overall_quality": 1.0,
  "avg_latency": 218.96115776500034,
  "total_data_points": 4200,
  "valid_data_points": 4200,
  "data_sources": 4,
  "active_alerts": 880203,
  "market_signals": 102
}