{
  "timestamp": "2025-08-29T14:59:30.056580",
  "overall_quality": 1.0,
  "avg_latency": 292.35002629253955,
  "total_data_points": 5630,
  "valid_data_points": 5630,
  "data_sources": 4,
  "active_alerts": 2411314,
  "market_signals": 102
}