{
  "timestamp": "2025-08-28T21:45:38.609718",
  "overall_quality": 1.0,
  "avg_latency": 180.21810130807813,
  "total_data_points": 3590,
  "valid_data_points": 3590,
  "data_sources": 4,
  "active_alerts": 1960444,
  "market_signals": 101
}