{
  "timestamp": "2025-08-29T14:18:56.618849",
  "overall_quality": 1.0,
  "avg_latency": 276.098735513396,
  "total_data_points": 5300,
  "valid_data_points": 5300,
  "data_sources": 4,
  "active_alerts": 2394108,
  "market_signals": 102
}