{
  "timestamp": "2025-08-29T23:22:45.095388",
  "overall_quality": 1.0,
  "avg_latency": 237.5278264718809,
  "total_data_points": 4730,
  "valid_data_points": 4730,
  "data_sources": 4,
  "active_alerts": 2628548,
  "market_signals": 101
}