{
  "timestamp": "2025-08-26T03:33:35.760098",
  "overall_quality": 1.0,
  "avg_latency": 288.833439946306,
  "total_data_points": 5550,
  "valid_data_points": 5550,
  "data_sources": 4,
  "active_alerts": 256389,
  "market_signals": 102
}