{
  "timestamp": "2025-08-29T23:10:44.842116",
  "overall_quality": 1.0,
  "avg_latency": 177.047360788385,
  "total_data_points": 3530,
  "valid_data_points": 3530,
  "data_sources": 4,
  "active_alerts": 2623351,
  "market_signals": 103
}