{
  "timestamp": "2025-08-29T12:05:43.837485",
  "overall_quality": 1.0,
  "avg_latency": 180.15676634178666,
  "total_data_points": 3470,
  "valid_data_points": 3470,
  "data_sources": 4,
  "active_alerts": 2337002,
  "market_signals": 104
}