{
  "timestamp": "2025-08-30T07:03:54.011187",
  "overall_quality": 1.0,
  "avg_latency": 270.8775614261595,
  "total_data_points": 5390,
  "valid_data_points": 5390,
  "data_sources": 4,
  "active_alerts": 2830538,
  "market_signals": 101
}