{
  "timestamp": "2025-08-28T04:30:36.745530",
  "overall_quality": 1.0,
  "avg_latency": 183.66347465819217,
  "total_data_points": 3540,
  "valid_data_points": 3540,
  "data_sources": 4,
  "active_alerts": 1515647,
  "market_signals": 102
}