{
  "timestamp": "2025-08-26T17:09:33.364664",
  "overall_quality": 1.0,
  "avg_latency": 162.05632699134597,
  "total_data_points": 3120,
  "valid_data_points": 3120,
  "data_sources": 4,
  "active_alerts": 604576,
  "market_signals": 101
}