{
  "timestamp": "2025-08-27T22:31:54.566582",
  "overall_quality": 1.0,
  "avg_latency": 223.82539479932487,
  "total_data_points": 4440,
  "valid_data_points": 4440,
  "data_sources": 4,
  "active_alerts": 1358944,
  "market_signals": 102
}