{
  "timestamp": "2025-08-30T01:58:48.260392",
  "overall_quality": 1.0,
  "avg_latency": 268.57467034307155,
  "total_data_points": 5340,
  "valid_data_points": 5340,
  "data_sources": 4,
  "active_alerts": 2696980,
  "market_signals": 105
}