{
  "timestamp": "2025-08-26T04:15:43.873936",
  "overall_quality": 1.0,
  "avg_latency": 202.34351130714282,
  "total_data_points": 3920,
  "valid_data_points": 3920,
  "data_sources": 4,
  "active_alerts": 274116,
  "market_signals": 100
}