{
  "timestamp": "2025-08-27T23:39:55.828275",
  "overall_quality": 1.0,
  "avg_latency": 164.1328963634972,
  "total_data_points": 3260,
  "valid_data_points": 3260,
  "data_sources": 4,
  "active_alerts": 1388719,
  "market_signals": 101
}