{
  "timestamp": "2025-08-26T06:42:41.351915",
  "overall_quality": 1.0,
  "avg_latency": 260.19924672359986,
  "total_data_points": 5000,
  "valid_data_points": 5000,
  "data_sources": 4,
  "active_alerts": 335986,
  "market_signals": 103
}