{
  "timestamp": "2025-08-25T20:47:45.860349",
  "overall_quality": 1.0,
  "avg_latency": 265.88389775826784,
  "total_data_points": 5080,
  "valid_data_points": 5080,
  "data_sources": 4,
  "active_alerts": 84328,
  "market_signals": 104
}