{
  "timestamp": "2025-08-28T13:21:47.386955",
  "overall_quality": 1.0,
  "avg_latency": 216.3536122374416,
  "total_data_points": 4300,
  "valid_data_points": 4300,
  "data_sources": 4,
  "active_alerts": 1741917,
  "market_signals": 105
}