{
  "timestamp": "2025-08-28T15:54:54.944824",
  "overall_quality": 1.0,
  "avg_latency": 160.0823471644955,
  "total_data_points": 3070,
  "valid_data_points": 3070,
  "data_sources": 4,
  "active_alerts": 1808196,
  "market_signals": 101
}