{
  "timestamp": "2025-08-26T17:58:41.594848",
  "overall_quality": 1.0,
  "avg_latency": 286.04906262381814,
  "total_data_points": 5500,
  "valid_data_points": 5500,
  "data_sources": 4,
  "active_alerts": 625405,
  "market_signals": 103
}