{
  "timestamp": "2025-08-29T08:33:55.609944",
  "overall_quality": 1.0,
  "avg_latency": 277.4299264705995,
  "total_data_points": 5340,
  "valid_data_points": 5340,
  "data_sources": 4,
  "active_alerts": 2246263,
  "market_signals": 101
}