{
  "timestamp": "2025-08-26T09:49:45.588436",
  "overall_quality": 1.0,
  "avg_latency": 171.5366831733336,
  "total_data_points": 3300,
  "valid_data_points": 3300,
  "data_sources": 4,
  "active_alerts": 416063,
  "market_signals": 101
}