{
  "timestamp": "2025-08-26T18:06:43.352020",
  "overall_quality": 1.0,
  "avg_latency": 227.03673230894535,
  "total_data_points": 4360,
  "valid_data_points": 4360,
  "data_sources": 4,
  "active_alerts": 628768,
  "market_signals": 100
}