{
  "timestamp": "2025-08-27T04:00:34.138323",
  "overall_quality": 1.0,
  "avg_latency": 189.06233357994438,
  "total_data_points": 3640,
  "valid_data_points": 3640,
  "data_sources": 4,
  "active_alerts": 881878,
  "market_signals": 101
}