{
  "timestamp": "2025-08-26T11:54:36.067187",
  "overall_quality": 1.0,
  "avg_latency": 165.6225231332286,
  "total_data_points": 3190,
  "valid_data_points": 3190,
  "data_sources": 4,
  "active_alerts": 470214,
  "market_signals": 100
}