{
  "timestamp": "2025-08-26T12:18:40.019658",
  "overall_quality": 1.0,
  "avg_latency": 287.22087161567555,
  "total_data_points": 5550,
  "valid_data_points": 5550,
  "data_sources": 4,
  "active_alerts": 480102,
  "market_signals": 102
}