{
  "timestamp": "2025-08-28T12:35:46.503885",
  "overall_quality": 1.0,
  "avg_latency": 185.8340064351349,
  "total_data_points": 3700,
  "valid_data_points": 3700,
  "data_sources": 4,
  "active_alerts": 1721949,
  "market_signals": 105
}