{
  "timestamp": "2025-08-28T18:18:34.838476",
  "overall_quality": 1.0,
  "avg_latency": 269.2546842816822,
  "total_data_points": 5350,
  "valid_data_points": 5350,
  "data_sources": 4,
  "active_alerts": 1869365,
  "market_signals": 100
}