{
  "timestamp": "2025-08-27T15:36:53.434015",
  "overall_quality": 1.0,
  "avg_latency": 225.04135770300283,
  "total_data_points": 4330,
  "valid_data_points": 4330,
  "data_sources": 4,
  "active_alerts": 1181257,
  "market_signals": 100
}