{
  "timestamp": "2025-08-29T20:09:35.104447",
  "overall_quality": 1.0,
  "avg_latency": 293.2588206874102,
  "total_data_points": 5640,
  "valid_data_points": 5640,
  "data_sources": 4,
  "active_alerts": 2543174,
  "market_signals": 101
}