{
  "timestamp": "2025-08-28T09:24:35.184396",
  "overall_quality": 1.0,
  "avg_latency": 151.47365805261379,
  "total_data_points": 2908,
  "valid_data_points": 2908,
  "data_sources": 4,
  "active_alerts": 1641064,
  "market_signals": 102
}