{
  "timestamp": "2025-08-28T13:38:47.692631",
  "overall_quality": 1.0,
  "avg_latency": 276.3308287785064,
  "total_data_points": 5490,
  "valid_data_points": 5490,
  "data_sources": 4,
  "active_alerts": 1749463,
  "market_signals": 101
}