{
  "timestamp": "2025-08-28T11:05:42.776092",
  "overall_quality": 1.0,
  "avg_latency": 184.8235189185922,
  "total_data_points": 3550,
  "valid_data_points": 3550,
  "data_sources": 4,
  "active_alerts": 1683254,
  "market_signals": 102
}