{
  "timestamp": "2025-08-26T17:25:35.907558",
  "overall_quality": 1.0,
  "avg_latency": 193.76734308951615,
  "total_data_points": 3720,
  "valid_data_points": 3720,
  "data_sources": 4,
  "active_alerts": 611462,
  "market_signals": 102
}