{
  "timestamp": "2025-08-28T08:36:31.273034",
  "overall_quality": 1.0,
  "avg_latency": 209.59586974565778,
  "total_data_points": 4030,
  "valid_data_points": 4030,
  "data_sources": 4,
  "active_alerts": 1620355,
  "market_signals": 103
}