{
  "timestamp": "2025-08-25T17:44:52.204836",
  "overall_quality": 1.0,
  "avg_latency": 180.0262123301681,
  "total_data_points": 3580,
  "valid_data_points": 3580,
  "data_sources": 4,
  "active_alerts": 4753,
  "market_signals": 101
}