{
  "timestamp": "2025-08-29T01:49:43.367135",
  "overall_quality": 1.0,
  "avg_latency": 152.27905027227712,
  "total_data_points": 3030,
  "valid_data_points": 3030,
  "data_sources": 4,
  "active_alerts": 2068607,
  "market_signals": 101
}