{
  "timestamp": "2025-08-27T21:01:48.472004",
  "overall_quality": 1.0,
  "avg_latency": 220.96896762752905,
  "total_data_points": 4250,
  "valid_data_points": 4250,
  "data_sources": 4,
  "active_alerts": 1319274,
  "market_signals": 102
}