{
  "timestamp": "2025-08-30T02:45:49.153747",
  "overall_quality": 1.0,
  "avg_latency": 178.63371910477528,
  "total_data_points": 3560,
  "valid_data_points": 3560,
  "data_sources": 4,
  "active_alerts": 2718145,
  "market_signals": 103
}