{
  "timestamp": "2025-08-29T21:25:41.926331",
  "overall_quality": 1.0,
  "avg_latency": 176.1430686581121,
  "total_data_points": 3390,
  "valid_data_points": 3390,
  "data_sources": 4,
  "active_alerts": 2575955,
  "market_signals": 101
}