{
  "timestamp": "2025-08-26T09:22:40.953027",
  "overall_quality": 1.0,
  "avg_latency": 259.3304636628512,
  "total_data_points": 4980,
  "valid_data_points": 4980,
  "data_sources": 4,
  "active_alerts": 404509,
  "market_signals": 100
}