{
  "timestamp": "2025-08-26T03:04:30.699806",
  "overall_quality": 1.0,
  "avg_latency": 166.16473792218756,
  "total_data_points": 3200,
  "valid_data_points": 3200,
  "data_sources": 4,
  "active_alerts": 244283,
  "market_signals": 101
}