{
  "timestamp": "2025-08-29T02:26:44.086843",
  "overall_quality": 1.0,
  "avg_latency": 212.3019112758867,
  "total_data_points": 4230,
  "valid_data_points": 4230,
  "data_sources": 4,
  "active_alerts": 2084725,
  "market_signals": 102
}