{
  "timestamp": "2025-08-28T20:51:37.647165",
  "overall_quality": 1.0,
  "avg_latency": 210.13820400478454,
  "total_data_points": 4180,
  "valid_data_points": 4180,
  "data_sources": 4,
  "active_alerts": 1935859,
  "market_signals": 101
}