{
  "timestamp": "2025-08-26T14:05:59.370831",
  "overall_quality": 1.0,
  "avg_latency": 207.4348782050251,
  "total_data_points": 3980,
  "valid_data_points": 3980,
  "data_sources": 4,
  "active_alerts": 525783,
  "market_signals": 100
}