{
  "timestamp": "2025-08-29T09:45:32.076945",
  "overall_quality": 1.0,
  "avg_latency": 175.5293468501481,
  "total_data_points": 3370,
  "valid_data_points": 3370,
  "data_sources": 4,
  "active_alerts": 2276996,
  "market_signals": 103
}