{
  "timestamp": "2025-08-27T00:05:52.464570",
  "overall_quality": 1.0,
  "avg_latency": 199.3752074432292,
  "total_data_points": 3840,
  "valid_data_points": 3840,
  "data_sources": 4,
  "active_alerts": 781105,
  "market_signals": 102
}