{
  "timestamp": "2025-08-27T18:37:57.028230",
  "overall_quality": 1.0,
  "avg_latency": 255.89825348983703,
  "total_data_points": 4920,
  "valid_data_points": 4920,
  "data_sources": 4,
  "active_alerts": 1258513,
  "market_signals": 100
}