{
  "timestamp": "2025-08-26T23:01:39.817119",
  "overall_quality": 1.0,
  "avg_latency": 223.3669889876747,
  "total_data_points": 4300,
  "valid_data_points": 4300,
  "data_sources": 4,
  "active_alerts": 754399,
  "market_signals": 102
}