{
  "timestamp": "2025-08-26T00:43:35.351804",
  "overall_quality": 1.0,
  "avg_latency": 289.30837170197896,
  "total_data_points": 5560,
  "valid_data_points": 5560,
  "data_sources": 4,
  "active_alerts": 184305,
  "market_signals": 101
}