{
  "timestamp": "2025-08-26T11:11:58.393577",
  "overall_quality": 1.0,
  "avg_latency": 237.24813088618444,
  "total_data_points": 4560,
  "valid_data_points": 4560,
  "data_sources": 4,
  "active_alerts": 451759,
  "market_signals": 102
}