{
  "timestamp": "2025-08-27T19:10:32.641356",
  "overall_quality": 1.0,
  "avg_latency": 183.47891752577925,
  "total_data_points": 3530,
  "valid_data_points": 3530,
  "data_sources": 4,
  "active_alerts": 1272275,
  "market_signals": 101
}