{
  "timestamp": "2025-08-26T00:31:33.665271",
  "overall_quality": 1.0,
  "avg_latency": 228.76353327038728,
  "total_data_points": 4390,
  "valid_data_points": 4390,
  "data_sources": 4,
  "active_alerts": 179492,
  "market_signals": 100
}