{
  "timestamp": "2025-08-29T23:29:45.223606",
  "overall_quality": 1.0,
  "avg_latency": 297.5893551255495,
  "total_data_points": 5910,
  "valid_data_points": 5910,
  "data_sources": 4,
  "active_alerts": 2631572,
  "market_signals": 102
}