{
  "timestamp": "2025-08-27T09:00:49.350897",
  "overall_quality": 1.0,
  "avg_latency": 195.1685745412236,
  "total_data_points": 3760,
  "valid_data_points": 3760,
  "data_sources": 4,
  "active_alerts": 1011363,
  "market_signals": 100
}