{
  "timestamp": "2025-08-27T01:00:32.073613",
  "overall_quality": 1.0,
  "avg_latency": 189.07183696785714,
  "total_data_points": 3640,
  "valid_data_points": 3640,
  "data_sources": 4,
  "active_alerts": 804832,
  "market_signals": 101
}