{
  "timestamp": "2025-08-28T17:37:33.278967",
  "overall_quality": 1.0,
  "avg_latency": 238.4631634409328,
  "total_data_points": 4588,
  "valid_data_points": 4588,
  "data_sources": 4,
  "active_alerts": 1852165,
  "market_signals": 102
}