{
  "timestamp": "2025-08-27T21:28:51.664906",
  "overall_quality": 1.0,
  "avg_latency": 282.40021059981575,
  "total_data_points": 5430,
  "valid_data_points": 5430,
  "data_sources": 4,
  "active_alerts": 1330771,
  "market_signals": 101
}