{
  "timestamp": "2025-08-29T21:42:42.838481",
  "overall_quality": 1.0,
  "avg_latency": 236.39289159575392,
  "total_data_points": 4710,
  "valid_data_points": 4710,
  "data_sources": 4,
  "active_alerts": 2583059,
  "market_signals": 100
}