{
  "timestamp": "2025-08-28T09:07:33.822228",
  "overall_quality": 1.0,
  "avg_latency": 239.97773816107562,
  "total_data_points": 4650,
  "valid_data_points": 4650,
  "data_sources": 4,
  "active_alerts": 1633469,
  "market_signals": 101
}