{
  "timestamp": "2025-08-26T07:08:45.689548",
  "overall_quality": 1.0,
  "avg_latency": 292.56272914448385,
  "total_data_points": 5620,
  "valid_data_points": 5620,
  "data_sources": 4,
  "active_alerts": 347219,
  "market_signals": 101
}