{
  "timestamp": "2025-08-30T02:08:48.476474",
  "overall_quality": 1.0,
  "avg_latency": 269.0568437697199,
  "total_data_points": 5350,
  "valid_data_points": 5350,
  "data_sources": 4,
  "active_alerts": 2701485,
  "market_signals": 103
}