{
  "timestamp": "2025-08-26T12:05:37.938977",
  "overall_quality": 1.0,
  "avg_latency": 196.77069331926128,
  "total_data_points": 3790,
  "valid_data_points": 3790,
  "data_sources": 4,
  "active_alerts": 474818,
  "market_signals": 102
}