{
  "timestamp": "2025-08-26T17:41:38.873041",
  "overall_quality": 1.0,
  "avg_latency": 224.8849986657406,
  "total_data_points": 4320,
  "valid_data_points": 4320,
  "data_sources": 4,
  "active_alerts": 618301,
  "market_signals": 101
}