{
  "timestamp": "2025-08-28T14:26:48.626849",
  "overall_quality": 1.0,
  "avg_latency": 216.60039533109057,
  "total_data_points": 4310,
  "valid_data_points": 4310,
  "data_sources": 4,
  "active_alerts": 1770661,
  "market_signals": 101
}