{
  "timestamp": "2025-08-27T11:51:46.711392",
  "overall_quality": 1.0,
  "avg_latency": 223.24711513255792,
  "total_data_points": 4300,
  "valid_data_points": 4300,
  "data_sources": 4,
  "active_alerts": 1085128,
  "market_signals": 101
}