{
  "timestamp": "2025-08-29T22:59:44.594532",
  "overall_quality": 1.0,
  "avg_latency": 297.2915557253803,
  "total_data_points": 5910,
  "valid_data_points": 5910,
  "data_sources": 4,
  "active_alerts": 2618079,
  "market_signals": 101
}