{
  "timestamp": "2025-08-26T21:03:47.431942",
  "overall_quality": 1.0,
  "avg_latency": 288.17975815569673,
  "total_data_points": 5530,
  "valid_data_points": 5530,
  "data_sources": 4,
  "active_alerts": 704517,
  "market_signals": 101
}