{
  "timestamp": "2025-08-28T16:06:55.986717",
  "overall_quality": 1.0,
  "avg_latency": 220.2030826327827,
  "total_data_points": 4240,
  "valid_data_points": 4240,
  "data_sources": 4,
  "active_alerts": 1813419,
  "market_signals": 103
}