{
  "timestamp": "2025-08-26T12:48:46.298373",
  "overall_quality": 1.0,
  "avg_latency": 290.8553602969594,
  "total_data_points": 5590,
  "valid_data_points": 5590,
  "data_sources": 4,
  "active_alerts": 492355,
  "market_signals": 105
}