{
  "timestamp": "2025-08-28T19:50:36.531223",
  "overall_quality": 1.0,
  "avg_latency": 179.36726892408976,
  "total_data_points": 3570,
  "valid_data_points": 3570,
  "data_sources": 4,
  "active_alerts": 1909323,
  "market_signals": 102
}