{
  "timestamp": "2025-08-30T06:43:53.657235",
  "overall_quality": 1.0,
  "avg_latency": 271.0720129749527,
  "total_data_points": 5390,
  "valid_data_points": 5390,
  "data_sources": 4,
  "active_alerts": 2821624,
  "market_signals": 101
}