{
  "timestamp": "2025-08-26T13:55:57.363934",
  "overall_quality": 1.0,
  "avg_latency": 206.03965442141106,
  "total_data_points": 3970,
  "valid_data_points": 3970,
  "data_sources": 4,
  "active_alerts": 521152,
  "market_signals": 100
}