{
  "timestamp": "2025-08-30T02:40:49.072263",
  "overall_quality": 1.0,
  "avg_latency": 179.29124939494434,
  "total_data_points": 3560,
  "valid_data_points": 3560,
  "data_sources": 4,
  "active_alerts": 2715981,
  "market_signals": 102
}