{
  "timestamp": "2025-08-30T04:16:50.786955",
  "overall_quality": 1.0,
  "avg_latency": 209.65872267649843,
  "total_data_points": 4170,
  "valid_data_points": 4170,
  "data_sources": 4,
  "active_alerts": 2756819,
  "market_signals": 102
}