{
  "timestamp": "2025-08-28T10:09:38.565877",
  "overall_quality": 1.0,
  "avg_latency": 152.5043247006825,
  "total_data_points": 2930,
  "valid_data_points": 2930,
  "data_sources": 4,
  "active_alerts": 1659761,
  "market_signals": 102
}