{
  "timestamp": "2025-08-28T11:00:42.319995",
  "overall_quality": 1.0,
  "avg_latency": 184.45701225932223,
  "total_data_points": 3540,
  "valid_data_points": 3540,
  "data_sources": 4,
  "active_alerts": 1681154,
  "market_signals": 101
}