{
  "timestamp": "2025-08-29T22:29:43.930658",
  "overall_quality": 1.0,
  "avg_latency": 297.06129767660997,
  "total_data_points": 5900,
  "valid_data_points": 5900,
  "data_sources": 4,
  "active_alerts": 2604593,
  "market_signals": 104
}