{
  "timestamp": "2025-08-29T16:36:40.456807",
  "overall_quality": 1.0,
  "avg_latency": 207.34426638115576,
  "total_data_points": 3980,
  "valid_data_points": 3980,
  "data_sources": 4,
  "active_alerts": 2451692,
  "market_signals": 101
}