{
  "timestamp": "2025-08-25T21:55:30.599206",
  "overall_quality": 1.0,
  "avg_latency": 198.18130721164056,
  "total_data_points": 3780,
  "valid_data_points": 3780,
  "data_sources": 4,
  "active_alerts": 112984,
  "market_signals": 101
}