{
  "timestamp": "2025-08-30T07:26:54.392611",
  "overall_quality": 1.0,
  "avg_latency": 210.76644460833398,
  "total_data_points": 4200,
  "valid_data_points": 4200,
  "data_sources": 4,
  "active_alerts": 2840649,
  "market_signals": 100
}