{
  "timestamp": "2025-08-28T13:06:47.054727",
  "overall_quality": 1.0,
  "avg_latency": 216.23608968627872,
  "total_data_points": 4300,
  "valid_data_points": 4300,
  "data_sources": 4,
  "active_alerts": 1735250,
  "market_signals": 102
}