{
  "timestamp": "2025-08-26T19:13:56.872378",
  "overall_quality": 1.0,
  "avg_latency": 293.78958153741047,
  "total_data_points": 5640,
  "valid_data_points": 5640,
  "data_sources": 4,
  "active_alerts": 657577,
  "market_signals": 100
}