{
  "timestamp": "2025-08-27T11:50:46.548843",
  "overall_quality": 1.0,
  "avg_latency": 193.24563575456966,
  "total_data_points": 3720,
  "valid_data_points": 3720,
  "data_sources": 4,
  "active_alerts": 1084699,
  "market_signals": 102
}