{
  "timestamp": "2025-08-27T21:08:49.290667",
  "overall_quality": 1.0,
  "avg_latency": 281.90446009315974,
  "total_data_points": 5410,
  "valid_data_points": 5410,
  "data_sources": 4,
  "active_alerts": 1322269,
  "market_signals": 100
}