{
  "timestamp": "2025-08-26T09:47:45.204381",
  "overall_quality": 1.0,
  "avg_latency": 261.2830053896403,
  "total_data_points": 5020,
  "valid_data_points": 5020,
  "data_sources": 4,
  "active_alerts": 415264,
  "market_signals": 100
}