{
  "timestamp": "2025-08-28T18:14:34.761531",
  "overall_quality": 1.0,
  "avg_latency": 299.2764448112803,
  "total_data_points": 5940,
  "valid_data_points": 5940,
  "data_sources": 4,
  "active_alerts": 1867751,
  "market_signals": 101
}