{
  "timestamp": "2025-08-29T08:13:54.087918",
  "overall_quality": 1.0,
  "avg_latency": 279.01220120627227,
  "total_data_points": 5420,
  "valid_data_points": 5420,
  "data_sources": 4,
  "active_alerts": 2237839,
  "market_signals": 101
}