{
  "timestamp": "2025-08-27T01:49:40.358801",
  "overall_quality": 1.0,
  "avg_latency": 162.73921282784838,
  "total_data_points": 3160,
  "valid_data_points": 3160,
  "data_sources": 4,
  "active_alerts": 826131,
  "market_signals": 103
}