{
  "timestamp": "2025-08-28T00:46:57.061650",
  "overall_quality": 1.0,
  "avg_latency": 225.05812235033565,
  "total_data_points": 4470,
  "valid_data_points": 4470,
  "data_sources": 4,
  "active_alerts": 1418168,
  "market_signals": 102
}