{
  "timestamp": "2025-08-28T13:25:47.463865",
  "overall_quality": 1.0,
  "avg_latency": 186.3069839091644,
  "total_data_points": 3710,
  "valid_data_points": 3710,
  "data_sources": 4,
  "active_alerts": 1743714,
  "market_signals": 103
}