{
  "timestamp": "2025-08-29T00:50:42.162314",
  "overall_quality": 1.0,
  "avg_latency": 181.73919630165764,
  "total_data_points": 3620,
  "valid_data_points": 3620,
  "data_sources": 4,
  "active_alerts": 2043090,
  "market_signals": 103
}