{
  "timestamp": "2025-08-30T03:39:50.110382",
  "overall_quality": 1.0,
  "avg_latency": 299.80087296392617,
  "total_data_points": 5960,
  "valid_data_points": 5960,
  "data_sources": 4,
  "active_alerts": 2741060,
  "market_signals": 103
}