{
  "timestamp": "2025-08-27T22:38:54.692200",
  "overall_quality": 1.0,
  "avg_latency": 283.79997015726883,
  "total_data_points": 5640,
  "valid_data_points": 5640,
  "data_sources": 4,
  "active_alerts": 1362027,
  "market_signals": 102
}