{
  "timestamp": "2025-08-26T00:22:32.296514",
  "overall_quality": 1.0,
  "avg_latency": 257.8520300870969,
  "total_data_points": 4960,
  "valid_data_points": 4960,
  "data_sources": 4,
  "active_alerts": 176033,
  "market_signals": 102
}