{
  "timestamp": "2025-08-27T20:46:47.115986",
  "overall_quality": 1.0,
  "avg_latency": 220.77257781603865,
  "total_data_points": 4240,
  "valid_data_points": 4240,
  "data_sources": 4,
  "active_alerts": 1312839,
  "market_signals": 101
}