{
  "timestamp": "2025-08-29T03:22:45.208395",
  "overall_quality": 1.0,
  "avg_latency": 243.39345646004122,
  "total_data_points": 4830,
  "valid_data_points": 4830,
  "data_sources": 4,
  "active_alerts": 2109849,
  "market_signals": 100
}