{
  "timestamp": "2025-08-27T03:34:59.742366",
  "overall_quality": 1.0,
  "avg_latency": 172.0906852927489,
  "total_data_points": 3310,
  "valid_data_points": 3310,
  "data_sources": 4,
  "active_alerts": 871170,
  "market_signals": 100
}