{
  "timestamp": "2025-08-28T08:56:33.041816",
  "overall_quality": 1.0,
  "avg_latency": 209.9437751249996,
  "total_data_points": 4040,
  "valid_data_points": 4040,
  "data_sources": 4,
  "active_alerts": 1628899,
  "market_signals": 102
}