{
  "timestamp": "2025-08-27T10:22:32.722233",
  "overall_quality": 1.0,
  "avg_latency": 246.6827848955784,
  "total_data_points": 4750,
  "valid_data_points": 4750,
  "data_sources": 4,
  "active_alerts": 1046404,
  "market_signals": 100
}