{
  "timestamp": "2025-08-28T01:38:58.106128",
  "overall_quality": 1.0,
  "avg_latency": 285.4645301962958,
  "total_data_points": 5670,
  "valid_data_points": 5670,
  "data_sources": 4,
  "active_alerts": 1441108,
  "market_signals": 101
}