{
  "timestamp": "2025-08-26T20:15:38.784898",
  "overall_quality": 1.0,
  "avg_latency": 194.03425626219806,
  "total_data_points": 3730,
  "valid_data_points": 3730,
  "data_sources": 4,
  "active_alerts": 684092,
  "market_signals": 102
}