{
  "timestamp": "2025-08-28T13:31:47.573468",
  "overall_quality": 1.0,
  "avg_latency": 216.98078919511704,
  "total_data_points": 4300,
  "valid_data_points": 4300,
  "data_sources": 4,
  "active_alerts": 1746333,
  "market_signals": 101
}