{
  "timestamp": "2025-08-27T17:55:49.976098",
  "overall_quality": 1.0,
  "avg_latency": 193.09222133604337,
  "total_data_points": 3690,
  "valid_data_points": 3690,
  "data_sources": 4,
  "active_alerts": 1240454,
  "market_signals": 101
}