{
  "timestamp": "2025-08-28T16:19:56.956538",
  "overall_quality": 1.0,
  "avg_latency": 160.703460113269,
  "total_data_points": 3090,
  "valid_data_points": 3090,
  "data_sources": 4,
  "active_alerts": 1819002,
  "market_signals": 101
}