{
  "timestamp": "2025-08-26T07:59:54.705110",
  "overall_quality": 1.0,
  "avg_latency": 176.44234232831863,
  "total_data_points": 3390,
  "valid_data_points": 3390,
  "data_sources": 4,
  "active_alerts": 369914,
  "market_signals": 100
}