{
  "timestamp": "2025-08-27T17:35:46.476221",
  "overall_quality": 1.0,
  "avg_latency": 190.97368623460528,
  "total_data_points": 3670,
  "valid_data_points": 3670,
  "data_sources": 4,
  "active_alerts": 1231844,
  "market_signals": 100
}