{
  "timestamp": "2025-08-27T09:34:55.026674",
  "overall_quality": 1.0,
  "avg_latency": 168.17300613962868,
  "total_data_points": 3230,
  "valid_data_points": 3230,
  "data_sources": 4,
  "active_alerts": 1025833,
  "market_signals": 102
}