{
  "timestamp": "2025-08-29T00:14:41.487522",
  "overall_quality": 1.0,
  "avg_latency": 151.75215051258272,
  "total_data_points": 3020,
  "valid_data_points": 3020,
  "data_sources": 4,
  "active_alerts": 2026747,
  "market_signals": 104
}