{
  "timestamp": "2025-08-27T07:48:39.121550",
  "overall_quality": 1.0,
  "avg_latency": 280.6740401144707,
  "total_data_points": 5390,
  "valid_data_points": 5390,
  "data_sources": 4,
  "active_alerts": 980847,
  "market_signals": 100
}