{
  "timestamp": "2025-08-25T17:41:52.111990",
  "overall_quality": 1.0,
  "avg_latency": 239.77743686037783,
  "total_data_points": 4770,
  "valid_data_points": 4770,
  "data_sources": 4,
  "active_alerts": 3517,
  "market_signals": 103
}