{
  "timestamp": "2025-08-29T12:28:45.979871",
  "overall_quality": 1.0,
  "avg_latency": 271.4426109130518,
  "total_data_points": 5210,
  "valid_data_points": 5210,
  "data_sources": 4,
  "active_alerts": 2346497,
  "market_signals": 100
}