{
  "timestamp": "2025-08-27T08:45:47.604804",
  "overall_quality": 1.0,
  "avg_latency": 194.08678069171108,
  "total_data_points": 3740,
  "valid_data_points": 3740,
  "data_sources": 4,
  "active_alerts": 1004705,
  "market_signals": 104
}