{
  "timestamp": "2025-08-27T04:14:36.326541",
  "overall_quality": 1.0,
  "avg_latency": 160.5387705185065,
  "total_data_points": 3080,
  "valid_data_points": 3080,
  "data_sources": 4,
  "active_alerts": 887876,
  "market_signals": 100
}