{
  "timestamp": "2025-08-29T14:55:59.682204",
  "overall_quality": 1.0,
  "avg_latency": 187.58393382805542,
  "total_data_points": 3600,
  "valid_data_points": 3600,
  "data_sources": 4,
  "active_alerts": 2409932,
  "market_signals": 101
}