{
  "timestamp": "2025-08-29T19:43:32.943458",
  "overall_quality": 1.0,
  "avg_latency": 262.0919600083336,
  "total_data_points": 5040,
  "valid_data_points": 5040,
  "data_sources": 4,
  "active_alerts": 2531888,
  "market_signals": 101
}