{
  "timestamp": "2025-08-25T19:12:55.492971",
  "overall_quality": 1.0,
  "avg_latency": 272.804469518009,
  "total_data_points": 5220,
  "valid_data_points": 5220,
  "data_sources": 4,
  "active_alerts": 44182,
  "market_signals": 100
}