{
  "timestamp": "2025-08-29T03:18:45.127934",
  "overall_quality": 1.0,
  "avg_latency": 272.79357956519345,
  "total_data_points": 5430,
  "valid_data_points": 5430,
  "data_sources": 4,
  "active_alerts": 2108048,
  "market_signals": 101
}