{
  "timestamp": "2025-08-28T18:19:34.863537",
  "overall_quality": 1.0,
  "avg_latency": 299.1017991357983,
  "total_data_points": 5950,
  "valid_data_points": 5950,
  "data_sources": 4,
  "active_alerts": 1869784,
  "market_signals": 101
}