{
  "timestamp": "2025-08-29T17:40:48.248756",
  "overall_quality": 1.0,
  "avg_latency": 180.47360011379297,
  "total_data_points": 3480,
  "valid_data_points": 3480,
  "data_sources": 4,
  "active_alerts": 2479392,
  "market_signals": 102
}