{
  "timestamp": "2025-08-26T03:28:34.546901",
  "overall_quality": 1.0,
  "avg_latency": 288.0341303616203,
  "total_data_points": 5550,
  "valid_data_points": 5550,
  "data_sources": 4,
  "active_alerts": 254132,
  "market_signals": 101
}