{
  "timestamp": "2025-08-30T02:58:49.388365",
  "overall_quality": 1.0,
  "avg_latency": 269.0829188848874,
  "total_data_points": 5360,
  "valid_data_points": 5360,
  "data_sources": 4,
  "active_alerts": 2723582,
  "market_signals": 103
}