{
  "timestamp": "2025-08-28T17:13:31.426315",
  "overall_quality": 1.0,
  "avg_latency": 267.5989342056419,
  "total_data_points": 5140,
  "valid_data_points": 5140,
  "data_sources": 4,
  "active_alerts": 1841880,
  "market_signals": 101
}