{
  "timestamp": "2025-08-29T05:13:47.428173",
  "overall_quality": 1.0,
  "avg_latency": 274.00880076874927,
  "total_data_points": 5440,
  "valid_data_points": 5440,
  "data_sources": 4,
  "active_alerts": 2158525,
  "market_signals": 103
}