{
  "timestamp": "2025-08-27T20:42:46.866958",
  "overall_quality": 1.0,
  "avg_latency": 250.43060368814866,
  "total_data_points": 4810,
  "valid_data_points": 4810,
  "data_sources": 4,
  "active_alerts": 1311147,
  "market_signals": 100
}