{
  "timestamp": "2025-08-27T12:50:57.104966",
  "overall_quality": 1.0,
  "avg_latency": 198.19580834356984,
  "total_data_points": 3810,
  "valid_data_points": 3810,
  "data_sources": 4,
  "active_alerts": 1109915,
  "market_signals": 102
}