{
  "timestamp": "2025-08-27T16:06:30.065569",
  "overall_quality": 1.0,
  "avg_latency": 213.4814943424391,
  "total_data_points": 4100,
  "valid_data_points": 4100,
  "data_sources": 4,
  "active_alerts": 1193989,
  "market_signals": 100
}