{
  "timestamp": "2025-08-29T10:01:33.423795",
  "overall_quality": 1.0,
  "avg_latency": 205.7207469088386,
  "total_data_points": 3960,
  "valid_data_points": 3960,
  "data_sources": 4,
  "active_alerts": 2283912,
  "market_signals": 101
}