{
  "timestamp": "2025-08-27T18:23:54.645511",
  "overall_quality": 1.0,
  "avg_latency": 285.0878472067519,
  "total_data_points": 5480,
  "valid_data_points": 5480,
  "data_sources": 4,
  "active_alerts": 1252438,
  "market_signals": 100
}