{
  "timestamp": "2025-08-28T14:13:48.399905",
  "overall_quality": 1.0,
  "avg_latency": 276.8089050081661,
  "total_data_points": 5510,
  "valid_data_points": 5510,
  "data_sources": 4,
  "active_alerts": 1765078,
  "market_signals": 101
}