{
  "timestamp": "2025-08-28T18:28:35.024045",
  "overall_quality": 1.0,
  "avg_latency": 268.9260222723365,
  "total_data_points": 5350,
  "valid_data_points": 5350,
  "data_sources": 4,
  "active_alerts": 1873633,
  "market_signals": 101
}