{
  "timestamp": "2025-08-29T18:09:52.148434",
  "overall_quality": 1.0,
  "avg_latency": 152.4584981334472,
  "total_data_points": 2930,
  "valid_data_points": 2930,
  "data_sources": 4,
  "active_alerts": 2491643,
  "market_signals": 102
}