{
  "timestamp": "2025-08-26T06:45:42.089233",
  "overall_quality": 1.0,
  "avg_latency": 200.65833371036257,
  "total_data_points": 3860,
  "valid_data_points": 3860,
  "data_sources": 4,
  "active_alerts": 337087,
  "market_signals": 103
}