{
  "timestamp": "2025-08-26T08:59:36.479780",
  "overall_quality": 1.0,
  "avg_latency": 167.0169640726711,
  "total_data_points": 3220,
  "valid_data_points": 3220,
  "data_sources": 4,
  "active_alerts": 394409,
  "market_signals": 101
}