{
  "timestamp": "2025-08-28T05:28:42.405734",
  "overall_quality": 1.0,
  "avg_latency": 276.25052545563926,
  "total_data_points": 5320,
  "valid_data_points": 5320,
  "data_sources": 4,
  "active_alerts": 1540978,
  "market_signals": 101
}