{
  "timestamp": "2025-08-30T07:28:54.422201",
  "overall_quality": 1.0,
  "avg_latency": 270.95876904897943,
  "total_data_points": 5390,
  "valid_data_points": 5390,
  "data_sources": 4,
  "active_alerts": 2841458,
  "market_signals": 104
}