{
  "timestamp": "2025-08-26T16:45:58.478071",
  "overall_quality": 1.0,
  "avg_latency": 205.31769056151853,
  "total_data_points": 3950,
  "valid_data_points": 3950,
  "data_sources": 4,
  "active_alerts": 594483,
  "market_signals": 102
}