{
  "timestamp": "2025-08-26T09:15:39.745619",
  "overall_quality": 1.0,
  "avg_latency": 198.52032086089275,
  "total_data_points": 3810,
  "valid_data_points": 3810,
  "data_sources": 4,
  "active_alerts": 401609,
  "market_signals": 102
}