{
  "timestamp": "2025-08-30T01:09:47.220379",
  "overall_quality": 1.0,
  "avg_latency": 298.240402308417,
  "total_data_points": 5940,
  "valid_data_points": 5940,
  "data_sources": 4,
  "active_alerts": 2675666,
  "market_signals": 100
}