{
  "timestamp": "2025-08-30T08:40:55.788830",
  "overall_quality": 1.0,
  "avg_latency": 181.61841498227153,
  "total_data_points": 3610,
  "valid_data_points": 3610,
  "data_sources": 4,
  "active_alerts": 2873097,
  "market_signals": 102
}