{
  "timestamp": "2025-08-30T03:34:50.028895",
  "overall_quality": 1.0,
  "avg_latency": 299.30850369748316,
  "total_data_points": 5960,
  "valid_data_points": 5960,
  "data_sources": 4,
  "active_alerts": 2738929,
  "market_signals": 102
}