{
  "timestamp": "2025-08-30T06:19:53.244883",
  "overall_quality": 1.0,
  "avg_latency": 150.37541712399994,
  "total_data_points": 3000,
  "valid_data_points": 3000,
  "data_sources": 4,
  "active_alerts": 2811334,
  "market_signals": 102
}