{
  "timestamp": "2025-08-26T01:18:41.442274",
  "overall_quality": 1.0,
  "avg_latency": 292.15558942704604,
  "total_data_points": 5620,
  "valid_data_points": 5620,
  "data_sources": 4,
  "active_alerts": 199137,
  "market_signals": 101
}