{
  "timestamp": "2025-08-28T04:35:37.364540",
  "overall_quality": 1.0,
  "avg_latency": 184.20023250169447,
  "total_data_points": 3540,
  "valid_data_points": 3540,
  "data_sources": 4,
  "active_alerts": 1517851,
  "market_signals": 102
}