{
  "timestamp": "2025-08-25T23:34:50.766399",
  "overall_quality": 1.0,
  "avg_latency": 177.8387527155422,
  "total_data_points": 3410,
  "valid_data_points": 3410,
  "data_sources": 4,
  "active_alerts": 155890,
  "market_signals": 103
}