{
  "timestamp": "2025-08-26T11:38:33.527403",
  "overall_quality": 1.0,
  "avg_latency": 284.86883515091176,
  "total_data_points": 5480,
  "valid_data_points": 5480,
  "data_sources": 4,
  "active_alerts": 463449,
  "market_signals": 102
}