{
  "timestamp": "2025-08-28T04:27:36.552789",
  "overall_quality": 1.0,
  "avg_latency": 243.63164153134343,
  "total_data_points": 4690,
  "valid_data_points": 4690,
  "data_sources": 4,
  "active_alerts": 1514396,
  "market_signals": 101
}