{
  "timestamp": "2025-08-27T15:33:52.947578",
  "overall_quality": 1.0,
  "avg_latency": 285.3866329809874,
  "total_data_points": 5470,
  "valid_data_points": 5470,
  "data_sources": 4,
  "active_alerts": 1179953,
  "market_signals": 100
}