{
  "timestamp": "2025-08-26T01:07:38.791442",
  "overall_quality": 1.0,
  "avg_latency": 260.94154141215233,
  "total_data_points": 5020,
  "valid_data_points": 5020,
  "data_sources": 4,
  "active_alerts": 194574,
  "market_signals": 102
}