{
  "timestamp": "2025-08-26T02:52:59.030878",
  "overall_quality": 1.0,
  "avg_latency": 270.19024459538406,
  "total_data_points": 5200,
  "valid_data_points": 5200,
  "data_sources": 4,
  "active_alerts": 239257,
  "market_signals": 102
}