{
  "timestamp": "2025-08-29T10:47:36.867910",
  "overall_quality": 1.0,
  "avg_latency": 237.4079760509846,
  "total_data_points": 4570,
  "valid_data_points": 4570,
  "data_sources": 4,
  "active_alerts": 2303472,
  "market_signals": 101
}