{
  "timestamp": "2025-08-29T20:12:35.281780",
  "overall_quality": 1.0,
  "avg_latency": 233.25772348482118,
  "total_data_points": 4480,
  "valid_data_points": 4480,
  "data_sources": 4,
  "active_alerts": 2544498,
  "market_signals": 101
}