{
  "timestamp": "2025-08-28T15:40:53.999181",
  "overall_quality": 1.0,
  "avg_latency": 189.25218286391234,
  "total_data_points": 3630,
  "valid_data_points": 3630,
  "data_sources": 4,
  "active_alerts": 1801909,
  "market_signals": 101
}