{
  "timestamp": "2025-08-29T11:20:39.685603",
  "overall_quality": 1.0,
  "avg_latency": 178.82673407492774,
  "total_data_points": 3430,
  "valid_data_points": 3430,
  "data_sources": 4,
  "active_alerts": 2317833,
  "market_signals": 100
}