{
  "timestamp": "2025-08-29T10:52:37.271980",
  "overall_quality": 1.0,
  "avg_latency": 237.2600405781181,
  "total_data_points": 4570,
  "valid_data_points": 4570,
  "data_sources": 4,
  "active_alerts": 2305716,
  "market_signals": 100
}