{
  "timestamp": "2025-08-29T17:49:49.502913",
  "overall_quality": 1.0,
  "avg_latency": 150.9520828965518,
  "total_data_points": 2900,
  "valid_data_points": 2900,
  "data_sources": 4,
  "active_alerts": 2483167,
  "market_signals": 102
}