{
  "timestamp": "2025-08-26T18:17:45.341928",
  "overall_quality": 1.0,
  "avg_latency": 258.3936754701015,
  "total_data_points": 4950,
  "valid_data_points": 4950,
  "data_sources": 4,
  "active_alerts": 633608,
  "market_signals": 101
}