{
  "timestamp": "2025-08-28T12:40:46.584789",
  "overall_quality": 1.0,
  "avg_latency": 186.23687769675692,
  "total_data_points": 3700,
  "valid_data_points": 3700,
  "data_sources": 4,
  "active_alerts": 1723934,
  "market_signals": 103
}