{
  "timestamp": "2025-08-28T14:59:49.756463",
  "overall_quality": 1.0,
  "avg_latency": 157.32795245596026,
  "total_data_points": 3020,
  "valid_data_points": 3020,
  "data_sources": 4,
  "active_alerts": 1784723,
  "market_signals": 102
}