{
  "timestamp": "2025-08-27T00:26:55.949272",
  "overall_quality": 1.0,
  "avg_latency": 231.1276595255607,
  "total_data_points": 4460,
  "valid_data_points": 4460,
  "data_sources": 4,
  "active_alerts": 790123,
  "market_signals": 102
}