{
  "timestamp": "2025-08-29T19:40:32.553747",
  "overall_quality": 1.0,
  "avg_latency": 171.72152616616327,
  "total_data_points": 3310,
  "valid_data_points": 3310,
  "data_sources": 4,
  "active_alerts": 2530645,
  "market_signals": 101
}