{
  "timestamp": "2025-08-27T21:35:52.233781",
  "overall_quality": 1.0,
  "avg_latency": 192.86672884555318,
  "total_data_points": 3710,
  "valid_data_points": 3710,
  "data_sources": 4,
  "active_alerts": 1333726,
  "market_signals": 100
}