{
  "timestamp": "2025-08-30T00:58:46.973800",
  "overall_quality": 1.0,
  "avg_latency": 268.0449325448393,
  "total_data_points": 5330,
  "valid_data_points": 5330,
  "data_sources": 4,
  "active_alerts": 2670864,
  "market_signals": 101
}