{
  "timestamp": "2025-08-29T23:51:45.639105",
  "overall_quality": 1.0,
  "avg_latency": 207.7239316484263,
  "total_data_points": 4130,
  "valid_data_points": 4130,
  "data_sources": 4,
  "active_alerts": 2641047,
  "market_signals": 100
}