{
  "timestamp": "2025-08-28T09:31:35.672267",
  "overall_quality": 1.0,
  "avg_latency": 211.12839294250696,
  "total_data_points": 4070,
  "valid_data_points": 4070,
  "data_sources": 4,
  "active_alerts": 1643897,
  "market_signals": 103
}