{
  "timestamp": "2025-08-26T21:39:54.467372",
  "overall_quality": 1.0,
  "avg_latency": 171.50334103221914,
  "total_data_points": 3290,
  "valid_data_points": 3290,
  "data_sources": 4,
  "active_alerts": 719803,
  "market_signals": 100
}