{
  "timestamp": "2025-08-30T01:30:47.667385",
  "overall_quality": 1.0,
  "avg_latency": 178.26976291211275,
  "total_data_points": 3550,
  "valid_data_points": 3550,
  "data_sources": 4,
  "active_alerts": 2684768,
  "market_signals": 101
}