{
  "timestamp": "2025-08-27T04:04:34.947372",
  "overall_quality": 1.0,
  "avg_latency": 159.79595202117213,
  "total_data_points": 3070,
  "valid_data_points": 3070,
  "data_sources": 4,
  "active_alerts": 883657,
  "market_signals": 102
}