{
  "timestamp": "2025-08-28T04:41:37.829809",
  "overall_quality": 1.0,
  "avg_latency": 214.0331423721561,
  "total_data_points": 4130,
  "valid_data_points": 4130,
  "data_sources": 4,
  "active_alerts": 1520350,
  "market_signals": 102
}