{
  "timestamp": "2025-08-27T13:20:32.227390",
  "overall_quality": 1.0,
  "avg_latency": 185.53643014061575,
  "total_data_points": 3570,
  "valid_data_points": 3570,
  "data_sources": 4,
  "active_alerts": 1122834,
  "market_signals": 102
}