{
  "timestamp": "2025-08-26T03:27:34.470246",
  "overall_quality": 1.0,
  "avg_latency": 258.1234189265594,
  "total_data_points": 4970,
  "valid_data_points": 4970,
  "data_sources": 4,
  "active_alerts": 253656,
  "market_signals": 102
}