{
  "timestamp": "2025-08-29T02:57:44.697982",
  "overall_quality": 1.0,
  "avg_latency": 243.02060633519636,
  "total_data_points": 4830,
  "valid_data_points": 4830,
  "data_sources": 4,
  "active_alerts": 2098626,
  "market_signals": 101
}