{
  "timestamp": "2025-08-29T03:12:45.003410",
  "overall_quality": 1.0,
  "avg_latency": 242.9664732169418,
  "total_data_points": 4840,
  "valid_data_points": 4840,
  "data_sources": 4,
  "active_alerts": 2105425,
  "market_signals": 100
}