{
  "timestamp": "2025-08-29T04:32:46.507344",
  "overall_quality": 1.0,
  "avg_latency": 243.47611116157105,
  "total_data_points": 4840,
  "valid_data_points": 4840,
  "data_sources": 4,
  "active_alerts": 2140564,
  "market_signals": 102
}