{
  "timestamp": "2025-08-28T17:26:32.561628",
  "overall_quality": 1.0,
  "avg_latency": 207.96064032094796,
  "total_data_points": 4010,
  "valid_data_points": 4010,
  "data_sources": 4,
  "active_alerts": 1847429,
  "market_signals": 100
}