{
  "timestamp": "2025-08-29T04:53:46.976871",
  "overall_quality": 1.0,
  "avg_latency": 274.2353837009189,
  "total_data_points": 5440,
  "valid_data_points": 5440,
  "data_sources": 4,
  "active_alerts": 2149866,
  "market_signals": 102
}