{
  "timestamp": "2025-08-26T08:15:58.166860",
  "overall_quality": 1.0,
  "avg_latency": 208.56611494449987,
  "total_data_points": 4000,
  "valid_data_points": 4000,
  "data_sources": 4,
  "active_alerts": 376597,
  "market_signals": 102
}