{
  "timestamp": "2025-08-29T22:24:43.840016",
  "overall_quality": 1.0,
  "avg_latency": 296.730269904916,
  "total_data_points": 5900,
  "valid_data_points": 5900,
  "data_sources": 4,
  "active_alerts": 2602145,
  "market_signals": 101
}