{
  "timestamp": "2025-08-27T04:28:38.709787",
  "overall_quality": 1.0,
  "avg_latency": 281.5095561144182,
  "total_data_points": 5410,
  "valid_data_points": 5410,
  "data_sources": 4,
  "active_alerts": 894085,
  "market_signals": 102
}