{
  "timestamp": "2025-08-27T05:52:51.425713",
  "overall_quality": 1.0,
  "avg_latency": 257.20220793353485,
  "total_data_points": 4950,
  "valid_data_points": 4950,
  "data_sources": 4,
  "active_alerts": 930341,
  "market_signals": 101
}