{
  "timestamp": "2025-08-27T07:38:37.586404",
  "overall_quality": 1.0,
  "avg_latency": 279.8471813856881,
  "total_data_points": 5380,
  "valid_data_points": 5380,
  "data_sources": 4,
  "active_alerts": 976456,
  "market_signals": 100
}