{
  "timestamp": "2025-08-28T08:21:59.504339",
  "overall_quality": 1.0,
  "avg_latency": 223.91060326418548,
  "total_data_points": 4300,
  "valid_data_points": 4300,
  "data_sources": 4,
  "active_alerts": 1614189,
  "market_signals": 102
}