{
  "timestamp": "2025-08-29T00:20:41.602723",
  "overall_quality": 1.0,
  "avg_latency": 181.48685940332405,
  "total_data_points": 3610,
  "valid_data_points": 3610,
  "data_sources": 4,
  "active_alerts": 2029595,
  "market_signals": 100
}