{
  "timestamp": "2025-08-30T04:26:50.964649",
  "overall_quality": 1.0,
  "avg_latency": 209.51908897649957,
  "total_data_points": 4170,
  "valid_data_points": 4170,
  "data_sources": 4,
  "active_alerts": 2761147,
  "market_signals": 101
}