{
  "timestamp": "2025-08-26T00:10:30.144243",
  "overall_quality": 1.0,
  "avg_latency": 197.06080335185203,
  "total_data_points": 3780,
  "valid_data_points": 3780,
  "data_sources": 4,
  "active_alerts": 171313,
  "market_signals": 102
}