{
  "timestamp": "2025-08-29T11:23:39.997177",
  "overall_quality": 1.0,
  "avg_latency": 268.6662186580271,
  "total_data_points": 5170,
  "valid_data_points": 5170,
  "data_sources": 4,
  "active_alerts": 2319202,
  "market_signals": 103
}