{
  "timestamp": "2025-08-30T02:55:49.337181",
  "overall_quality": 1.0,
  "avg_latency": 179.01938470308096,
  "total_data_points": 3570,
  "valid_data_points": 3570,
  "data_sources": 4,
  "active_alerts": 2722433,
  "market_signals": 104
}