{
  "timestamp": "2025-08-26T02:01:49.115885",
  "overall_quality": 1.0,
  "avg_latency": 235.72760944383296,
  "total_data_points": 4540,
  "valid_data_points": 4540,
  "data_sources": 4,
  "active_alerts": 217576,
  "market_signals": 102
}