{
  "timestamp": "2025-08-27T08:58:48.960787",
  "overall_quality": 1.0,
  "avg_latency": 285.37650611785074,
  "total_data_points": 5490,
  "valid_data_points": 5490,
  "data_sources": 4,
  "active_alerts": 1010518,
  "market_signals": 101
}