{
  "timestamp": "2025-08-25T21:34:55.499102",
  "overall_quality": 1.0,
  "avg_latency": 180.35267360058114,
  "total_data_points": 3440,
  "valid_data_points": 3440,
  "data_sources": 4,
  "active_alerts": 104425,
  "market_signals": 103
}