{
  "timestamp": "2025-08-27T01:03:32.787639",
  "overall_quality": 1.0,
  "avg_latency": 279.82412851582933,
  "total_data_points": 5370,
  "valid_data_points": 5370,
  "data_sources": 4,
  "active_alerts": 806201,
  "market_signals": 100
}