{
  "timestamp": "2025-08-29T17:59:51.043575",
  "overall_quality": 1.0,
  "avg_latency": 151.8125323054984,
  "total_data_points": 2910,
  "valid_data_points": 2910,
  "data_sources": 4,
  "active_alerts": 2487281,
  "market_signals": 102
}