{
  "timestamp": "2025-08-26T06:40:40.880700",
  "overall_quality": 1.0,
  "avg_latency": 200.05978429583303,
  "total_data_points": 3840,
  "valid_data_points": 3840,
  "data_sources": 4,
  "active_alerts": 335124,
  "market_signals": 100
}