{
  "timestamp": "2025-08-25T21:56:31.149320",
  "overall_quality": 1.0,
  "avg_latency": 228.29738217935815,
  "total_data_points": 4360,
  "valid_data_points": 4360,
  "data_sources": 4,
  "active_alerts": 113401,
  "market_signals": 101
}