{
  "timestamp": "2025-08-29T05:44:48.117204",
  "overall_quality": 1.0,
  "avg_latency": 154.2903362081698,
  "total_data_points": 3060,
  "valid_data_points": 3060,
  "data_sources": 4,
  "active_alerts": 2172293,
  "market_signals": 104
}