{
  "timestamp": "2025-08-27T03:22:57.269894",
  "overall_quality": 1.0,
  "avg_latency": 260.6293411848607,
  "total_data_points": 5020,
  "valid_data_points": 5020,
  "data_sources": 4,
  "active_alerts": 866022,
  "market_signals": 103
}