{
  "timestamp": "2025-08-27T00:36:57.748989",
  "overall_quality": 1.0,
  "avg_latency": 232.24944595301952,
  "total_data_points": 4470,
  "valid_data_points": 4470,
  "data_sources": 4,
  "active_alerts": 794543,
  "market_signals": 102
}