{
  "timestamp": "2025-08-28T10:19:39.270645",
  "overall_quality": 1.0,
  "avg_latency": 152.6070643938777,
  "total_data_points": 2940,
  "valid_data_points": 2940,
  "data_sources": 4,
  "active_alerts": 1664130,
  "market_signals": 101
}