{
  "timestamp": "2025-08-27T03:00:53.148016",
  "overall_quality": 1.0,
  "avg_latency": 199.3124399676238,
  "total_data_points": 3830,
  "valid_data_points": 3830,
  "data_sources": 4,
  "active_alerts": 856205,
  "market_signals": 101
}