{
  "timestamp": "2025-08-26T12:19:40.161589",
  "overall_quality": 1.0,
  "avg_latency": 168.0327479489231,
  "total_data_points": 3250,
  "valid_data_points": 3250,
  "data_sources": 4,
  "active_alerts": 480585,
  "market_signals": 102
}