{
  "timestamp": "2025-08-29T16:08:37.044690",
  "overall_quality": 1.0,
  "avg_latency": 265.34348500705954,
  "total_data_points": 5099,
  "valid_data_points": 5099,
  "data_sources": 4,
  "active_alerts": 2440240,
  "market_signals": 103
}