{
  "timestamp": "2025-08-28T05:12:40.545075",
  "overall_quality": 1.0,
  "avg_latency": 245.16482937822457,
  "total_data_points": 4730,
  "valid_data_points": 4730,
  "data_sources": 4,
  "active_alerts": 1533791,
  "market_signals": 101
}