{
  "timestamp": "2025-08-27T19:47:38.074118",
  "overall_quality": 1.0,
  "avg_latency": 246.26317201057122,
  "total_data_points": 4730,
  "valid_data_points": 4730,
  "data_sources": 4,
  "active_alerts": 1287876,
  "market_signals": 102
}