{
  "timestamp": "2025-08-27T05:49:50.938647",
  "overall_quality": 1.0,
  "avg_latency": 167.17176405077922,
  "total_data_points": 3210,
  "valid_data_points": 3210,
  "data_sources": 4,
  "active_alerts": 929080,
  "market_signals": 102
}