{
  "timestamp": "2025-08-26T04:08:42.576582",
  "overall_quality": 1.0,
  "avg_latency": 291.6222167843148,
  "total_data_points": 5610,
  "valid_data_points": 5610,
  "data_sources": 4,
  "active_alerts": 271080,
  "market_signals": 102
}