{
  "timestamp": "2025-08-29T05:26:47.717406",
  "overall_quality": 1.0,
  "avg_latency": 214.0203680288735,
  "total_data_points": 4260,
  "valid_data_points": 4260,
  "data_sources": 4,
  "active_alerts": 2164195,
  "market_signals": 101
}