{
  "timestamp": "2025-08-27T17:49:48.726450",
  "overall_quality": 1.0,
  "avg_latency": 161.96922837147423,
  "total_data_points": 3120,
  "valid_data_points": 3120,
  "data_sources": 4,
  "active_alerts": 1237858,
  "market_signals": 101
}