{
  "timestamp": "2025-08-26T02:06:50.345326",
  "overall_quality": 1.0,
  "avg_latency": 236.09428311560447,
  "total_data_points": 4550,
  "valid_data_points": 4550,
  "data_sources": 4,
  "active_alerts": 219684,
  "market_signals": 102
}