{
  "timestamp": "2025-08-27T14:16:40.706069",
  "overall_quality": 1.0,
  "avg_latency": 219.44472936777302,
  "total_data_points": 4220,
  "valid_data_points": 4220,
  "data_sources": 4,
  "active_alerts": 1147217,
  "market_signals": 100
}