{
  "timestamp": "2025-08-29T06:30:49.241954",
  "overall_quality": 1.0,
  "avg_latency": 184.83692287814247,
  "total_data_points": 3660,
  "valid_data_points": 3660,
  "data_sources": 4,
  "active_alerts": 2192680,
  "market_signals": 101
}