{
  "timestamp": "2025-08-26T19:18:58.008254",
  "overall_quality": 1.0,
  "avg_latency": 294.63698017805285,
  "total_data_points": 5650,
  "valid_data_points": 5650,
  "data_sources": 4,
  "active_alerts": 659620,
  "market_signals": 101
}