{
  "timestamp": "2025-08-26T02:20:52.781850",
  "overall_quality": 1.0,
  "avg_latency": 207.18987421804476,
  "total_data_points": 3990,
  "valid_data_points": 3990,
  "data_sources": 4,
  "active_alerts": 225565,
  "market_signals": 101
}