{
  "timestamp": "2025-08-26T03:51:39.178745",
  "overall_quality": 1.0,
  "avg_latency": 229.94012452934555,
  "total_data_points": 4430,
  "valid_data_points": 4430,
  "data_sources": 4,
  "active_alerts": 263807,
  "market_signals": 102
}