{
  "timestamp": "2025-08-28T10:30:39.987925",
  "overall_quality": 1.0,
  "avg_latency": 182.9872981497175,
  "total_data_points": 3540,
  "valid_data_points": 3540,
  "data_sources": 4,
  "active_alerts": 1668657,
  "market_signals": 103
}