{
  "timestamp": "2025-08-28T23:57:41.196814",
  "overall_quality": 1.0,
  "avg_latency": 241.50470975333326,
  "total_data_points": 4800,
  "valid_data_points": 4800,
  "data_sources": 4,
  "active_alerts": 2019184,
  "market_signals": 103
}