{
  "timestamp": "2025-08-28T10:20:39.289613",
  "overall_quality": 1.0,
  "avg_latency": 182.9881161763531,
  "total_data_points": 3510,
  "valid_data_points": 3510,
  "data_sources": 4,
  "active_alerts": 1664422,
  "market_signals": 100
}