{
  "timestamp": "2025-08-29T11:15:39.211196",
  "overall_quality": 1.0,
  "avg_latency": 178.00675424985434,
  "total_data_points": 3430,
  "valid_data_points": 3430,
  "data_sources": 4,
  "active_alerts": 2315630,
  "market_signals": 101
}