{
  "timestamp": "2025-08-27T18:16:53.666052",
  "overall_quality": 1.0,
  "avg_latency": 224.48308021299226,
  "total_data_points": 4310,
  "valid_data_points": 4310,
  "data_sources": 4,
  "active_alerts": 1249515,
  "market_signals": 103
}