{
  "timestamp": "2025-08-27T15:42:54.633282",
  "overall_quality": 1.0,
  "avg_latency": 255.78868575417522,
  "total_data_points": 4910,
  "valid_data_points": 4910,
  "data_sources": 4,
  "active_alerts": 1183810,
  "market_signals": 101
}