{
  "timestamp": "2025-08-26T07:31:49.923267",
  "overall_quality": 1.0,
  "avg_latency": 234.47112355011024,
  "total_data_points": 4510,
  "valid_data_points": 4510,
  "data_sources": 4,
  "active_alerts": 357292,
  "market_signals": 104
}