{
  "timestamp": "2025-08-28T10:01:37.914588",
  "overall_quality": 1.0,
  "avg_latency": 212.33079992347194,
  "total_data_points": 4090,
  "valid_data_points": 4090,
  "data_sources": 4,
  "active_alerts": 1656561,
  "market_signals": 101
}