{
  "timestamp": "2025-08-26T04:07:42.385689",
  "overall_quality": 1.0,
  "avg_latency": 261.55980600079465,
  "total_data_points": 5030,
  "valid_data_points": 5030,
  "data_sources": 4,
  "active_alerts": 270674,
  "market_signals": 102
}