{
  "timestamp": "2025-08-26T15:13:41.352161",
  "overall_quality": 1.0,
  "avg_latency": 287.74090853586983,
  "total_data_points": 5520,
  "valid_data_points": 5520,
  "data_sources": 4,
  "active_alerts": 554880,
  "market_signals": 101
}