{
  "timestamp": "2025-08-30T01:27:47.602743",
  "overall_quality": 1.0,
  "avg_latency": 238.54136745052628,
  "total_data_points": 4750,
  "valid_data_points": 4750,
  "data_sources": 4,
  "active_alerts": 2683538,
  "market_signals": 100
}