{
  "timestamp": "2025-08-30T04:09:50.671414",
  "overall_quality": 1.0,
  "avg_latency": 299.7912737703002,
  "total_data_points": 5960,
  "valid_data_points": 5960,
  "data_sources": 4,
  "active_alerts": 2753736,
  "market_signals": 101
}