{
  "timestamp": "2025-08-29T09:16:59.449534",
  "overall_quality": 1.0,
  "avg_latency": 219.0650487444182,
  "total_data_points": 4210,
  "valid_data_points": 4210,
  "data_sources": 4,
  "active_alerts": 2264739,
  "market_signals": 101
}