{
  "timestamp": "2025-08-28T09:02:33.518362",
  "overall_quality": 1.0,
  "avg_latency": 240.6487918348489,
  "total_data_points": 4620,
  "valid_data_points": 4620,
  "data_sources": 4,
  "active_alerts": 1631488,
  "market_signals": 102
}