{
  "timestamp": "2025-08-29T01:50:43.384518",
  "overall_quality": 1.0,
  "avg_latency": 182.1157843749314,
  "total_data_points": 3630,
  "valid_data_points": 3630,
  "data_sources": 4,
  "active_alerts": 2069084,
  "market_signals": 102
}