{
  "timestamp": "2025-08-27T01:47:40.154214",
  "overall_quality": 1.0,
  "avg_latency": 252.87575110245461,
  "total_data_points": 4890,
  "valid_data_points": 4890,
  "data_sources": 4,
  "active_alerts": 825256,
  "market_signals": 102
}