{
  "timestamp": "2025-08-30T00:43:46.642372",
  "overall_quality": 1.0,
  "avg_latency": 267.8937710375224,
  "total_data_points": 5330,
  "valid_data_points": 5330,
  "data_sources": 4,
  "active_alerts": 2663973,
  "market_signals": 102
}