{
  "timestamp": "2025-08-28T01:17:57.645658",
  "overall_quality": 1.0,
  "avg_latency": 254.98130413333334,
  "total_data_points": 5070,
  "valid_data_points": 5070,
  "data_sources": 4,
  "active_alerts": 1431969,
  "market_signals": 102
}