{
  "timestamp": "2025-08-25T23:49:54.192847",
  "overall_quality": 1.0,
  "avg_latency": 178.77828694389572,
  "total_data_points": 3440,
  "valid_data_points": 3440,
  "data_sources": 4,
  "active_alerts": 162370,
  "market_signals": 101
}