{
  "timestamp": "2025-08-28T01:55:58.451184",
  "overall_quality": 1.0,
  "avg_latency": 194.93530169355725,
  "total_data_points": 3880,
  "valid_data_points": 3880,
  "data_sources": 4,
  "active_alerts": 1448803,
  "market_signals": 102
}