{
  "timestamp": "2025-08-28T03:11:30.459414",
  "overall_quality": 1.0,
  "avg_latency": 210.63840392248773,
  "total_data_points": 4180,
  "valid_data_points": 4180,
  "data_sources": 4,
  "active_alerts": 1481899,
  "market_signals": 102
}