{
  "timestamp": "2025-08-27T17:10:42.641438",
  "overall_quality": 1.0,
  "avg_latency": 188.81018938154193,
  "total_data_points": 3630,
  "valid_data_points": 3630,
  "data_sources": 4,
  "active_alerts": 1221266,
  "market_signals": 104
}