{
  "timestamp": "2025-08-26T09:34:42.883575",
  "overall_quality": 1.0,
  "avg_latency": 170.46206058746137,
  "total_data_points": 3270,
  "valid_data_points": 3270,
  "data_sources": 4,
  "active_alerts": 409767,
  "market_signals": 101
}