{
  "timestamp": "2025-08-28T10:45:41.182852",
  "overall_quality": 1.0,
  "avg_latency": 183.91998915892262,
  "total_data_points": 3530,
  "valid_data_points": 3530,
  "data_sources": 4,
  "active_alerts": 1674737,
  "market_signals": 101
}