{
  "timestamp": "2025-08-26T20:21:40.235631",
  "overall_quality": 1.0,
  "avg_latency": 224.90301805717596,
  "total_data_points": 4320,
  "valid_data_points": 4320,
  "data_sources": 4,
  "active_alerts": 686640,
  "market_signals": 101
}