{
  "timestamp": "2025-08-26T07:25:48.720781",
  "overall_quality": 1.0,
  "avg_latency": 203.57715609081654,
  "total_data_points": 3920,
  "valid_data_points": 3920,
  "data_sources": 4,
  "active_alerts": 354572,
  "market_signals": 101
}