{
  "timestamp": "2025-08-26T00:28:33.200817",
  "overall_quality": 1.0,
  "avg_latency": 288.09656217942165,
  "total_data_points": 5540,
  "valid_data_points": 5540,
  "data_sources": 4,
  "active_alerts": 178365,
  "market_signals": 101
}