{
  "timestamp": "2025-08-27T13:52:36.627517",
  "overall_quality": 1.0,
  "avg_latency": 247.44913049159604,
  "total_data_points": 4760,
  "valid_data_points": 4760,
  "data_sources": 4,
  "active_alerts": 1136500,
  "market_signals": 103
}