{
  "timestamp": "2025-08-29T01:40:43.175235",
  "overall_quality": 1.0,
  "avg_latency": 182.1803981451789,
  "total_data_points": 3630,
  "valid_data_points": 3630,
  "data_sources": 4,
  "active_alerts": 2064486,
  "market_signals": 100
}