{
  "timestamp": "2025-08-27T23:07:55.226997",
  "overall_quality": 1.0,
  "avg_latency": 253.95584401389183,
  "total_data_points": 5039,
  "valid_data_points": 5039,
  "data_sources": 4,
  "active_alerts": 1374520,
  "market_signals": 102
}