{
  "timestamp": "2025-08-26T11:39:33.764129",
  "overall_quality": 1.0,
  "avg_latency": 164.81938949684516,
  "total_data_points": 3170,
  "valid_data_points": 3170,
  "data_sources": 4,
  "active_alerts": 463901,
  "market_signals": 102
}