{
  "timestamp": "2025-08-25T18:51:54.171456",
  "overall_quality": 1.0,
  "avg_latency": 241.29067708559472,
  "total_data_points": 4790,
  "valid_data_points": 4790,
  "data_sources": 4,
  "active_alerts": 34891,
  "market_signals": 101
}