{
  "timestamp": "2025-08-26T14:32:34.892594",
  "overall_quality": 1.0,
  "avg_latency": 254.1924795161223,
  "total_data_points": 4900,
  "valid_data_points": 4900,
  "data_sources": 4,
  "active_alerts": 537346,
  "market_signals": 103
}