{
  "timestamp": "2025-08-29T18:53:57.769600",
  "overall_quality": 1.0,
  "avg_latency": 274.6495981219274,
  "total_data_points": 5290,
  "valid_data_points": 5290,
  "data_sources": 4,
  "active_alerts": 2510808,
  "market_signals": 101
}