{
  "timestamp": "2025-08-27T19:21:33.992551",
  "overall_quality": 1.0,
  "avg_latency": 213.83906944975695,
  "total_data_points": 4120,
  "valid_data_points": 4120,
  "data_sources": 4,
  "active_alerts": 1277017,
  "market_signals": 101
}