{
  "timestamp": "2025-08-29T21:47:42.929340",
  "overall_quality": 1.0,
  "avg_latency": 236.29773950446878,
  "total_data_points": 4700,
  "valid_data_points": 4700,
  "data_sources": 4,
  "active_alerts": 2585245,
  "market_signals": 100
}