{
  "timestamp": "2025-08-27T02:08:43.446561",
  "overall_quality": 1.0,
  "avg_latency": 284.5719371169401,
  "total_data_points": 5490,
  "valid_data_points": 5490,
  "data_sources": 4,
  "active_alerts": 834209,
  "market_signals": 101
}