{
  "timestamp": "2025-08-28T07:08:52.479360",
  "overall_quality": 1.0,
  "avg_latency": 280.46673788111116,
  "total_data_points": 5400,
  "valid_data_points": 5400,
  "data_sources": 4,
  "active_alerts": 1583023,
  "market_signals": 101
}