{
  "timestamp": "2025-08-26T09:24:41.273675",
  "overall_quality": 1.0,
  "avg_latency": 169.5693417874231,
  "total_data_points": 3260,
  "valid_data_points": 3260,
  "data_sources": 4,
  "active_alerts": 405364,
  "market_signals": 100
}