{
  "timestamp": "2025-08-27T09:20:52.958661",
  "overall_quality": 1.0,
  "avg_latency": 196.66802844300744,
  "total_data_points": 3790,
  "valid_data_points": 3790,
  "data_sources": 4,
  "active_alerts": 1020102,
  "market_signals": 104
}