{
  "timestamp": "2025-08-25T20:20:38.770218",
  "overall_quality": 1.0,
  "avg_latency": 203.09371196279056,
  "total_data_points": 3870,
  "valid_data_points": 3870,
  "data_sources": 4,
  "active_alerts": 72734,
  "market_signals": 100
}