{
  "timestamp": "2025-08-28T09:18:34.558116",
  "overall_quality": 1.0,
  "avg_latency": 270.986425737357,
  "total_data_points": 5220,
  "valid_data_points": 5220,
  "data_sources": 4,
  "active_alerts": 1638393,
  "market_signals": 104
}