{
  "timestamp": "2025-08-26T09:56:46.378842",
  "overall_quality": 1.0,
  "avg_latency": 231.42399891883426,
  "total_data_points": 4460,
  "valid_data_points": 4460,
  "data_sources": 4,
  "active_alerts": 419005,
  "market_signals": 103
}