{
  "timestamp": "2025-08-30T02:44:49.139112",
  "overall_quality": 1.0,
  "avg_latency": 299.15667315260583,
  "total_data_points": 5950,
  "valid_data_points": 5950,
  "data_sources": 4,
  "active_alerts": 2717727,
  "market_signals": 102
}