{
  "timestamp": "2025-08-28T07:59:57.367920",
  "overall_quality": 1.0,
  "avg_latency": 163.1589903789142,
  "total_data_points": 3130,
  "valid_data_points": 3130,
  "data_sources": 4,
  "active_alerts": 1604725,
  "market_signals": 101
}