{
  "timestamp": "2025-08-26T20:11:38.240751",
  "overall_quality": 1.0,
  "avg_latency": 224.08788158445455,
  "total_data_points": 4310,
  "valid_data_points": 4310,
  "data_sources": 4,
  "active_alerts": 682317,
  "market_signals": 102
}