{
  "timestamp": "2025-08-27T03:01:53.274595",
  "overall_quality": 1.0,
  "avg_latency": 229.25386605895673,
  "total_data_points": 4410,
  "valid_data_points": 4410,
  "data_sources": 4,
  "active_alerts": 856664,
  "market_signals": 103
}