{
  "timestamp": "2025-08-27T23:29:55.648193",
  "overall_quality": 1.0,
  "avg_latency": 164.35641017269958,
  "total_data_points": 3260,
  "valid_data_points": 3260,
  "data_sources": 4,
  "active_alerts": 1384661,
  "market_signals": 101
}