{
  "timestamp": "2025-08-29T03:55:45.788908",
  "overall_quality": 1.0,
  "avg_latency": 183.59873894630113,
  "total_data_points": 3650,
  "valid_data_points": 3650,
  "data_sources": 4,
  "active_alerts": 2124492,
  "market_signals": 101
}