{
  "timestamp": "2025-08-26T22:44:36.243461",
  "overall_quality": 1.0,
  "avg_latency": 162.05948209358937,
  "total_data_points": 3120,
  "valid_data_points": 3120,
  "data_sources": 4,
  "active_alerts": 747175,
  "market_signals": 101
}