{
  "timestamp": "2025-08-26T14:43:36.783687",
  "overall_quality": 1.0,
  "avg_latency": 285.47942678278963,
  "total_data_points": 5520,
  "valid_data_points": 5520,
  "data_sources": 4,
  "active_alerts": 542126,
  "market_signals": 102
}