{
  "timestamp": "2025-08-27T13:09:30.318446",
  "overall_quality": 1.0,
  "avg_latency": 154.45637317248304,
  "total_data_points": 2980,
  "valid_data_points": 2980,
  "data_sources": 4,
  "active_alerts": 1118168,
  "market_signals": 101
}