{
  "timestamp": "2025-08-30T01:40:47.881476",
  "overall_quality": 1.0,
  "avg_latency": 178.61990467247196,
  "total_data_points": 3560,
  "valid_data_points": 3560,
  "data_sources": 4,
  "active_alerts": 2689043,
  "market_signals": 100
}