{
  "timestamp": "2025-08-26T18:43:51.041510",
  "overall_quality": 1.0,
  "avg_latency": 290.9762546007168,
  "total_data_points": 5590,
  "valid_data_points": 5590,
  "data_sources": 4,
  "active_alerts": 644673,
  "market_signals": 101
}