{
  "timestamp": "2025-08-29T06:31:49.275855",
  "overall_quality": 1.0,
  "avg_latency": 214.64049581314538,
  "total_data_points": 4260,
  "valid_data_points": 4260,
  "data_sources": 4,
  "active_alerts": 2193044,
  "market_signals": 101
}