{
  "timestamp": "2025-08-27T17:34:46.319539",
  "overall_quality": 1.0,
  "avg_latency": 160.9775996029129,
  "total_data_points": 3090,
  "valid_data_points": 3090,
  "data_sources": 4,
  "active_alerts": 1231423,
  "market_signals": 100
}