{
  "timestamp": "2025-08-30T01:04:47.107381",
  "overall_quality": 1.0,
  "avg_latency": 298.3015324554809,
  "total_data_points": 5930,
  "valid_data_points": 5930,
  "data_sources": 4,
  "active_alerts": 2673597,
  "market_signals": 101
}