{
  "timestamp": "2025-08-25T18:09:52.965522",
  "overall_quality": 1.0,
  "avg_latency": 180.43508678440114,
  "total_data_points": 3590,
  "valid_data_points": 3590,
  "data_sources": 4,
  "active_alerts": 15853,
  "market_signals": 102
}