{
  "timestamp": "2025-08-27T22:16:54.277576",
  "overall_quality": 1.0,
  "avg_latency": 223.70318764662193,
  "total_data_points": 4440,
  "valid_data_points": 4440,
  "data_sources": 4,
  "active_alerts": 1352230,
  "market_signals": 102
}