{
  "timestamp": "2025-08-30T06:30:53.429738",
  "overall_quality": 1.0,
  "avg_latency": 181.13813287194486,
  "total_data_points": 3600,
  "valid_data_points": 3600,
  "data_sources": 4,
  "active_alerts": 2816001,
  "market_signals": 101
}