{
  "timestamp": "2025-08-29T06:58:50.252287",
  "overall_quality": 1.0,
  "avg_latency": 275.38032469243507,
  "total_data_points": 5420,
  "valid_data_points": 5420,
  "data_sources": 4,
  "active_alerts": 2205027,
  "market_signals": 100
}