{
  "timestamp": "2025-08-29T16:27:39.273218",
  "overall_quality": 1.0,
  "avg_latency": 236.82945344087994,
  "total_data_points": 4550,
  "valid_data_points": 4550,
  "data_sources": 4,
  "active_alerts": 2447907,
  "market_signals": 103
}