{
  "timestamp": "2025-08-30T02:04:48.401370",
  "overall_quality": 1.0,
  "avg_latency": 298.9286204902352,
  "total_data_points": 5940,
  "valid_data_points": 5940,
  "data_sources": 4,
  "active_alerts": 2699683,
  "market_signals": 102
}