{
  "timestamp": "2025-08-28T10:51:41.686503",
  "overall_quality": 1.0,
  "avg_latency": 214.21295105849535,
  "total_data_points": 4120,
  "valid_data_points": 4120,
  "data_sources": 4,
  "active_alerts": 1677305,
  "market_signals": 102
}