{
  "timestamp": "2025-08-29T22:55:44.493661",
  "overall_quality": 1.0,
  "avg_latency": 177.38711515255721,
  "total_data_points": 3520,
  "valid_data_points": 3520,
  "data_sources": 4,
  "active_alerts": 2616257,
  "market_signals": 101
}