{
  "timestamp": "2025-08-29T16:19:38.064997",
  "overall_quality": 1.0,
  "avg_latency": 295.9498754757892,
  "total_data_points": 5700,
  "valid_data_points": 5700,
  "data_sources": 4,
  "active_alerts": 2444701,
  "market_signals": 103
}