{
  "timestamp": "2025-08-25T22:08:35.239396",
  "overall_quality": 1.0,
  "avg_latency": 289.80960924664265,
  "total_data_points": 5510,
  "valid_data_points": 5510,
  "data_sources": 4,
  "active_alerts": 118704,
  "market_signals": 102
}