{
  "timestamp": "2025-08-27T03:28:58.630443",
  "overall_quality": 1.0,
  "avg_latency": 291.7096340082,
  "total_data_points": 5610,
  "valid_data_points": 5610,
  "data_sources": 4,
  "active_alerts": 868549,
  "market_signals": 101
}