{
  "timestamp": "2025-08-29T22:53:44.451548",
  "overall_quality": 1.0,
  "avg_latency": 267.03400275386076,
  "total_data_points": 5310,
  "valid_data_points": 5310,
  "data_sources": 4,
  "active_alerts": 2615303,
  "market_signals": 101
}