{
  "timestamp": "2025-08-29T04:34:46.545236",
  "overall_quality": 1.0,
  "avg_latency": 153.64035209114783,
  "total_data_points": 3050,
  "valid_data_points": 3050,
  "data_sources": 4,
  "active_alerts": 2141526,
  "market_signals": 101
}