{
  "timestamp": "2025-08-30T07:20:54.294926",
  "overall_quality": 1.0,
  "avg_latency": 181.5722171188891,
  "total_data_points": 3600,
  "valid_data_points": 3600,
  "data_sources": 4,
  "active_alerts": 2838070,
  "market_signals": 100
}