{
  "timestamp": "2025-08-29T18:59:58.557370",
  "overall_quality": 1.0,
  "avg_latency": 155.23526396879188,
  "total_data_points": 2980,
  "valid_data_points": 2980,
  "data_sources": 4,
  "active_alerts": 2513320,
  "market_signals": 101
}