{
  "timestamp": "2025-08-27T09:22:53.187696",
  "overall_quality": 1.0,
  "avg_latency": 257.0712880514172,
  "total_data_points": 4940,
  "valid_data_points": 4940,
  "data_sources": 4,
  "active_alerts": 1020917,
  "market_signals": 102
}