{
  "timestamp": "2025-08-27T18:33:56.468279",
  "overall_quality": 1.0,
  "avg_latency": 285.7239961614554,
  "total_data_points": 5500,
  "valid_data_points": 5500,
  "data_sources": 4,
  "active_alerts": 1256881,
  "market_signals": 101
}