{
  "timestamp": "2025-08-25T17:42:52.139484",
  "overall_quality": 1.0,
  "avg_latency": 269.6393118756055,
  "total_data_points": 5370,
  "valid_data_points": 5370,
  "data_sources": 4,
  "active_alerts": 3933,
  "market_signals": 103
}