{
  "timestamp": "2025-08-29T12:16:44.948525",
  "overall_quality": 1.0,
  "avg_latency": 210.92405836370412,
  "total_data_points": 4050,
  "valid_data_points": 4050,
  "data_sources": 4,
  "active_alerts": 2341614,
  "market_signals": 101
}