{
  "timestamp": "2025-08-29T23:58:45.760859",
  "overall_quality": 1.0,
  "avg_latency": 267.74621728292686,
  "total_data_points": 5330,
  "valid_data_points": 5330,
  "data_sources": 4,
  "active_alerts": 2644235,
  "market_signals": 101
}