{
  "timestamp": "2025-08-26T07:18:47.520789",
  "overall_quality": 1.0,
  "avg_latency": 293.1008873141845,
  "total_data_points": 5640,
  "valid_data_points": 5640,
  "data_sources": 4,
  "active_alerts": 351605,
  "market_signals": 101
}