{
  "timestamp": "2025-08-29T16:32:39.834512",
  "overall_quality": 1.0,
  "avg_latency": 236.7536330248351,
  "total_data_points": 4550,
  "valid_data_points": 4550,
  "data_sources": 4,
  "active_alerts": 2449985,
  "market_signals": 101
}