{
  "timestamp": "2025-08-27T10:30:34.135905",
  "overall_quality": 1.0,
  "avg_latency": 187.22338921135687,
  "total_data_points": 3610,
  "valid_data_points": 3610,
  "data_sources": 4,
  "active_alerts": 1049815,
  "market_signals": 100
}