{
  "timestamp": "2025-08-27T01:43:39.461620",
  "overall_quality": 1.0,
  "avg_latency": 282.65897116135466,
  "total_data_points": 5460,
  "valid_data_points": 5460,
  "data_sources": 4,
  "active_alerts": 823599,
  "market_signals": 103
}