{
  "timestamp": "2025-08-29T09:02:57.987956",
  "overall_quality": 1.0,
  "avg_latency": 248.61798849644288,
  "total_data_points": 4780,
  "valid_data_points": 4780,
  "data_sources": 4,
  "active_alerts": 2258544,
  "market_signals": 100
}