{
  "timestamp": "2025-08-30T06:47:53.716377",
  "overall_quality": 1.0,
  "avg_latency": 240.6383611240085,
  "total_data_points": 4790,
  "valid_data_points": 4790,
  "data_sources": 4,
  "active_alerts": 2823336,
  "market_signals": 101
}