{
  "timestamp": "2025-08-29T21:05:40.241777",
  "overall_quality": 1.0,
  "avg_latency": 175.26917274852065,
  "total_data_points": 3380,
  "valid_data_points": 3380,
  "data_sources": 4,
  "active_alerts": 2567128,
  "market_signals": 102
}