{
  "timestamp": "2025-08-26T18:23:46.649517",
  "overall_quality": 1.0,
  "avg_latency": 288.85418064314206,
  "total_data_points": 5540,
  "valid_data_points": 5540,
  "data_sources": 4,
  "active_alerts": 636204,
  "market_signals": 100
}