{
  "timestamp": "2025-08-28T17:20:32.221361",
  "overall_quality": 1.0,
  "avg_latency": 177.7916973555556,
  "total_data_points": 3420,
  "valid_data_points": 3420,
  "data_sources": 4,
  "active_alerts": 1844799,
  "market_signals": 100
}