{
  "timestamp": "2025-08-26T14:24:33.196002",
  "overall_quality": 1.0,
  "avg_latency": 163.55457094253978,
  "total_data_points": 3150,
  "valid_data_points": 3150,
  "data_sources": 4,
  "active_alerts": 533739,
  "market_signals": 101
}