{
  "timestamp": "2025-08-25T20:02:35.341275",
  "overall_quality": 1.0,
  "avg_latency": 260.89285781523023,
  "total_data_points": 4990,
  "valid_data_points": 4990,
  "data_sources": 4,
  "active_alerts": 64971,
  "market_signals": 100
}