{
  "timestamp": "2025-08-28T17:35:33.185066",
  "overall_quality": 1.0,
  "avg_latency": 178.64644148220532,
  "total_data_points": 3428,
  "valid_data_points": 3428,
  "data_sources": 4,
  "active_alerts": 1851218,
  "market_signals": 100
}