{
  "timestamp": "2025-08-29T15:51:35.038426",
  "overall_quality": 1.0,
  "avg_latency": 204.57450060432672,
  "total_data_points": 3930,
  "valid_data_points": 3930,
  "data_sources": 4,
  "active_alerts": 2433065,
  "market_signals": 101
}