{
  "timestamp": "2025-08-27T10:27:33.429965",
  "overall_quality": 1.0,
  "avg_latency": 246.80659274799945,
  "total_data_points": 4750,
  "valid_data_points": 4750,
  "data_sources": 4,
  "active_alerts": 1048614,
  "market_signals": 101
}