{
  "timestamp": "2025-08-28T04:32:36.956982",
  "overall_quality": 1.0,
  "avg_latency": 243.61230954957412,
  "total_data_points": 4700,
  "valid_data_points": 4700,
  "data_sources": 4,
  "active_alerts": 1516538,
  "market_signals": 103
}