{
  "timestamp": "2025-08-28T12:18:46.231875",
  "overall_quality": 1.0,
  "avg_latency": 276.12974992459084,
  "total_data_points": 5490,
  "valid_data_points": 5490,
  "data_sources": 4,
  "active_alerts": 1714403,
  "market_signals": 103
}