{
  "timestamp": "2025-08-29T03:13:45.028960",
  "overall_quality": 1.0,
  "avg_latency": 273.3282614051557,
  "total_data_points": 5430,
  "valid_data_points": 5430,
  "data_sources": 4,
  "active_alerts": 2105851,
  "market_signals": 100
}