{
  "timestamp": "2025-08-29T16:22:38.623201",
  "overall_quality": 1.0,
  "avg_latency": 236.2511511319384,
  "total_data_points": 4540,
  "valid_data_points": 4540,
  "data_sources": 4,
  "active_alerts": 2445823,
  "market_signals": 101
}