{
  "timestamp": "2025-08-29T04:22:46.306367",
  "overall_quality": 1.0,
  "avg_latency": 243.06235936714904,
  "total_data_points": 4840,
  "valid_data_points": 4840,
  "data_sources": 4,
  "active_alerts": 2136178,
  "market_signals": 103
}