{
  "timestamp": "2025-08-26T01:04:38.472379",
  "overall_quality": 1.0,
  "avg_latency": 170.596363790274,
  "total_data_points": 3290,
  "valid_data_points": 3290,
  "data_sources": 4,
  "active_alerts": 193189,
  "market_signals": 102
}