{
  "timestamp": "2025-08-26T17:26:36.149413",
  "overall_quality": 1.0,
  "avg_latency": 223.83204211953438,
  "total_data_points": 4300,
  "valid_data_points": 4300,
  "data_sources": 4,
  "active_alerts": 611828,
  "market_signals": 101
}