{
  "timestamp": "2025-08-26T00:27:32.967801",
  "overall_quality": 1.0,
  "avg_latency": 258.0384568308465,
  "total_data_points": 4960,
  "valid_data_points": 4960,
  "data_sources": 4,
  "active_alerts": 178005,
  "market_signals": 101
}