{
  "timestamp": "2025-08-28T21:00:37.826981",
  "overall_quality": 1.0,
  "avg_latency": 180.105666743575,
  "total_data_points": 3580,
  "valid_data_points": 3580,
  "data_sources": 4,
  "active_alerts": 1939778,
  "market_signals": 102
}