{
  "timestamp": "2025-08-26T00:47:36.155433",
  "overall_quality": 1.0,
  "avg_latency": 259.65808944699984,
  "total_data_points": 5000,
  "valid_data_points": 5000,
  "data_sources": 4,
  "active_alerts": 186031,
  "market_signals": 102
}