{
  "timestamp": "2025-08-29T19:27:31.508516",
  "overall_quality": 1.0,
  "avg_latency": 231.4635067316148,
  "total_data_points": 4460,
  "valid_data_points": 4460,
  "data_sources": 4,
  "active_alerts": 2524996,
  "market_signals": 100
}