{
  "timestamp": "2025-08-29T02:18:43.956377",
  "overall_quality": 1.0,
  "avg_latency": 272.6051212739859,
  "total_data_points": 5420,
  "valid_data_points": 5420,
  "data_sources": 4,
  "active_alerts": 2081084,
  "market_signals": 100
}