{
  "timestamp": "2025-08-26T11:09:57.824877",
  "overall_quality": 1.0,
  "avg_latency": 176.98606268441165,
  "total_data_points": 3400,
  "valid_data_points": 3400,
  "data_sources": 4,
  "active_alerts": 450823,
  "market_signals": 101
}