{
  "timestamp": "2025-08-26T15:40:46.018686",
  "overall_quality": 1.0,
  "avg_latency": 199.37761149791694,
  "total_data_points": 3840,
  "valid_data_points": 3840,
  "data_sources": 4,
  "active_alerts": 566165,
  "market_signals": 100
}