{
  "timestamp": "2025-08-27T07:12:33.742665",
  "overall_quality": 1.0,
  "avg_latency": 247.8729694627302,
  "total_data_points": 4776,
  "valid_data_points": 4776,
  "data_sources": 4,
  "active_alerts": 965250,
  "market_signals": 100
}