{
  "timestamp": "2025-08-29T20:44:38.472700",
  "overall_quality": 1.0,
  "avg_latency": 294.60873842208474,
  "total_data_points": 5660,
  "valid_data_points": 5660,
  "data_sources": 4,
  "active_alerts": 2558281,
  "market_signals": 100
}