{
  "timestamp": "2025-08-30T05:05:51.743925",
  "overall_quality": 1.0,
  "avg_latency": 180.1138600332402,
  "total_data_points": 3580,
  "valid_data_points": 3580,
  "data_sources": 4,
  "active_alerts": 2778486,
  "market_signals": 102
}