{
  "timestamp": "2025-08-28T20:38:37.425690",
  "overall_quality": 1.0,
  "avg_latency": 270.20021853724313,
  "total_data_points": 5370,
  "valid_data_points": 5370,
  "data_sources": 4,
  "active_alerts": 1930108,
  "market_signals": 100
}