{
  "timestamp": "2025-08-28T20:13:36.967208",
  "overall_quality": 1.0,
  "avg_latency": 269.795380785448,
  "total_data_points": 5360,
  "valid_data_points": 5360,
  "data_sources": 4,
  "active_alerts": 1919499,
  "market_signals": 100
}