{
  "timestamp": "2025-08-27T14:33:43.600735",
  "overall_quality": 1.0,
  "avg_latency": 280.81583755970314,
  "total_data_points": 5410,
  "valid_data_points": 5410,
  "data_sources": 4,
  "active_alerts": 1154345,
  "market_signals": 101
}