{
  "timestamp": "2025-08-26T03:10:31.591752",
  "overall_quality": 1.0,
  "avg_latency": 196.29636194920644,
  "total_data_points": 3780,
  "valid_data_points": 3780,
  "data_sources": 4,
  "active_alerts": 246792,
  "market_signals": 101
}