{
  "timestamp": "2025-08-27T04:32:39.680806",
  "overall_quality": 1.0,
  "avg_latency": 251.50287147747912,
  "total_data_points": 4840,
  "valid_data_points": 4840,
  "data_sources": 4,
  "active_alerts": 895906,
  "market_signals": 102
}