{
  "timestamp": "2025-08-27T23:46:55.972192",
  "overall_quality": 1.0,
  "avg_latency": 224.32691808228665,
  "total_data_points": 4460,
  "valid_data_points": 4460,
  "data_sources": 4,
  "active_alerts": 1392023,
  "market_signals": 102
}