{
  "timestamp": "2025-08-28T23:00:40.158260",
  "overall_quality": 1.0,
  "avg_latency": 181.21673457340677,
  "total_data_points": 3610,
  "valid_data_points": 3610,
  "data_sources": 4,
  "active_alerts": 1993755,
  "market_signals": 102
}