{
  "timestamp": "2025-08-29T11:40:41.439663",
  "overall_quality": 1.0,
  "avg_latency": 179.31892254347838,
  "total_data_points": 3450,
  "valid_data_points": 3450,
  "data_sources": 4,
  "active_alerts": 2326524,
  "market_signals": 101
}