{
  "timestamp": "2025-08-26T20:57:46.249106",
  "overall_quality": 1.0,
  "avg_latency": 257.58908180870355,
  "total_data_points": 4940,
  "valid_data_points": 4940,
  "data_sources": 4,
  "active_alerts": 701785,
  "market_signals": 102
}