{
  "timestamp": "2025-08-29T00:51:42.182881",
  "overall_quality": 1.0,
  "avg_latency": 212.0995956574818,
  "total_data_points": 4210,
  "valid_data_points": 4210,
  "data_sources": 4,
  "active_alerts": 2043506,
  "market_signals": 101
}