{
  "timestamp": "2025-08-28T06:04:46.066515",
  "overall_quality": 1.0,
  "avg_latency": 157.55878348881578,
  "total_data_points": 3040,
  "valid_data_points": 3040,
  "data_sources": 4,
  "active_alerts": 1556686,
  "market_signals": 102
}