{
  "timestamp": "2025-08-27T13:50:36.391634",
  "overall_quality": 1.0,
  "avg_latency": 187.54933718444462,
  "total_data_points": 3600,
  "valid_data_points": 3600,
  "data_sources": 4,
  "active_alerts": 1135497,
  "market_signals": 101
}