{
  "timestamp": "2025-08-30T06:31:53.452653",
  "overall_quality": 1.0,
  "avg_latency": 210.99002393452344,
  "total_data_points": 4200,
  "valid_data_points": 4200,
  "data_sources": 4,
  "active_alerts": 2816397,
  "market_signals": 100
}