{
  "timestamp": "2025-08-25T23:10:46.301925",
  "overall_quality": 1.0,
  "avg_latency": 204.9346011455699,
  "total_data_points": 3950,
  "valid_data_points": 3950,
  "data_sources": 4,
  "active_alerts": 145398,
  "market_signals": 103
}