{
  "timestamp": "2025-08-30T02:09:48.503228",
  "overall_quality": 1.0,
  "avg_latency": 298.9198545284031,
  "total_data_points": 5950,
  "valid_data_points": 5950,
  "data_sources": 4,
  "active_alerts": 2701884,
  "market_signals": 102
}