{
  "timestamp": "2025-08-29T04:54:46.995045",
  "overall_quality": 1.0,
  "avg_latency": 154.06340798006548,
  "total_data_points": 3060,
  "valid_data_points": 3060,
  "data_sources": 4,
  "active_alerts": 2150334,
  "market_signals": 101
}