{
  "timestamp": "2025-08-27T11:46:45.659473",
  "overall_quality": 1.0,
  "avg_latency": 222.73210296471953,
  "total_data_points": 4280,
  "valid_data_points": 4280,
  "data_sources": 4,
  "active_alerts": 1083008,
  "market_signals": 100
}