{
  "timestamp": "2025-08-27T13:31:33.989201",
  "overall_quality": 1.0,
  "avg_latency": 216.41777400625043,
  "total_data_points": 4160,
  "valid_data_points": 4160,
  "data_sources": 4,
  "active_alerts": 1127691,
  "market_signals": 100
}