{
  "timestamp": "2025-08-29T10:15:34.417511",
  "overall_quality": 1.0,
  "avg_latency": 176.3172615711771,
  "total_data_points": 3400,
  "valid_data_points": 3400,
  "data_sources": 4,
  "active_alerts": 2289779,
  "market_signals": 101
}