{
  "timestamp": "2025-08-27T08:56:48.721445",
  "overall_quality": 1.0,
  "avg_latency": 225.4582380690527,
  "total_data_points": 4330,
  "valid_data_points": 4330,
  "data_sources": 4,
  "active_alerts": 1009700,
  "market_signals": 100
}