{
  "timestamp": "2025-08-26T02:08:50.549347",
  "overall_quality": 1.0,
  "avg_latency": 296.49213000789433,
  "total_data_points": 5700,
  "valid_data_points": 5700,
  "data_sources": 4,
  "active_alerts": 220529,
  "market_signals": 101
}