{
  "timestamp": "2025-08-27T12:12:50.788948",
  "overall_quality": 1.0,
  "avg_latency": 255.3415143602294,
  "total_data_points": 4908,
  "valid_data_points": 4908,
  "data_sources": 4,
  "active_alerts": 1094192,
  "market_signals": 102
}