{
  "timestamp": "2025-08-29T19:14:29.985777",
  "overall_quality": 1.0,
  "avg_latency": 290.8243725481213,
  "total_data_points": 5590,
  "valid_data_points": 5590,
  "data_sources": 4,
  "active_alerts": 2519475,
  "market_signals": 100
}