{
  "timestamp": "2025-08-29T04:36:46.578519",
  "overall_quality": 1.0,
  "avg_latency": 213.3110784319999,
  "total_data_points": 4250,
  "valid_data_points": 4250,
  "data_sources": 4,
  "active_alerts": 2142428,
  "market_signals": 104
}