{
  "timestamp": "2025-08-26T13:04:49.127238",
  "overall_quality": 1.0,
  "avg_latency": 171.96682294773365,
  "total_data_points": 3310,
  "valid_data_points": 3310,
  "data_sources": 4,
  "active_alerts": 499378,
  "market_signals": 101
}