{
  "timestamp": "2025-08-27T01:24:36.376833",
  "overall_quality": 1.0,
  "avg_latency": 161.39941060737195,
  "total_data_points": 3120,
  "valid_data_points": 3120,
  "data_sources": 4,
  "active_alerts": 815335,
  "market_signals": 102
}