{
  "timestamp": "2025-08-26T02:43:57.275460",
  "overall_quality": 1.0,
  "avg_latency": 299.4786135505203,
  "total_data_points": 5760,
  "valid_data_points": 5760,
  "data_sources": 4,
  "active_alerts": 235392,
  "market_signals": 103
}