{
  "timestamp": "2025-08-28T11:21:43.927274",
  "overall_quality": 1.0,
  "avg_latency": 214.84743465734965,
  "total_data_points": 4150,
  "valid_data_points": 4150,
  "data_sources": 4,
  "active_alerts": 1690190,
  "market_signals": 102
}