{
  "timestamp": "2025-08-29T08:10:53.825176",
  "overall_quality": 1.0,
  "avg_latency": 188.12855867798908,
  "total_data_points": 3680,
  "valid_data_points": 3680,
  "data_sources": 4,
  "active_alerts": 2236705,
  "market_signals": 101
}