{
  "timestamp": "2025-08-26T03:14:32.303202",
  "overall_quality": 1.0,
  "avg_latency": 167.09808168411215,
  "total_data_points": 3210,
  "valid_data_points": 3210,
  "data_sources": 4,
  "active_alerts": 248490,
  "market_signals": 100
}