{
  "timestamp": "2025-08-29T14:48:59.199826",
  "overall_quality": 1.0,
  "avg_latency": 277.3577038305807,
  "total_data_points": 5330,
  "valid_data_points": 5330,
  "data_sources": 4,
  "active_alerts": 2406829,
  "market_signals": 101
}