{
  "timestamp": "2025-08-28T12:46:46.692388",
  "overall_quality": 1.0,
  "avg_latency": 216.5460002090702,
  "total_data_points": 4300,
  "valid_data_points": 4300,
  "data_sources": 4,
  "active_alerts": 1726425,
  "market_signals": 102
}