{
  "timestamp": "2025-08-29T07:50:52.563417",
  "overall_quality": 1.0,
  "avg_latency": 186.02893023268123,
  "total_data_points": 3580,
  "valid_data_points": 3580,
  "data_sources": 4,
  "active_alerts": 2227629,
  "market_signals": 101
}