{
  "timestamp": "2025-08-26T17:04:32.782745",
  "overall_quality": 1.0,
  "avg_latency": 162.47336024967925,
  "total_data_points": 3120,
  "valid_data_points": 3120,
  "data_sources": 4,
  "active_alerts": 602427,
  "market_signals": 103
}