{
  "timestamp": "2025-08-27T08:57:48.887107",
  "overall_quality": 1.0,
  "avg_latency": 255.46519260142585,
  "total_data_points": 4910,
  "valid_data_points": 4910,
  "data_sources": 4,
  "active_alerts": 1010106,
  "market_signals": 100
}