{
  "timestamp": "2025-08-30T06:01:52.899574",
  "overall_quality": 1.0,
  "avg_latency": 210.7149628575177,
  "total_data_points": 4190,
  "valid_data_points": 4190,
  "data_sources": 4,
  "active_alerts": 2803498,
  "market_signals": 101
}