{
  "timestamp": "2025-08-27T15:43:54.712554",
  "overall_quality": 1.0,
  "avg_latency": 285.65003640601094,
  "total_data_points": 5490,
  "valid_data_points": 5490,
  "data_sources": 4,
  "active_alerts": 1184218,
  "market_signals": 101
}