{
  "timestamp": "2025-08-26T08:54:35.350587",
  "overall_quality": 1.0,
  "avg_latency": 166.44728982531254,
  "total_data_points": 3200,
  "valid_data_points": 3200,
  "data_sources": 4,
  "active_alerts": 392431,
  "market_signals": 101
}