{
  "timestamp": "2025-08-28T11:27:44.320434",
  "overall_quality": 1.0,
  "avg_latency": 245.42322566334747,
  "total_data_points": 4720,
  "valid_data_points": 4720,
  "data_sources": 4,
  "active_alerts": 1692629,
  "market_signals": 101
}