{
  "timestamp": "2025-08-25T22:57:44.139042",
  "overall_quality": 1.0,
  "avg_latency": 264.3397812442911,
  "total_data_points": 5080,
  "valid_data_points": 5080,
  "data_sources": 4,
  "active_alerts": 139738,
  "market_signals": 102
}