{
  "timestamp": "2025-08-29T10:51:37.200197",
  "overall_quality": 1.0,
  "avg_latency": 207.35624451679237,
  "total_data_points": 3990,
  "valid_data_points": 3990,
  "data_sources": 4,
  "active_alerts": 2305241,
  "market_signals": 101
}