{
  "timestamp": "2025-08-30T01:35:47.765933",
  "overall_quality": 1.0,
  "avg_latency": 178.68063689549282,
  "total_data_points": 3550,
  "valid_data_points": 3550,
  "data_sources": 4,
  "active_alerts": 2686972,
  "market_signals": 100
}