{
  "timestamp": "2025-08-29T16:06:36.801535",
  "overall_quality": 1.0,
  "avg_latency": 204.92403465206357,
  "total_data_points": 3949,
  "valid_data_points": 3949,
  "data_sources": 4,
  "active_alerts": 2439295,
  "market_signals": 102
}