{
  "timestamp": "2025-08-28T11:28:44.473266",
  "overall_quality": 1.0,
  "avg_latency": 275.4251227964147,
  "total_data_points": 5300,
  "valid_data_points": 5300,
  "data_sources": 4,
  "active_alerts": 1693097,
  "market_signals": 101
}