{
  "timestamp": "2025-08-25T20:53:47.078642",
  "overall_quality": 1.0,
  "avg_latency": 296.6494517407408,
  "total_data_points": 5670,
  "valid_data_points": 5670,
  "data_sources": 4,
  "active_alerts": 87079,
  "market_signals": 103
}