{
  "timestamp": "2025-08-27T05:09:45.664007",
  "overall_quality": 1.0,
  "avg_latency": 164.36860968801267,
  "total_data_points": 3170,
  "valid_data_points": 3170,
  "data_sources": 4,
  "active_alerts": 911606,
  "market_signals": 101
}