{
  "timestamp": "2025-08-27T07:53:39.927163",
  "overall_quality": 1.0,
  "avg_latency": 281.27602906666715,
  "total_data_points": 5400,
  "valid_data_points": 5400,
  "data_sources": 4,
  "active_alerts": 982796,
  "market_signals": 101
}