{
  "timestamp": "2025-08-28T04:58:39.398170",
  "overall_quality": 1.0,
  "avg_latency": 275.0412152839612,
  "total_data_points": 5300,
  "valid_data_points": 5300,
  "data_sources": 4,
  "active_alerts": 1527867,
  "market_signals": 102
}