{
  "timestamp": "2025-08-28T16:04:55.823749",
  "overall_quality": 1.0,
  "avg_latency": 160.36147471883135,
  "total_data_points": 3080,
  "valid_data_points": 3080,
  "data_sources": 4,
  "active_alerts": 1812392,
  "market_signals": 104
}