{
  "timestamp": "2025-08-27T07:41:38.151181",
  "overall_quality": 1.0,
  "avg_latency": 220.20841200518873,
  "total_data_points": 4240,
  "valid_data_points": 4240,
  "data_sources": 4,
  "active_alerts": 977878,
  "market_signals": 101
}