{
  "timestamp": "2025-08-28T05:17:40.849477",
  "overall_quality": 1.0,
  "avg_latency": 245.83889765539118,
  "total_data_points": 4730,
  "valid_data_points": 4730,
  "data_sources": 4,
  "active_alerts": 1536023,
  "market_signals": 101
}