{
  "timestamp": "2025-08-25T23:12:46.552059",
  "overall_quality": 1.0,
  "avg_latency": 264.9739132782778,
  "total_data_points": 5110,
  "valid_data_points": 5110,
  "data_sources": 4,
  "active_alerts": 146298,
  "market_signals": 100
}