{
  "timestamp": "2025-08-26T11:50:35.532486",
  "overall_quality": 1.0,
  "avg_latency": 195.49004903209595,
  "total_data_points": 3770,
  "valid_data_points": 3770,
  "data_sources": 4,
  "active_alerts": 468463,
  "market_signals": 101
}