{
  "timestamp": "2025-08-29T02:36:44.263008",
  "overall_quality": 1.0,
  "avg_latency": 212.7342262566046,
  "total_data_points": 4240,
  "valid_data_points": 4240,
  "data_sources": 4,
  "active_alerts": 2089302,
  "market_signals": 100
}