{
  "timestamp": "2025-08-26T09:03:37.261884",
  "overall_quality": 1.0,
  "avg_latency": 287.6205800551532,
  "total_data_points": 5530,
  "valid_data_points": 5530,
  "data_sources": 4,
  "active_alerts": 396146,
  "market_signals": 102
}