{
  "timestamp": "2025-08-28T22:23:39.397405",
  "overall_quality": 1.0,
  "avg_latency": 271.10883240946225,
  "total_data_points": 5390,
  "valid_data_points": 5390,
  "data_sources": 4,
  "active_alerts": 1976837,
  "market_signals": 104
}