{
  "timestamp": "2025-08-27T15:45:55.508825",
  "overall_quality": 1.0,
  "avg_latency": 196.29942888723423,
  "total_data_points": 3760,
  "valid_data_points": 3760,
  "data_sources": 4,
  "active_alerts": 1185076,
  "market_signals": 101
}