{
  "timestamp": "2025-08-27T13:02:59.051085",
  "overall_quality": 1.0,
  "avg_latency": 259.2698078827306,
  "total_data_points": 4980,
  "valid_data_points": 4980,
  "data_sources": 4,
  "active_alerts": 1115085,
  "market_signals": 101
}