{
  "timestamp": "2025-08-26T00:52:36.786047",
  "overall_quality": 1.0,
  "avg_latency": 259.68901350800076,
  "total_data_points": 5000,
  "valid_data_points": 5000,
  "data_sources": 4,
  "active_alerts": 188228,
  "market_signals": 105
}