{
  "timestamp": "2025-08-29T10:21:34.705651",
  "overall_quality": 1.0,
  "avg_latency": 207.23508837593147,
  "total_data_points": 4030,
  "valid_data_points": 4030,
  "data_sources": 4,
  "active_alerts": 2292255,
  "market_signals": 102
}