{
  "timestamp": "2025-08-30T07:36:54.569941",
  "overall_quality": 1.0,
  "avg_latency": 211.66738846595163,
  "total_data_points": 4200,
  "valid_data_points": 4200,
  "data_sources": 4,
  "active_alerts": 2844788,
  "market_signals": 101
}