{
  "timestamp": "2025-08-28T15:17:51.923559",
  "overall_quality": 1.0,
  "avg_latency": 248.62795325460323,
  "total_data_points": 4780,
  "valid_data_points": 4780,
  "data_sources": 4,
  "active_alerts": 1792274,
  "market_signals": 102
}