{
  "timestamp": "2025-08-30T04:10:50.689092",
  "overall_quality": 1.0,
  "avg_latency": 179.85319961759757,
  "total_data_points": 3580,
  "valid_data_points": 3580,
  "data_sources": 4,
  "active_alerts": 2754190,
  "market_signals": 102
}