{
  "timestamp": "2025-08-29T20:26:36.309325",
  "overall_quality": 1.0,
  "avg_latency": 203.80492128010266,
  "total_data_points": 3920,
  "valid_data_points": 3920,
  "data_sources": 4,
  "active_alerts": 2550420,
  "market_signals": 100
}