{
  "timestamp": "2025-08-27T23:03:55.167684",
  "overall_quality": 1.0,
  "avg_latency": 283.9874292727434,
  "total_data_points": 5650,
  "valid_data_points": 5650,
  "data_sources": 4,
  "active_alerts": 1372860,
  "market_signals": 101
}