{
  "timestamp": "2025-08-27T04:09:35.443606",
  "overall_quality": 1.0,
  "avg_latency": 159.7783401511398,
  "total_data_points": 3070,
  "valid_data_points": 3070,
  "data_sources": 4,
  "active_alerts": 885754,
  "market_signals": 101
}