{
  "timestamp": "2025-08-30T03:15:49.695602",
  "overall_quality": 1.0,
  "avg_latency": 179.43837493146026,
  "total_data_points": 3560,
  "valid_data_points": 3560,
  "data_sources": 4,
  "active_alerts": 2730699,
  "market_signals": 101
}