{
  "timestamp": "2025-08-29T15:33:33.197227",
  "overall_quality": 1.0,
  "avg_latency": 263.81154020374765,
  "total_data_points": 5070,
  "valid_data_points": 5070,
  "data_sources": 4,
  "active_alerts": 2425579,
  "market_signals": 101
}