{
  "timestamp": "2025-08-27T03:12:55.442445",
  "overall_quality": 1.0,
  "avg_latency": 259.9667400758003,
  "total_data_points": 5000,
  "valid_data_points": 5000,
  "data_sources": 4,
  "active_alerts": 861454,
  "market_signals": 100
}