{
  "timestamp": "2025-08-29T15:03:30.327391",
  "overall_quality": 1.0,
  "avg_latency": 262.2346178502969,
  "total_data_points": 5050,
  "valid_data_points": 5050,
  "data_sources": 4,
  "active_alerts": 2412784,
  "market_signals": 100
}