{
  "timestamp": "2025-08-26T23:20:43.834930",
  "overall_quality": 1.0,
  "avg_latency": 195.44388410106393,
  "total_data_points": 3760,
  "valid_data_points": 3760,
  "data_sources": 4,
  "active_alerts": 762282,
  "market_signals": 101
}