{
  "timestamp": "2025-08-29T07:43:51.758695",
  "overall_quality": 1.0,
  "avg_latency": 277.04814111252364,
  "total_data_points": 5350,
  "valid_data_points": 5350,
  "data_sources": 4,
  "active_alerts": 2224694,
  "market_signals": 102
}