{
  "timestamp": "2025-08-28T11:56:45.874285",
  "overall_quality": 1.0,
  "avg_latency": 215.70810823706313,
  "total_data_points": 4290,
  "valid_data_points": 4290,
  "data_sources": 4,
  "active_alerts": 1704807,
  "market_signals": 100
}