{
  "timestamp": "2025-08-29T05:51:48.289644",
  "overall_quality": 1.0,
  "avg_latency": 214.07345508028197,
  "total_data_points": 4260,
  "valid_data_points": 4260,
  "data_sources": 4,
  "active_alerts": 2175393,
  "market_signals": 103
}