{
  "timestamp": "2025-08-30T01:21:47.470257",
  "overall_quality": 1.0,
  "avg_latency": 208.24548807156586,
  "total_data_points": 4150,
  "valid_data_points": 4150,
  "data_sources": 4,
  "active_alerts": 2681058,
  "market_signals": 102
}