{
  "timestamp": "2025-08-28T09:41:36.233655",
  "overall_quality": 1.0,
  "avg_latency": 212.10468529388706,
  "total_data_points": 4090,
  "valid_data_points": 4090,
  "data_sources": 4,
  "active_alerts": 1648199,
  "market_signals": 101
}