{
  "timestamp": "2025-08-27T18:44:58.946010",
  "overall_quality": 1.0,
  "avg_latency": 167.48943107999992,
  "total_data_points": 3200,
  "valid_data_points": 3200,
  "data_sources": 4,
  "active_alerts": 1261435,
  "market_signals": 100
}