{
  "timestamp": "2025-08-26T16:33:56.152425",
  "overall_quality": 1.0,
  "avg_latency": 294.1003118005677,
  "total_data_points": 5646,
  "valid_data_points": 5646,
  "data_sources": 4,
  "active_alerts": 589230,
  "market_signals": 101
}