{
  "timestamp": "2025-08-29T09:34:31.039865",
  "overall_quality": 1.0,
  "avg_latency": 294.9827452269832,
  "total_data_points": 5670,
  "valid_data_points": 5670,
  "data_sources": 4,
  "active_alerts": 2272300,
  "market_signals": 103
}