{
  "timestamp": "2025-08-26T21:12:49.187079",
  "overall_quality": 1.0,
  "avg_latency": 259.07635927329255,
  "total_data_points": 4980,
  "valid_data_points": 4980,
  "data_sources": 4,
  "active_alerts": 708485,
  "market_signals": 103
}