{
  "timestamp": "2025-08-29T00:10:41.422169",
  "overall_quality": 1.0,
  "avg_latency": 181.6761602581715,
  "total_data_points": 3610,
  "valid_data_points": 3610,
  "data_sources": 4,
  "active_alerts": 2024990,
  "market_signals": 101
}