{
  "timestamp": "2025-08-30T05:34:52.326863",
  "overall_quality": 1.0,
  "avg_latency": 150.70506411237426,
  "total_data_points": 2990,
  "valid_data_points": 2990,
  "data_sources": 4,
  "active_alerts": 2791360,
  "market_signals": 101
}