{
  "timestamp": "2025-08-29T07:13:50.761677",
  "overall_quality": 1.0,
  "avg_latency": 275.52261372403774,
  "total_data_points": 5450,
  "valid_data_points": 5450,
  "data_sources": 4,
  "active_alerts": 2211776,
  "market_signals": 100
}