{
  "timestamp": "2025-08-28T19:58:36.681384",
  "overall_quality": 1.0,
  "avg_latency": 269.69922403376887,
  "total_data_points": 5360,
  "valid_data_points": 5360,
  "data_sources": 4,
  "active_alerts": 1912767,
  "market_signals": 101
}