{
  "timestamp": "2025-08-27T02:54:51.842953",
  "overall_quality": 1.0,
  "avg_latency": 168.2411241009255,
  "total_data_points": 3240,
  "valid_data_points": 3240,
  "data_sources": 4,
  "active_alerts": 853585,
  "market_signals": 101
}