{
  "timestamp": "2025-08-29T01:35:43.077443",
  "overall_quality": 1.0,
  "avg_latency": 182.17959410911615,
  "total_data_points": 3620,
  "valid_data_points": 3620,
  "data_sources": 4,
  "active_alerts": 2062196,
  "market_signals": 102
}