{
  "timestamp": "2025-08-26T22:40:35.589997",
  "overall_quality": 1.0,
  "avg_latency": 191.77698127771788,
  "total_data_points": 3680,
  "valid_data_points": 3680,
  "data_sources": 4,
  "active_alerts": 745518,
  "market_signals": 101
}