{
  "timestamp": "2025-08-29T17:15:44.820525",
  "overall_quality": 1.0,
  "avg_latency": 179.20965109999997,
  "total_data_points": 3450,
  "valid_data_points": 3450,
  "data_sources": 4,
  "active_alerts": 2468403,
  "market_signals": 101
}