{
  "timestamp": "2025-08-29T19:10:59.666317",
  "overall_quality": 1.0,
  "avg_latency": 185.60214871568647,
  "total_data_points": 3570,
  "valid_data_points": 3570,
  "data_sources": 4,
  "active_alerts": 2518016,
  "market_signals": 103
}