{
  "timestamp": "2025-08-26T15:20:42.505876",
  "overall_quality": 1.0,
  "avg_latency": 197.93355412605328,
  "total_data_points": 3800,
  "valid_data_points": 3800,
  "data_sources": 4,
  "active_alerts": 557802,
  "market_signals": 101
}