{
  "timestamp": "2025-08-28T04:51:38.521226",
  "overall_quality": 1.0,
  "avg_latency": 215.08681710555538,
  "total_data_points": 4140,
  "valid_data_points": 4140,
  "data_sources": 4,
  "active_alerts": 1524601,
  "market_signals": 100
}