{
  "timestamp": "2025-08-27T14:43:45.033497",
  "overall_quality": 1.0,
  "avg_latency": 281.6484588830266,
  "total_data_points": 5420,
  "valid_data_points": 5420,
  "data_sources": 4,
  "active_alerts": 1158491,
  "market_signals": 100
}