{
  "timestamp": "2025-08-28T16:49:59.364274",
  "overall_quality": 1.0,
  "avg_latency": 161.57049872893873,
  "total_data_points": 3110,
  "valid_data_points": 3110,
  "data_sources": 4,
  "active_alerts": 1831990,
  "market_signals": 101
}