{
  "timestamp": "2025-08-28T05:06:39.995551",
  "overall_quality": 1.0,
  "avg_latency": 215.10584325096644,
  "total_data_points": 4140,
  "valid_data_points": 4140,
  "data_sources": 4,
  "active_alerts": 1531291,
  "market_signals": 103
}