{
  "timestamp": "2025-08-30T00:02:45.842462",
  "overall_quality": 1.0,
  "avg_latency": 237.76592831970277,
  "total_data_points": 4720,
  "valid_data_points": 4720,
  "data_sources": 4,
  "active_alerts": 2646006,
  "market_signals": 101
}