{
  "timestamp": "2025-08-27T19:37:36.147727",
  "overall_quality": 1.0,
  "avg_latency": 245.0039475116527,
  "total_data_points": 4720,
  "valid_data_points": 4720,
  "data_sources": 4,
  "active_alerts": 1283899,
  "market_signals": 101
}