{
  "timestamp": "2025-08-26T07:02:44.637892",
  "overall_quality": 1.0,
  "avg_latency": 262.1986553267852,
  "total_data_points": 5040,
  "valid_data_points": 5040,
  "data_sources": 4,
  "active_alerts": 344610,
  "market_signals": 102
}