{
  "timestamp": "2025-08-29T23:57:45.740643",
  "overall_quality": 1.0,
  "avg_latency": 237.89922660232529,
  "total_data_points": 4730,
  "valid_data_points": 4730,
  "data_sources": 4,
  "active_alerts": 2643698,
  "market_signals": 101
}