{
  "timestamp": "2025-08-29T02:09:43.774458",
  "overall_quality": 1.0,
  "avg_latency": 152.66572964835555,
  "total_data_points": 3040,
  "valid_data_points": 3040,
  "data_sources": 4,
  "active_alerts": 2077299,
  "market_signals": 100
}