{
  "timestamp": "2025-08-27T06:16:54.875408",
  "overall_quality": 1.0,
  "avg_latency": 229.13913895613607,
  "total_data_points": 4400,
  "valid_data_points": 4400,
  "data_sources": 4,
  "active_alerts": 941218,
  "market_signals": 104
}