{
  "timestamp": "2025-08-27T16:33:36.550213",
  "overall_quality": 1.0,
  "avg_latency": 276.6268595920904,
  "total_data_points": 5310,
  "valid_data_points": 5310,
  "data_sources": 4,
  "active_alerts": 1205449,
  "market_signals": 100
}