{
  "timestamp": "2025-08-28T05:01:39.606340",
  "overall_quality": 1.0,
  "avg_latency": 215.16736284746983,
  "total_data_points": 4150,
  "valid_data_points": 4150,
  "data_sources": 4,
  "active_alerts": 1529061,
  "market_signals": 104
}