{
  "timestamp": "2025-08-29T17:09:44.230019",
  "overall_quality": 1.0,
  "avg_latency": 298.55177281130426,
  "total_data_points": 5750,
  "valid_data_points": 5750,
  "data_sources": 4,
  "active_alerts": 2465909,
  "market_signals": 101
}