{
  "timestamp": "2025-08-26T16:11:51.981586",
  "overall_quality": 1.0,
  "avg_latency": 232.4099384591928,
  "total_data_points": 4460,
  "valid_data_points": 4460,
  "data_sources": 4,
  "active_alerts": 579542,
  "market_signals": 101
}