{
  "timestamp": "2025-08-29T08:46:56.555127",
  "overall_quality": 1.0,
  "avg_latency": 217.7516979847259,
  "total_data_points": 4190,
  "valid_data_points": 4190,
  "data_sources": 4,
  "active_alerts": 2251632,
  "market_signals": 100
}