{
  "timestamp": "2025-08-26T02:05:50.231791",
  "overall_quality": 1.0,
  "avg_latency": 206.13677663601976,
  "total_data_points": 3970,
  "valid_data_points": 3970,
  "data_sources": 4,
  "active_alerts": 219228,
  "market_signals": 101
}