{
  "timestamp": "2025-08-27T18:06:51.758194",
  "overall_quality": 1.0,
  "avg_latency": 223.35259482674374,
  "total_data_points": 4300,
  "valid_data_points": 4300,
  "data_sources": 4,
  "active_alerts": 1245303,
  "market_signals": 100
}