{
  "timestamp": "2025-08-25T23:51:54.841071",
  "overall_quality": 1.0,
  "avg_latency": 239.50076807342032,
  "total_data_points": 4590,
  "valid_data_points": 4590,
  "data_sources": 4,
  "active_alerts": 163239,
  "market_signals": 102
}