{
  "timestamp": "2025-08-26T00:44:35.583179",
  "overall_quality": 1.0,
  "avg_latency": 169.55528650429446,
  "total_data_points": 3260,
  "valid_data_points": 3260,
  "data_sources": 4,
  "active_alerts": 184807,
  "market_signals": 101
}