{
  "timestamp": "2025-08-27T10:23:32.860590",
  "overall_quality": 1.0,
  "avg_latency": 277.1545165366531,
  "total_data_points": 5320,
  "valid_data_points": 5320,
  "data_sources": 4,
  "active_alerts": 1046863,
  "market_signals": 102
}