{
  "timestamp": "2025-08-28T09:47:36.722002",
  "overall_quality": 1.0,
  "avg_latency": 241.72262109419242,
  "total_data_points": 4650,
  "valid_data_points": 4650,
  "data_sources": 4,
  "active_alerts": 1650699,
  "market_signals": 102
}