{
  "timestamp": "2025-08-27T13:29:33.664517",
  "overall_quality": 1.0,
  "avg_latency": 156.43479517233308,
  "total_data_points": 3000,
  "valid_data_points": 3000,
  "data_sources": 4,
  "active_alerts": 1126782,
  "market_signals": 101
}