{
  "timestamp": "2025-08-29T11:22:39.907676",
  "overall_quality": 1.0,
  "avg_latency": 238.73277046209134,
  "total_data_points": 4590,
  "valid_data_points": 4590,
  "data_sources": 4,
  "active_alerts": 2318668,
  "market_signals": 101
}