{
  "timestamp": "2025-08-30T05:09:51.821365",
  "overall_quality": 1.0,
  "avg_latency": 150.21865593110377,
  "total_data_points": 2990,
  "valid_data_points": 2990,
  "data_sources": 4,
  "active_alerts": 2780279,
  "market_signals": 101
}