{
  "timestamp": "2025-08-27T12:10:50.483056",
  "overall_quality": 1.0,
  "avg_latency": 195.35695076040582,
  "total_data_points": 3748,
  "valid_data_points": 3748,
  "data_sources": 4,
  "active_alerts": 1093401,
  "market_signals": 100
}