{
  "timestamp": "2025-08-25T23:20:48.120796",
  "overall_quality": 1.0,
  "avg_latency": 206.3671016967261,
  "total_data_points": 3970,
  "valid_data_points": 3970,
  "data_sources": 4,
  "active_alerts": 149757,
  "market_signals": 100
}