{
  "timestamp": "2025-08-26T22:27:33.657976",
  "overall_quality": 1.0,
  "avg_latency": 250.29505839585119,
  "total_data_points": 4820,
  "valid_data_points": 4820,
  "data_sources": 4,
  "active_alerts": 740039,
  "market_signals": 100
}