{
  "timestamp": "2025-08-28T23:13:40.429829",
  "overall_quality": 1.0,
  "avg_latency": 271.2209384466665,
  "total_data_points": 5400,
  "valid_data_points": 5400,
  "data_sources": 4,
  "active_alerts": 1999468,
  "market_signals": 101
}