{
  "timestamp": "2025-08-28T10:06:38.240026",
  "overall_quality": 1.0,
  "avg_latency": 212.24038408019632,
  "total_data_points": 4090,
  "valid_data_points": 4090,
  "data_sources": 4,
  "active_alerts": 1658497,
  "market_signals": 102
}