{
  "timestamp": "2025-08-25T23:23:48.840600",
  "overall_quality": 1.0,
  "avg_latency": 296.69405280332614,
  "total_data_points": 5710,
  "valid_data_points": 5710,
  "data_sources": 4,
  "active_alerts": 150992,
  "market_signals": 103
}