{
  "timestamp": "2025-08-28T16:17:56.798765",
  "overall_quality": 1.0,
  "avg_latency": 251.02615801244727,
  "total_data_points": 4820,
  "valid_data_points": 4820,
  "data_sources": 4,
  "active_alerts": 1818034,
  "market_signals": 100
}