{
  "timestamp": "2025-08-28T18:13:34.743477",
  "overall_quality": 1.0,
  "avg_latency": 268.9343364914018,
  "total_data_points": 5350,
  "valid_data_points": 5350,
  "data_sources": 4,
  "active_alerts": 1867305,
  "market_signals": 101
}