{
  "timestamp": "2025-08-30T06:39:53.575832",
  "overall_quality": 1.0,
  "avg_latency": 151.15322154099977,
  "total_data_points": 3000,
  "valid_data_points": 3000,
  "data_sources": 4,
  "active_alerts": 2819868,
  "market_signals": 100
}