{
  "timestamp": "2025-08-27T04:44:41.522190",
  "overall_quality": 1.0,
  "avg_latency": 162.26009413737995,
  "total_data_points": 3130,
  "valid_data_points": 3130,
  "data_sources": 4,
  "active_alerts": 901104,
  "market_signals": 101
}