{
  "timestamp": "2025-08-29T19:12:59.818379",
  "overall_quality": 1.0,
  "avg_latency": 245.91789424703327,
  "total_data_points": 4720,
  "valid_data_points": 4720,
  "data_sources": 4,
  "active_alerts": 2518852,
  "market_signals": 100
}