{
  "timestamp": "2025-08-26T07:22:48.170481",
  "overall_quality": 1.0,
  "avg_latency": 263.27317672292435,
  "total_data_points": 5060,
  "valid_data_points": 5060,
  "data_sources": 4,
  "active_alerts": 353313,
  "market_signals": 101
}