{
  "timestamp": "2025-08-28T03:18:30.644392",
  "overall_quality": 1.0,
  "avg_latency": 271.2562378516738,
  "total_data_points": 5380,
  "valid_data_points": 5380,
  "data_sources": 4,
  "active_alerts": 1485005,
  "market_signals": 104
}