{
  "timestamp": "2025-08-27T11:22:42.068074",
  "overall_quality": 1.0,
  "avg_latency": 251.03957234875523,
  "total_data_points": 4820,
  "valid_data_points": 4820,
  "data_sources": 4,
  "active_alerts": 1072165,
  "market_signals": 101
}