{
  "timestamp": "2025-08-29T17:56:50.572296",
  "overall_quality": 1.0,
  "avg_latency": 211.4669112886705,
  "total_data_points": 4060,
  "valid_data_points": 4060,
  "data_sources": 4,
  "active_alerts": 2486169,
  "market_signals": 102
}