{
  "timestamp": "2025-08-26T23:48:48.813461",
  "overall_quality": 1.0,
  "avg_latency": 287.9122114019824,
  "total_data_points": 5550,
  "valid_data_points": 5550,
  "data_sources": 4,
  "active_alerts": 773794,
  "market_signals": 102
}