{
  "timestamp": "2025-08-26T08:53:35.185536",
  "overall_quality": 1.0,
  "avg_latency": 286.7268371208711,
  "total_data_points": 5510,
  "valid_data_points": 5510,
  "data_sources": 4,
  "active_alerts": 391992,
  "market_signals": 100
}