{
  "timestamp": "2025-08-30T04:41:51.233234",
  "overall_quality": 1.0,
  "avg_latency": 209.99078726091096,
  "total_data_points": 4170,
  "valid_data_points": 4170,
  "data_sources": 4,
  "active_alerts": 2767679,
  "market_signals": 102
}