{
  "timestamp": "2025-08-29T05:03:47.212975",
  "overall_quality": 1.0,
  "avg_latency": 274.1126332289907,
  "total_data_points": 5450,
  "valid_data_points": 5450,
  "data_sources": 4,
  "active_alerts": 2154049,
  "market_signals": 101
}