{
  "timestamp": "2025-08-25T22:15:36.756916",
  "overall_quality": 1.0,
  "avg_latency": 200.67589710705028,
  "total_data_points": 3830,
  "valid_data_points": 3830,
  "data_sources": 4,
  "active_alerts": 121431,
  "market_signals": 102
}