{
  "timestamp": "2025-08-28T17:38:33.417269",
  "overall_quality": 1.0,
  "avg_latency": 268.3991024614939,
  "total_data_points": 5168,
  "valid_data_points": 5168,
  "data_sources": 4,
  "active_alerts": 1852574,
  "market_signals": 105
}