{
  "timestamp": "2025-08-27T03:52:32.470187",
  "overall_quality": 1.0,
  "avg_latency": 248.6238202355653,
  "total_data_points": 4780,
  "valid_data_points": 4780,
  "data_sources": 4,
  "active_alerts": 878478,
  "market_signals": 103
}