{
  "timestamp": "2025-08-29T09:18:59.677560",
  "overall_quality": 1.0,
  "avg_latency": 278.9699908966484,
  "total_data_points": 5370,
  "valid_data_points": 5370,
  "data_sources": 4,
  "active_alerts": 2265571,
  "market_signals": 103
}