{
  "timestamp": "2025-08-28T12:51:46.765465",
  "overall_quality": 1.0,
  "avg_latency": 215.9355125623256,
  "total_data_points": 4300,
  "valid_data_points": 4300,
  "data_sources": 4,
  "active_alerts": 1728792,
  "market_signals": 104
}