{
  "timestamp": "2025-08-26T20:03:36.726638",
  "overall_quality": 1.0,
  "avg_latency": 283.23215480165555,
  "total_data_points": 5440,
  "valid_data_points": 5440,
  "data_sources": 4,
  "active_alerts": 678824,
  "market_signals": 102
}