{
  "timestamp": "2025-08-29T13:15:50.866527",
  "overall_quality": 1.0,
  "avg_latency": 183.40531866883867,
  "total_data_points": 3530,
  "valid_data_points": 3530,
  "data_sources": 4,
  "active_alerts": 2367100,
  "market_signals": 100
}