{
  "timestamp": "2025-08-26T23:52:49.455133",
  "overall_quality": 1.0,
  "avg_latency": 258.47703551891345,
  "total_data_points": 4970,
  "valid_data_points": 4970,
  "data_sources": 4,
  "active_alerts": 775404,
  "market_signals": 101
}