{
  "timestamp": "2025-08-26T16:13:52.304863",
  "overall_quality": 1.0,
  "avg_latency": 292.75040492762895,
  "total_data_points": 5610,
  "valid_data_points": 5610,
  "data_sources": 4,
  "active_alerts": 580365,
  "market_signals": 100
}