{
  "timestamp": "2025-08-29T03:03:44.830492",
  "overall_quality": 1.0,
  "avg_latency": 273.398412851381,
  "total_data_points": 5430,
  "valid_data_points": 5430,
  "data_sources": 4,
  "active_alerts": 2101227,
  "market_signals": 100
}