{
  "timestamp": "2025-08-30T04:50:51.432188",
  "overall_quality": 1.0,
  "avg_latency": 179.59504234106114,
  "total_data_points": 3580,
  "valid_data_points": 3580,
  "data_sources": 4,
  "active_alerts": 2771836,
  "market_signals": 102
}