{
  "timestamp": "2025-08-26T20:01:36.080492",
  "overall_quality": 1.0,
  "avg_latency": 222.9359313558413,
  "total_data_points": 4280,
  "valid_data_points": 4280,
  "data_sources": 4,
  "active_alerts": 678054,
  "market_signals": 101
}