{
  "timestamp": "2025-08-27T10:48:37.112328",
  "overall_quality": 1.0,
  "avg_latency": 278.5019247570897,
  "total_data_points": 5360,
  "valid_data_points": 5360,
  "data_sources": 4,
  "active_alerts": 1057503,
  "market_signals": 100
}