{
  "timestamp": "2025-08-26T02:42:57.027915",
  "overall_quality": 1.0,
  "avg_latency": 269.3708927469109,
  "total_data_points": 5180,
  "valid_data_points": 5180,
  "data_sources": 4,
  "active_alerts": 235068,
  "market_signals": 100
}