{
  "timestamp": "2025-08-26T06:31:39.350830",
  "overall_quality": 1.0,
  "avg_latency": 229.14413601428524,
  "total_data_points": 4410,
  "valid_data_points": 4410,
  "data_sources": 4,
  "active_alerts": 331573,
  "market_signals": 101
}