{
  "timestamp": "2025-08-29T01:13:42.625008",
  "overall_quality": 1.0,
  "avg_latency": 272.24948053579413,
  "total_data_points": 5420,
  "valid_data_points": 5420,
  "data_sources": 4,
  "active_alerts": 2052899,
  "market_signals": 101
}