{
  "timestamp": "2025-08-27T03:04:53.831599",
  "overall_quality": 1.0,
  "avg_latency": 169.2391633384612,
  "total_data_points": 3250,
  "valid_data_points": 3250,
  "data_sources": 4,
  "active_alerts": 857893,
  "market_signals": 103
}