{
  "timestamp": "2025-08-26T00:48:36.381770",
  "overall_quality": 1.0,
  "avg_latency": 289.71588251594966,
  "total_data_points": 5580,
  "valid_data_points": 5580,
  "data_sources": 4,
  "active_alerts": 186404,
  "market_signals": 100
}