{
  "timestamp": "2025-08-29T04:33:46.526156",
  "overall_quality": 1.0,
  "avg_latency": 273.3022278496313,
  "total_data_points": 5440,
  "valid_data_points": 5440,
  "data_sources": 4,
  "active_alerts": 2141022,
  "market_signals": 102
}