{
  "timestamp": "2025-08-29T19:19:30.788233",
  "overall_quality": 1.0,
  "avg_latency": 291.6377809721419,
  "total_data_points": 5600,
  "valid_data_points": 5600,
  "data_sources": 4,
  "active_alerts": 2521713,
  "market_signals": 101
}