{
  "timestamp": "2025-08-27T14:50:46.081621",
  "overall_quality": 1.0,
  "avg_latency": 191.79888573261212,
  "total_data_points": 3695,
  "valid_data_points": 3695,
  "data_sources": 4,
  "active_alerts": 1161251,
  "market_signals": 102
}