{
  "timestamp": "2025-08-27T03:27:58.251166",
  "overall_quality": 1.0,
  "avg_latency": 261.50290100576495,
  "total_data_points": 5030,
  "valid_data_points": 5030,
  "data_sources": 4,
  "active_alerts": 868154,
  "market_signals": 100
}