{
  "timestamp": "2025-08-30T05:20:52.037735",
  "overall_quality": 1.0,
  "avg_latency": 180.07699514094676,
  "total_data_points": 3590,
  "valid_data_points": 3590,
  "data_sources": 4,
  "active_alerts": 2785268,
  "market_signals": 101
}