{
  "timestamp": "2025-08-30T01:24:47.537717",
  "overall_quality": 1.0,
  "avg_latency": 298.3117970964644,
  "total_data_points": 5940,
  "valid_data_points": 5940,
  "data_sources": 4,
  "active_alerts": 2682372,
  "market_signals": 100
}