{
  "timestamp": "2025-08-28T05:35:43.110229",
  "overall_quality": 1.0,
  "avg_latency": 186.5614908282119,
  "total_data_points": 3580,
  "valid_data_points": 3580,
  "data_sources": 4,
  "active_alerts": 1543904,
  "market_signals": 102
}