{
  "timestamp": "2025-08-25T18:24:53.446320",
  "overall_quality": 1.0,
  "avg_latency": 180.5138836761111,
  "total_data_points": 3600,
  "valid_data_points": 3600,
  "data_sources": 4,
  "active_alerts": 22506,
  "market_signals": 101
}