{
  "timestamp": "2025-08-29T17:46:48.952488",
  "overall_quality": 1.0,
  "avg_latency": 210.71483814123437,
  "total_data_points": 4050,
  "valid_data_points": 4050,
  "data_sources": 4,
  "active_alerts": 2481989,
  "market_signals": 101
}