{
  "timestamp": "2025-08-30T01:17:47.393534",
  "overall_quality": 1.0,
  "avg_latency": 238.25763000527417,
  "total_data_points": 4740,
  "valid_data_points": 4740,
  "data_sources": 4,
  "active_alerts": 2679290,
  "market_signals": 101
}