{
  "timestamp": "2025-08-26T08:05:56.081624",
  "overall_quality": 1.0,
  "avg_latency": 207.3887716758796,
  "total_data_points": 3980,
  "valid_data_points": 3980,
  "data_sources": 4,
  "active_alerts": 372531,
  "market_signals": 100
}