{
  "timestamp": "2025-08-26T18:41:50.621763",
  "overall_quality": 1.0,
  "avg_latency": 230.90999636794584,
  "total_data_points": 4430,
  "valid_data_points": 4430,
  "data_sources": 4,
  "active_alerts": 643854,
  "market_signals": 101
}