{
  "timestamp": "2025-08-27T16:41:37.435011",
  "overall_quality": 1.0,
  "avg_latency": 216.9301773947368,
  "total_data_points": 4180,
  "valid_data_points": 4180,
  "data_sources": 4,
  "active_alerts": 1208902,
  "market_signals": 102
}