{
  "timestamp": "2025-08-27T11:07:39.850947",
  "overall_quality": 1.0,
  "avg_latency": 249.82271624312463,
  "total_data_points": 4800,
  "valid_data_points": 4800,
  "data_sources": 4,
  "active_alerts": 1066024,
  "market_signals": 103
}