{
  "timestamp": "2025-08-25T20:58:48.037059",
  "overall_quality": 1.0,
  "avg_latency": 297.14078408447983,
  "total_data_points": 5670,
  "valid_data_points": 5670,
  "data_sources": 4,
  "active_alerts": 89092,
  "market_signals": 100
}