{
  "timestamp": "2025-08-29T01:21:42.790232",
  "overall_quality": 1.0,
  "avg_latency": 212.5459813767772,
  "total_data_points": 4220,
  "valid_data_points": 4220,
  "data_sources": 4,
  "active_alerts": 2056419,
  "market_signals": 103
}