{
  "timestamp": "2025-08-27T14:13:40.157334",
  "overall_quality": 1.0,
  "avg_latency": 279.6890843567966,
  "total_data_points": 5370,
  "valid_data_points": 5370,
  "data_sources": 4,
  "active_alerts": 1145870,
  "market_signals": 101
}