{
  "timestamp": "2025-08-28T23:27:40.674950",
  "overall_quality": 1.0,
  "avg_latency": 241.75225746416564,
  "total_data_points": 4800,
  "valid_data_points": 4800,
  "data_sources": 4,
  "active_alerts": 2005781,
  "market_signals": 102
}