{
  "timestamp": "2025-08-28T02:41:59.530503",
  "overall_quality": 1.0,
  "avg_latency": 225.56236980962024,
  "total_data_points": 4470,
  "valid_data_points": 4470,
  "data_sources": 4,
  "active_alerts": 1468737,
  "market_signals": 100
}