{
  "timestamp": "2025-08-26T00:07:59.667961",
  "overall_quality": 1.0,
  "avg_latency": 271.4199064266287,
  "total_data_points": 5220,
  "valid_data_points": 5220,
  "data_sources": 4,
  "active_alerts": 170181,
  "market_signals": 101
}