{
  "timestamp": "2025-08-26T21:56:57.514208",
  "overall_quality": 1.0,
  "avg_latency": 232.63013837002273,
  "total_data_points": 4470,
  "valid_data_points": 4470,
  "data_sources": 4,
  "active_alerts": 727351,
  "market_signals": 102
}