{
  "timestamp": "2025-08-28T16:26:57.668049",
  "overall_quality": 1.0,
  "avg_latency": 220.57269642853888,
  "total_data_points": 4240,
  "valid_data_points": 4240,
  "data_sources": 4,
  "active_alerts": 1822041,
  "market_signals": 102
}