{
  "timestamp": "2025-08-30T04:19:50.847473",
  "overall_quality": 1.0,
  "avg_latency": 299.7089444006714,
  "total_data_points": 5960,
  "valid_data_points": 5960,
  "data_sources": 4,
  "active_alerts": 2758129,
  "market_signals": 102
}