{
  "timestamp": "2025-08-26T18:16:45.033635",
  "overall_quality": 1.0,
  "avg_latency": 227.8491152239723,
  "total_data_points": 4380,
  "valid_data_points": 4380,
  "data_sources": 4,
  "active_alerts": 633174,
  "market_signals": 101
}