{
  "timestamp": "2025-08-28T16:59:30.394759",
  "overall_quality": 1.0,
  "avg_latency": 296.53660560595506,
  "total_data_points": 5710,
  "valid_data_points": 5710,
  "data_sources": 4,
  "active_alerts": 1836110,
  "market_signals": 100
}