{
  "timestamp": "2025-08-29T21:18:41.209567",
  "overall_quality": 1.0,
  "avg_latency": 266.1068487894329,
  "total_data_points": 5110,
  "valid_data_points": 5110,
  "data_sources": 4,
  "active_alerts": 2572773,
  "market_signals": 101
}