{
  "timestamp": "2025-08-25T17:57:52.560110",
  "overall_quality": 1.0,
  "avg_latency": 270.18110977560514,
  "total_data_points": 5370,
  "valid_data_points": 5370,
  "data_sources": 4,
  "active_alerts": 10408,
  "market_signals": 100
}