{
  "timestamp": "2025-08-29T01:46:43.308555",
  "overall_quality": 1.0,
  "avg_latency": 212.532667944208,
  "total_data_points": 4230,
  "valid_data_points": 4230,
  "data_sources": 4,
  "active_alerts": 2067079,
  "market_signals": 102
}