{
  "timestamp": "2025-08-30T09:02:56.267577",
  "overall_quality": 1.0,
  "avg_latency": 242.02007954386568,
  "total_data_points": 4810,
  "valid_data_points": 4810,
  "data_sources": 4,
  "active_alerts": 2882884,
  "market_signals": 101
}