{
  "timestamp": "2025-08-28T10:46:41.263801",
  "overall_quality": 1.0,
  "avg_latency": 213.7907979588809,
  "total_data_points": 4110,
  "valid_data_points": 4110,
  "data_sources": 4,
  "active_alerts": 1675074,
  "market_signals": 100
}