{
  "timestamp": "2025-08-26T20:31:41.926901",
  "overall_quality": 1.0,
  "avg_latency": 226.00937868456182,
  "total_data_points": 4340,
  "valid_data_points": 4340,
  "data_sources": 4,
  "active_alerts": 690869,
  "market_signals": 102
}