{
  "timestamp": "2025-08-28T18:25:34.972409",
  "overall_quality": 1.0,
  "avg_latency": 178.9220991407301,
  "total_data_points": 3560,
  "valid_data_points": 3560,
  "data_sources": 4,
  "active_alerts": 1872322,
  "market_signals": 100
}