{
  "timestamp": "2025-08-28T07:31:54.544901",
  "overall_quality": 1.0,
  "avg_latency": 221.7557150659624,
  "total_data_points": 4260,
  "valid_data_points": 4260,
  "data_sources": 4,
  "active_alerts": 1592652,
  "market_signals": 101
}