{
  "timestamp": "2025-08-30T05:02:51.675590",
  "overall_quality": 1.0,
  "avg_latency": 240.3246746018833,
  "total_data_points": 4780,
  "valid_data_points": 4780,
  "data_sources": 4,
  "active_alerts": 2777110,
  "market_signals": 101
}