{
  "timestamp": "2025-08-26T09:16:39.993458",
  "overall_quality": 1.0,
  "avg_latency": 228.62913343804098,
  "total_data_points": 4390,
  "valid_data_points": 4390,
  "data_sources": 4,
  "active_alerts": 402014,
  "market_signals": 103
}