{
  "timestamp": "2025-08-26T23:31:45.690407",
  "overall_quality": 1.0,
  "avg_latency": 226.0915487727062,
  "total_data_points": 4360,
  "valid_data_points": 4360,
  "data_sources": 4,
  "active_alerts": 766714,
  "market_signals": 101
}