{
  "timestamp": "2025-08-28T15:56:55.025377",
  "overall_quality": 1.0,
  "avg_latency": 219.8414696484633,
  "total_data_points": 4230,
  "valid_data_points": 4230,
  "data_sources": 4,
  "active_alerts": 1808906,
  "market_signals": 102
}