{
  "timestamp": "2025-08-29T15:50:34.989479",
  "overall_quality": 1.0,
  "avg_latency": 174.66700514447794,
  "total_data_points": 3350,
  "valid_data_points": 3350,
  "data_sources": 4,
  "active_alerts": 2432697,
  "market_signals": 104
}