{
  "timestamp": "2025-08-28T13:39:47.707152",
  "overall_quality": 1.0,
  "avg_latency": 156.27761394855338,
  "total_data_points": 3110,
  "valid_data_points": 3110,
  "data_sources": 4,
  "active_alerts": 1749993,
  "market_signals": 104
}