{
  "timestamp": "2025-08-29T01:43:43.236352",
  "overall_quality": 1.0,
  "avg_latency": 272.2541356686352,
  "total_data_points": 5420,
  "valid_data_points": 5420,
  "data_sources": 4,
  "active_alerts": 2065810,
  "market_signals": 102
}