{
  "timestamp": "2025-08-29T09:41:31.674578",
  "overall_quality": 1.0,
  "avg_latency": 205.01042524746197,
  "total_data_points": 3940,
  "valid_data_points": 3940,
  "data_sources": 4,
  "active_alerts": 2275175,
  "market_signals": 100
}