{
  "timestamp": "2025-08-28T00:40:56.956705",
  "overall_quality": 1.0,
  "avg_latency": 194.8691035733851,
  "total_data_points": 3870,
  "valid_data_points": 3870,
  "data_sources": 4,
  "active_alerts": 1415461,
  "market_signals": 101
}