{
  "timestamp": "2025-08-27T02:38:48.874657",
  "overall_quality": 1.0,
  "avg_latency": 287.33164732844205,
  "total_data_points": 5520,
  "valid_data_points": 5520,
  "data_sources": 4,
  "active_alerts": 846854,
  "market_signals": 102
}