{
  "timestamp": "2025-08-25T22:12:35.967245",
  "overall_quality": 1.0,
  "avg_latency": 260.2781074841047,
  "total_data_points": 4970,
  "valid_data_points": 4970,
  "data_sources": 4,
  "active_alerts": 120290,
  "market_signals": 102
}