{
  "timestamp": "2025-08-26T21:07:48.640840",
  "overall_quality": 1.0,
  "avg_latency": 258.8724220032202,
  "total_data_points": 4970,
  "valid_data_points": 4970,
  "data_sources": 4,
  "active_alerts": 706377,
  "market_signals": 101
}