{
  "timestamp": "2025-08-27T04:46:41.768525",
  "overall_quality": 1.0,
  "avg_latency": 222.70717727102814,
  "total_data_points": 4280,
  "valid_data_points": 4280,
  "data_sources": 4,
  "active_alerts": 901947,
  "market_signals": 100
}