{
  "timestamp": "2025-08-27T14:05:38.788332",
  "overall_quality": 1.0,
  "avg_latency": 188.5752291079895,
  "total_data_points": 3630,
  "valid_data_points": 3630,
  "data_sources": 4,
  "active_alerts": 1142236,
  "market_signals": 102
}