{
  "timestamp": "2025-08-29T05:42:48.072321",
  "overall_quality": 1.0,
  "avg_latency": 244.06615692577225,
  "total_data_points": 4850,
  "valid_data_points": 4850,
  "data_sources": 4,
  "active_alerts": 2171348,
  "market_signals": 102
}