{
  "timestamp": "2025-08-26T01:06:38.707872",
  "overall_quality": 1.0,
  "avg_latency": 231.02350061801724,
  "total_data_points": 4440,
  "valid_data_points": 4440,
  "data_sources": 4,
  "active_alerts": 194097,
  "market_signals": 102
}