{
  "timestamp": "2025-08-29T14:05:55.342785",
  "overall_quality": 1.0,
  "avg_latency": 185.43802188258437,
  "total_data_points": 3560,
  "valid_data_points": 3560,
  "data_sources": 4,
  "active_alerts": 2388297,
  "market_signals": 100
}