{
  "timestamp": "2025-08-29T20:50:38.871068",
  "overall_quality": 1.0,
  "avg_latency": 174.57401366101146,
  "total_data_points": 3360,
  "valid_data_points": 3360,
  "data_sources": 4,
  "active_alerts": 2560716,
  "market_signals": 100
}