{
  "timestamp": "2025-08-27T06:43:59.262619",
  "overall_quality": 1.0,
  "avg_latency": 290.7505050404296,
  "total_data_points": 5590,
  "valid_data_points": 5590,
  "data_sources": 4,
  "active_alerts": 953166,
  "market_signals": 101
}