{
  "timestamp": "2025-08-29T02:05:43.690519",
  "overall_quality": 1.0,
  "avg_latency": 182.5265377630852,
  "total_data_points": 3630,
  "valid_data_points": 3630,
  "data_sources": 4,
  "active_alerts": 2075561,
  "market_signals": 100
}