{
  "timestamp": "2025-08-26T10:39:53.521313",
  "overall_quality": 1.0,
  "avg_latency": 174.87476005667665,
  "total_data_points": 3370,
  "valid_data_points": 3370,
  "data_sources": 4,
  "active_alerts": 437966,
  "market_signals": 100
}