{
  "timestamp": "2025-08-27T22:40:54.725271",
  "overall_quality": 1.0,
  "avg_latency": 194.13625406987094,
  "total_data_points": 3850,
  "valid_data_points": 3850,
  "data_sources": 4,
  "active_alerts": 1362878,
  "market_signals": 103
}