{
  "timestamp": "2025-08-29T11:28:40.398320",
  "overall_quality": 1.0,
  "avg_latency": 269.0336791382245,
  "total_data_points": 5180,
  "valid_data_points": 5180,
  "data_sources": 4,
  "active_alerts": 2321346,
  "market_signals": 101
}