{
  "timestamp": "2025-08-27T17:33:46.148464",
  "overall_quality": 1.0,
  "avg_latency": 281.211808478889,
  "total_data_points": 5400,
  "valid_data_points": 5400,
  "data_sources": 4,
  "active_alerts": 1231009,
  "market_signals": 100
}