{
  "timestamp": "2025-08-25T23:14:46.900986",
  "overall_quality": 1.0,
  "avg_latency": 175.51324019174072,
  "total_data_points": 3390,
  "valid_data_points": 3390,
  "data_sources": 4,
  "active_alerts": 147192,
  "market_signals": 102
}