{
  "timestamp": "2025-08-26T21:57:57.588432",
  "overall_quality": 1.0,
  "avg_latency": 262.98205510139,
  "total_data_points": 5040,
  "valid_data_points": 5040,
  "data_sources": 4,
  "active_alerts": 727781,
  "market_signals": 100
}