{
  "timestamp": "2025-08-29T10:31:35.422072",
  "overall_quality": 1.0,
  "avg_latency": 206.7893451375317,
  "total_data_points": 3970,
  "valid_data_points": 3970,
  "data_sources": 4,
  "active_alerts": 2296691,
  "market_signals": 103
}