{
  "timestamp": "2025-08-27T04:05:34.968744",
  "overall_quality": 1.0,
  "avg_latency": 189.71588738712336,
  "total_data_points": 3650,
  "valid_data_points": 3650,
  "data_sources": 4,
  "active_alerts": 884072,
  "market_signals": 101
}