{
  "timestamp": "2025-08-30T08:59:56.204075",
  "overall_quality": 1.0,
  "avg_latency": 151.94653632218552,
  "total_data_points": 3020,
  "valid_data_points": 3020,
  "data_sources": 4,
  "active_alerts": 2881516,
  "market_signals": 102
}