{
  "timestamp": "2025-08-26T02:54:59.359923",
  "overall_quality": 1.0,
  "avg_latency": 180.45511429971222,
  "total_data_points": 3480,
  "valid_data_points": 3480,
  "data_sources": 4,
  "active_alerts": 240129,
  "market_signals": 101
}