{
  "timestamp": "2025-08-27T06:14:54.538976",
  "overall_quality": 1.0,
  "avg_latency": 168.5949572898463,
  "total_data_points": 3250,
  "valid_data_points": 3250,
  "data_sources": 4,
  "active_alerts": 940281,
  "market_signals": 101
}