{
  "timestamp": "2025-08-27T05:07:45.287816",
  "overall_quality": 1.0,
  "avg_latency": 254.62590787693878,
  "total_data_points": 4900,
  "valid_data_points": 4900,
  "data_sources": 4,
  "active_alerts": 910752,
  "market_signals": 102
}