{
  "timestamp": "2025-08-27T22:49:54.907570",
  "overall_quality": 1.0,
  "avg_latency": 163.48917149478547,
  "total_data_points": 3260,
  "valid_data_points": 3260,
  "data_sources": 4,
  "active_alerts": 1366597,
  "market_signals": 101
}