{
  "timestamp": "2025-08-26T16:48:59.431525",
  "overall_quality": 1.0,
  "avg_latency": 296.1495000334508,
  "total_data_points": 5680,
  "valid_data_points": 5680,
  "data_sources": 4,
  "active_alerts": 595686,
  "market_signals": 102
}