{
  "timestamp": "2025-08-26T18:13:44.554552",
  "overall_quality": 1.0,
  "avg_latency": 287.3431374723328,
  "total_data_points": 5530,
  "valid_data_points": 5530,
  "data_sources": 4,
  "active_alerts": 631910,
  "market_signals": 103
}