{
  "timestamp": "2025-08-29T05:47:48.191845",
  "overall_quality": 1.0,
  "avg_latency": 244.28603985381514,
  "total_data_points": 4850,
  "valid_data_points": 4850,
  "data_sources": 4,
  "active_alerts": 2173682,
  "market_signals": 102
}