{
  "timestamp": "2025-08-29T07:41:51.604182",
  "overall_quality": 1.0,
  "avg_latency": 216.30437486142864,
  "total_data_points": 4200,
  "valid_data_points": 4200,
  "data_sources": 4,
  "active_alerts": 2223788,
  "market_signals": 103
}