{
  "timestamp": "2025-08-26T09:27:41.596009",
  "overall_quality": 1.0,
  "avg_latency": 259.91901597635257,
  "total_data_points": 4990,
  "valid_data_points": 4990,
  "data_sources": 4,
  "active_alerts": 406670,
  "market_signals": 100
}