{
  "timestamp": "2025-08-27T04:03:34.727273",
  "overall_quality": 1.0,
  "avg_latency": 279.66676613836063,
  "total_data_points": 5370,
  "valid_data_points": 5370,
  "data_sources": 4,
  "active_alerts": 883161,
  "market_signals": 101
}