{
  "timestamp": "2025-08-28T13:03:47.001245",
  "overall_quality": 1.0,
  "avg_latency": 276.5111494459994,
  "total_data_points": 5500,
  "valid_data_points": 5500,
  "data_sources": 4,
  "active_alerts": 1734033,
  "market_signals": 101
}