{
  "timestamp": "2025-08-27T22:07:54.120171",
  "overall_quality": 1.0,
  "avg_latency": 253.8450951892851,
  "total_data_points": 5040,
  "valid_data_points": 5040,
  "data_sources": 4,
  "active_alerts": 1348039,
  "market_signals": 100
}