{
  "timestamp": "2025-08-26T06:00:34.389366",
  "overall_quality": 1.0,
  "avg_latency": 197.1998727796835,
  "total_data_points": 3790,
  "valid_data_points": 3790,
  "data_sources": 4,
  "active_alerts": 318235,
  "market_signals": 102
}