{
  "timestamp": "2025-08-26T13:44:55.447115",
  "overall_quality": 1.0,
  "avg_latency": 175.0267082393487,
  "total_data_points": 3380,
  "valid_data_points": 3380,
  "data_sources": 4,
  "active_alerts": 516462,
  "market_signals": 100
}