{
  "timestamp": "2025-08-26T21:48:56.074386",
  "overall_quality": 1.0,
  "avg_latency": 292.34006343896834,
  "total_data_points": 5620,
  "valid_data_points": 5620,
  "data_sources": 4,
  "active_alerts": 723915,
  "market_signals": 100
}