{
  "timestamp": "2025-08-27T17:09:42.538975",
  "overall_quality": 1.0,
  "avg_latency": 158.88052540557393,
  "total_data_points": 3050,
  "valid_data_points": 3050,
  "data_sources": 4,
  "active_alerts": 1220817,
  "market_signals": 102
}