{
  "timestamp": "2025-08-27T04:48:42.090672",
  "overall_quality": 1.0,
  "avg_latency": 282.6921125007353,
  "total_data_points": 5440,
  "valid_data_points": 5440,
  "data_sources": 4,
  "active_alerts": 902847,
  "market_signals": 101
}