{
  "timestamp": "2025-08-29T14:01:54.952373",
  "overall_quality": 1.0,
  "avg_latency": 215.54215601135252,
  "total_data_points": 4140,
  "valid_data_points": 4140,
  "data_sources": 4,
  "active_alerts": 2386503,
  "market_signals": 102
}