{
  "timestamp": "2025-08-26T11:17:59.751837",
  "overall_quality": 1.0,
  "avg_latency": 268.00523914108624,
  "total_data_points": 5160,
  "valid_data_points": 5160,
  "data_sources": 4,
  "active_alerts": 454344,
  "market_signals": 103
}