{
  "timestamp": "2025-08-27T22:47:54.863531",
  "overall_quality": 1.0,
  "avg_latency": 254.12095722178228,
  "total_data_points": 5050,
  "valid_data_points": 5050,
  "data_sources": 4,
  "active_alerts": 1365708,
  "market_signals": 102
}