{
  "timestamp": "2025-08-27T14:15:40.543064",
  "overall_quality": 1.0,
  "avg_latency": 189.44904916291182,
  "total_data_points": 3640,
  "valid_data_points": 3640,
  "data_sources": 4,
  "active_alerts": 1146779,
  "market_signals": 101
}