{
  "timestamp": "2025-08-30T02:31:48.928565",
  "overall_quality": 1.0,
  "avg_latency": 209.24125964254924,
  "total_data_points": 4160,
  "valid_data_points": 4160,
  "data_sources": 4,
  "active_alerts": 2711738,
  "market_signals": 102
}