{
  "timestamp": "2025-08-27T00:14:54.150965",
  "overall_quality": 1.0,
  "avg_latency": 170.04223708384166,
  "total_data_points": 3280,
  "valid_data_points": 3280,
  "data_sources": 4,
  "active_alerts": 785205,
  "market_signals": 100
}