{
  "timestamp": "2025-08-29T06:27:49.173106",
  "overall_quality": 1.0,
  "avg_latency": 244.67629767489655,
  "total_data_points": 4860,
  "valid_data_points": 4860,
  "data_sources": 4,
  "active_alerts": 2191240,
  "market_signals": 101
}