{
  "timestamp": "2025-08-27T18:36:56.858788",
  "overall_quality": 1.0,
  "avg_latency": 225.83724078202746,
  "total_data_points": 4340,
  "valid_data_points": 4340,
  "data_sources": 4,
  "active_alerts": 1258155,
  "market_signals": 102
}