{
  "timestamp": "2025-08-29T06:43:49.628762",
  "overall_quality": 1.0,
  "avg_latency": 274.65083305045806,
  "total_data_points": 5450,
  "valid_data_points": 5450,
  "data_sources": 4,
  "active_alerts": 2198432,
  "market_signals": 104
}