{
  "timestamp": "2025-08-29T20:15:35.505337",
  "overall_quality": 1.0,
  "avg_latency": 173.24173913592793,
  "total_data_points": 3340,
  "valid_data_points": 3340,
  "data_sources": 4,
  "active_alerts": 2545724,
  "market_signals": 101
}