{
  "timestamp": "2025-08-30T06:16:53.186131",
  "overall_quality": 1.0,
  "avg_latency": 211.09820652911685,
  "total_data_points": 4190,
  "valid_data_points": 4190,
  "data_sources": 4,
  "active_alerts": 2810170,
  "market_signals": 101
}