{
  "timestamp": "2025-08-26T21:52:56.626821",
  "overall_quality": 1.0,
  "avg_latency": 262.2276875708333,
  "total_data_points": 5040,
  "valid_data_points": 5040,
  "data_sources": 4,
  "active_alerts": 725700,
  "market_signals": 100
}