{
  "timestamp": "2025-08-26T19:09:56.325891",
  "overall_quality": 1.0,
  "avg_latency": 173.41831667687674,
  "total_data_points": 3330,
  "valid_data_points": 3330,
  "data_sources": 4,
  "active_alerts": 656038,
  "market_signals": 101
}