{
  "timestamp": "2025-08-26T19:55:35.185232",
  "overall_quality": 1.0,
  "avg_latency": 192.8228385148648,
  "total_data_points": 3700,
  "valid_data_points": 3700,
  "data_sources": 4,
  "active_alerts": 675266,
  "market_signals": 101
}