{
  "timestamp": "2025-08-27T07:27:35.990286",
  "overall_quality": 1.0,
  "avg_latency": 249.04499425281867,
  "total_data_points": 4790,
  "valid_data_points": 4790,
  "data_sources": 4,
  "active_alerts": 971517,
  "market_signals": 100
}