{
  "timestamp": "2025-08-30T07:22:54.322569",
  "overall_quality": 1.0,
  "avg_latency": 241.24780450583407,
  "total_data_points": 4800,
  "valid_data_points": 4800,
  "data_sources": 4,
  "active_alerts": 2838943,
  "market_signals": 101
}