{
  "timestamp": "2025-08-29T16:48:41.621694",
  "overall_quality": 1.0,
  "avg_latency": 267.49872242407776,
  "total_data_points": 5150,
  "valid_data_points": 5150,
  "data_sources": 4,
  "active_alerts": 2456808,
  "market_signals": 105
}