{
  "timestamp": "2025-08-29T02:38:44.315603",
  "overall_quality": 1.0,
  "avg_latency": 272.967017573296,
  "total_data_points": 5430,
  "valid_data_points": 5430,
  "data_sources": 4,
  "active_alerts": 2090224,
  "market_signals": 101
}