{
  "timestamp": "2025-08-25T23:09:46.199655",
  "overall_quality": 1.0,
  "avg_latency": 174.96210572551968,
  "total_data_points": 3370,
  "valid_data_points": 3370,
  "data_sources": 4,
  "active_alerts": 144984,
  "market_signals": 102
}