{
  "timestamp": "2025-08-26T16:46:58.714702",
  "overall_quality": 1.0,
  "avg_latency": 235.3603073017657,
  "total_data_points": 4530,
  "valid_data_points": 4530,
  "data_sources": 4,
  "active_alerts": 594827,
  "market_signals": 102
}