{
  "timestamp": "2025-08-29T23:01:44.627922",
  "overall_quality": 1.0,
  "avg_latency": 207.62143153980557,
  "total_data_points": 4120,
  "valid_data_points": 4120,
  "data_sources": 4,
  "active_alerts": 2619028,
  "market_signals": 102
}