{
  "timestamp": "2025-08-29T17:01:43.508062",
  "overall_quality": 1.0,
  "avg_latency": 208.65584598852823,
  "total_data_points": 4010,
  "valid_data_points": 4010,
  "data_sources": 4,
  "active_alerts": 2462661,
  "market_signals": 100
}