{
  "timestamp": "2025-08-30T02:15:48.643108",
  "overall_quality": 1.0,
  "avg_latency": 178.99259677837077,
  "total_data_points": 3560,
  "valid_data_points": 3560,
  "data_sources": 4,
  "active_alerts": 2704441,
  "market_signals": 100
}