{
  "timestamp": "2025-08-28T03:09:30.428555",
  "overall_quality": 1.0,
  "avg_latency": 150.72260781137118,
  "total_data_points": 2990,
  "valid_data_points": 2990,
  "data_sources": 4,
  "active_alerts": 1480909,
  "market_signals": 100
}