{
  "timestamp": "2025-08-27T08:49:47.916632",
  "overall_quality": 1.0,
  "avg_latency": 164.49476386529955,
  "total_data_points": 3170,
  "valid_data_points": 3170,
  "data_sources": 4,
  "active_alerts": 1006405,
  "market_signals": 100
}