{
  "timestamp": "2025-08-28T12:20:46.264159",
  "overall_quality": 1.0,
  "avg_latency": 186.018621317615,
  "total_data_points": 3690,
  "valid_data_points": 3690,
  "data_sources": 4,
  "active_alerts": 1715308,
  "market_signals": 103
}