{
  "timestamp": "2025-08-28T13:04:47.020997",
  "overall_quality": 1.0,
  "avg_latency": 156.02656748938927,
  "total_data_points": 3110,
  "valid_data_points": 3110,
  "data_sources": 4,
  "active_alerts": 1734423,
  "market_signals": 101
}