{
  "timestamp": "2025-08-27T13:22:32.404613",
  "overall_quality": 1.0,
  "avg_latency": 245.88692453093196,
  "total_data_points": 4720,
  "valid_data_points": 4720,
  "data_sources": 4,
  "active_alerts": 1123623,
  "market_signals": 101
}