{
  "timestamp": "2025-08-29T18:08:52.007838",
  "overall_quality": 1.0,
  "avg_latency": 272.34424051070835,
  "total_data_points": 5230,
  "valid_data_points": 5230,
  "data_sources": 4,
  "active_alerts": 2491231,
  "market_signals": 102
}