{
  "timestamp": "2025-08-29T03:09:44.941896",
  "overall_quality": 1.0,
  "avg_latency": 152.90104801409842,
  "total_data_points": 3050,
  "valid_data_points": 3050,
  "data_sources": 4,
  "active_alerts": 2104045,
  "market_signals": 102
}