{
  "timestamp": "2025-08-26T23:26:44.861602",
  "overall_quality": 1.0,
  "avg_latency": 226.16625244505718,
  "total_data_points": 4350,
  "valid_data_points": 4350,
  "data_sources": 4,
  "active_alerts": 764742,
  "market_signals": 102
}