{
  "timestamp": "2025-08-27T17:30:45.681619",
  "overall_quality": 1.0,
  "avg_latency": 190.73939600708482,
  "total_data_points": 3670,
  "valid_data_points": 3670,
  "data_sources": 4,
  "active_alerts": 1229709,
  "market_signals": 101
}