{
  "timestamp": "2025-08-27T01:04:32.937670",
  "overall_quality": 1.0,
  "avg_latency": 159.9507336941373,
  "total_data_points": 3070,
  "valid_data_points": 3070,
  "data_sources": 4,
  "active_alerts": 806674,
  "market_signals": 100
}