{
  "timestamp": "2025-08-28T12:12:46.130609",
  "overall_quality": 1.0,
  "avg_latency": 245.80813609263782,
  "total_data_points": 4890,
  "valid_data_points": 4890,
  "data_sources": 4,
  "active_alerts": 1711664,
  "market_signals": 101
}