{
  "timestamp": "2025-08-29T01:24:42.848446",
  "overall_quality": 1.0,
  "avg_latency": 151.81807900627092,
  "total_data_points": 3030,
  "valid_data_points": 3030,
  "data_sources": 4,
  "active_alerts": 2057725,
  "market_signals": 100
}