{
  "timestamp": "2025-08-28T22:22:39.374117",
  "overall_quality": 1.0,
  "avg_latency": 241.25427769958276,
  "total_data_points": 4790,
  "valid_data_points": 4790,
  "data_sources": 4,
  "active_alerts": 1976333,
  "market_signals": 102
}