{
  "timestamp": "2025-08-28T23:59:41.241014",
  "overall_quality": 1.0,
  "avg_latency": 151.40976880231804,
  "total_data_points": 3020,
  "valid_data_points": 3020,
  "data_sources": 4,
  "active_alerts": 2020119,
  "market_signals": 104
}