{
  "timestamp": "2025-08-28T14:19:48.512831",
  "overall_quality": 1.0,
  "avg_latency": 156.82470930546611,
  "total_data_points": 3110,
  "valid_data_points": 3110,
  "data_sources": 4,
  "active_alerts": 1767560,
  "market_signals": 102
}