{
  "timestamp": "2025-08-29T00:01:41.268525",
  "overall_quality": 1.0,
  "avg_latency": 211.60673765700668,
  "total_data_points": 4210,
  "valid_data_points": 4210,
  "data_sources": 4,
  "active_alerts": 2020993,
  "market_signals": 101
}