{
  "timestamp": "2025-08-27T20:58:48.147913",
  "overall_quality": 1.0,
  "avg_latency": 280.8835130012935,
  "total_data_points": 5410,
  "valid_data_points": 5410,
  "data_sources": 4,
  "active_alerts": 1317882,
  "market_signals": 100
}