{
  "timestamp": "2025-08-26T04:28:46.875785",
  "overall_quality": 1.0,
  "avg_latency": 294.1023949791519,
  "total_data_points": 5660,
  "valid_data_points": 5660,
  "data_sources": 4,
  "active_alerts": 279484,
  "market_signals": 101
}