{
  "timestamp": "2025-08-26T20:05:37.125876",
  "overall_quality": 1.0,
  "avg_latency": 193.4378423819896,
  "total_data_points": 3720,
  "valid_data_points": 3720,
  "data_sources": 4,
  "active_alerts": 679662,
  "market_signals": 101
}