{
  "timestamp": "2025-08-29T13:14:50.776926",
  "overall_quality": 1.0,
  "avg_latency": 153.47576677864413,
  "total_data_points": 2950,
  "valid_data_points": 2950,
  "data_sources": 4,
  "active_alerts": 2366624,
  "market_signals": 100
}