{
  "timestamp": "2025-08-29T13:31:52.150200",
  "overall_quality": 1.0,
  "avg_latency": 213.83761950316358,
  "total_data_points": 4110,
  "valid_data_points": 4110,
  "data_sources": 4,
  "active_alerts": 2374017,
  "market_signals": 101
}