{
  "timestamp": "2025-08-27T08:41:47.039413",
  "overall_quality": 1.0,
  "avg_latency": 224.5440007016239,
  "total_data_points": 4310,
  "valid_data_points": 4310,
  "data_sources": 4,
  "active_alerts": 1002967,
  "market_signals": 101
}