{
  "timestamp": "2025-08-27T20:50:47.440730",
  "overall_quality": 1.0,
  "avg_latency": 190.69834512158502,
  "total_data_points": 3660,
  "valid_data_points": 3660,
  "data_sources": 4,
  "active_alerts": 1314341,
  "market_signals": 101
}