{
  "timestamp": "2025-08-27T09:17:52.330896",
  "overall_quality": 1.0,
  "avg_latency": 256.845867393319,
  "total_data_points": 4940,
  "valid_data_points": 4940,
  "data_sources": 4,
  "active_alerts": 1018717,
  "market_signals": 100
}