{
  "timestamp": "2025-08-29T17:28:46.679237",
  "overall_quality": 1.0,
  "avg_latency": 269.99884833339695,
  "total_data_points": 5180,
  "valid_data_points": 5180,
  "data_sources": 4,
  "active_alerts": 2474179,
  "market_signals": 101
}