{
  "timestamp": "2025-08-26T21:45:55.427822",
  "overall_quality": 1.0,
  "avg_latency": 202.19831488608295,
  "total_data_points": 3880,
  "valid_data_points": 3880,
  "data_sources": 4,
  "active_alerts": 722510,
  "market_signals": 102
}