{
  "timestamp": "2025-08-25T23:08:46.130399",
  "overall_quality": 1.0,
  "avg_latency": 295.3273886125,
  "total_data_points": 5680,
  "valid_data_points": 5680,
  "data_sources": 4,
  "active_alerts": 144514,
  "market_signals": 100
}