{
  "timestamp": "2025-08-29T13:38:52.706973",
  "overall_quality": 1.0,
  "avg_latency": 274.48910587912616,
  "total_data_points": 5270,
  "valid_data_points": 5270,
  "data_sources": 4,
  "active_alerts": 2376886,
  "market_signals": 100
}