{
  "timestamp": "2025-08-27T18:46:59.128178",
  "overall_quality": 1.0,
  "avg_latency": 227.56553110092008,
  "total_data_points": 4350,
  "valid_data_points": 4350,
  "data_sources": 4,
  "active_alerts": 1262193,
  "market_signals": 101
}