{
  "timestamp": "2025-08-26T03:36:36.492282",
  "overall_quality": 1.0,
  "avg_latency": 228.4635928512474,
  "total_data_points": 4410,
  "valid_data_points": 4410,
  "data_sources": 4,
  "active_alerts": 257692,
  "market_signals": 101
}