{
  "timestamp": "2025-08-29T11:35:41.030528",
  "overall_quality": 1.0,
  "avg_latency": 179.42366197884002,
  "total_data_points": 3450,
  "valid_data_points": 3450,
  "data_sources": 4,
  "active_alerts": 2324413,
  "market_signals": 103
}