{
  "timestamp": "2025-08-29T10:58:37.834179",
  "overall_quality": 1.0,
  "avg_latency": 268.03830359281613,
  "total_data_points": 5150,
  "valid_data_points": 5150,
  "data_sources": 4,
  "active_alerts": 2308395,
  "market_signals": 104
}