{
  "timestamp": "2025-08-26T03:11:31.922121",
  "overall_quality": 1.0,
  "avg_latency": 226.46491258807342,
  "total_data_points": 4360,
  "valid_data_points": 4360,
  "data_sources": 4,
  "active_alerts": 247207,
  "market_signals": 100
}