{
  "timestamp": "2025-08-28T00:24:56.679431",
  "overall_quality": 1.0,
  "avg_latency": 164.4873477243907,
  "total_data_points": 3280,
  "valid_data_points": 3280,
  "data_sources": 4,
  "active_alerts": 1408469,
  "market_signals": 101
}