{
  "timestamp": "2025-08-27T13:57:37.582046",
  "overall_quality": 1.0,
  "avg_latency": 248.2714313698114,
  "total_data_points": 4770,
  "valid_data_points": 4770,
  "data_sources": 4,
  "active_alerts": 1138916,
  "market_signals": 100
}