{
  "timestamp": "2025-08-25T18:10:52.990560",
  "overall_quality": 1.0,
  "avg_latency": 210.28421566801956,
  "total_data_points": 4190,
  "valid_data_points": 4190,
  "data_sources": 4,
  "active_alerts": 16306,
  "market_signals": 101
}