{
  "timestamp": "2025-08-27T15:57:58.552525",
  "overall_quality": 1.0,
  "avg_latency": 258.0927441712549,
  "total_data_points": 4940,
  "valid_data_points": 4940,
  "data_sources": 4,
  "active_alerts": 1190292,
  "market_signals": 103
}