{
  "timestamp": "2025-08-28T12:37:46.539899",
  "overall_quality": 1.0,
  "avg_latency": 246.03444485828183,
  "total_data_points": 4890,
  "valid_data_points": 4890,
  "data_sources": 4,
  "active_alerts": 1722725,
  "market_signals": 101
}