{
  "timestamp": "2025-08-28T09:48:36.872189",
  "overall_quality": 1.0,
  "avg_latency": 271.70067930248473,
  "total_data_points": 5230,
  "valid_data_points": 5230,
  "data_sources": 4,
  "active_alerts": 1651086,
  "market_signals": 102
}