{
  "timestamp": "2025-08-29T21:01:39.913799",
  "overall_quality": 1.0,
  "avg_latency": 205.3974973730963,
  "total_data_points": 3940,
  "valid_data_points": 3940,
  "data_sources": 4,
  "active_alerts": 2565343,
  "market_signals": 100
}