{
  "timestamp": "2025-08-26T19:44:33.265443",
  "overall_quality": 1.0,
  "avg_latency": 161.55428987838715,
  "total_data_points": 3100,
  "valid_data_points": 3100,
  "data_sources": 4,
  "active_alerts": 670623,
  "market_signals": 101
}