{
  "timestamp": "2025-08-27T19:08:32.544011",
  "overall_quality": 1.0,
  "avg_latency": 273.94311646652733,
  "total_data_points": 5258,
  "valid_data_points": 5258,
  "data_sources": 4,
  "active_alerts": 1271538,
  "market_signals": 101
}