{
  "timestamp": "2025-08-29T15:09:30.961909",
  "overall_quality": 1.0,
  "avg_latency": 293.1073288896985,
  "total_data_points": 5630,
  "valid_data_points": 5630,
  "data_sources": 4,
  "active_alerts": 2415352,
  "market_signals": 101
}