{
  "timestamp": "2025-08-26T20:59:46.874008",
  "overall_quality": 1.0,
  "avg_latency": 167.80568626956554,
  "total_data_points": 3220,
  "valid_data_points": 3220,
  "data_sources": 4,
  "active_alerts": 702690,
  "market_signals": 101
}