{
  "timestamp": "2025-08-29T15:37:33.605878",
  "overall_quality": 1.0,
  "avg_latency": 234.38129191422195,
  "total_data_points": 4500,
  "valid_data_points": 4500,
  "data_sources": 4,
  "active_alerts": 2427283,
  "market_signals": 101
}