{
  "timestamp": "2025-08-28T23:20:40.553985",
  "overall_quality": 1.0,
  "avg_latency": 181.05609750415513,
  "total_data_points": 3610,
  "valid_data_points": 3610,
  "data_sources": 4,
  "active_alerts": 2002579,
  "market_signals": 101
}