{
  "timestamp": "2025-08-30T00:23:46.246367",
  "overall_quality": 1.0,
  "avg_latency": 267.9606828120295,
  "total_data_points": 5320,
  "valid_data_points": 5320,
  "data_sources": 4,
  "active_alerts": 2655169,
  "market_signals": 101
}