{
  "timestamp": "2025-08-28T22:05:39.029497",
  "overall_quality": 1.0,
  "avg_latency": 180.61961546194385,
  "total_data_points": 3600,
  "valid_data_points": 3600,
  "data_sources": 4,
  "active_alerts": 1969005,
  "market_signals": 100
}