{
  "timestamp": "2025-08-26T17:47:39.508660",
  "overall_quality": 1.0,
  "avg_latency": 255.06620779408132,
  "total_data_points": 4900,
  "valid_data_points": 4900,
  "data_sources": 4,
  "active_alerts": 621034,
  "market_signals": 100
}