{
  "timestamp": "2025-08-26T09:53:46.074185",
  "overall_quality": 1.0,
  "avg_latency": 291.8919218700532,
  "total_data_points": 5610,
  "valid_data_points": 5610,
  "data_sources": 4,
  "active_alerts": 417639,
  "market_signals": 103
}