{
  "timestamp": "2025-08-25T21:20:52.351407",
  "overall_quality": 1.0,
  "avg_latency": 209.4028534686721,
  "total_data_points": 3990,
  "valid_data_points": 3990,
  "data_sources": 4,
  "active_alerts": 98600,
  "market_signals": 101
}