{
  "timestamp": "2025-08-26T11:27:31.512672",
  "overall_quality": 1.0,
  "avg_latency": 254.23492526380346,
  "total_data_points": 4890,
  "valid_data_points": 4890,
  "data_sources": 4,
  "active_alerts": 458759,
  "market_signals": 101
}