{
  "timestamp": "2025-08-29T12:49:48.562050",
  "overall_quality": 1.0,
  "avg_latency": 152.19540581262783,
  "total_data_points": 2930,
  "valid_data_points": 2930,
  "data_sources": 4,
  "active_alerts": 2355841,
  "market_signals": 103
}