{
  "timestamp": "2025-08-27T22:10:54.190083",
  "overall_quality": 1.0,
  "avg_latency": 193.56159894140671,
  "total_data_points": 3840,
  "valid_data_points": 3840,
  "data_sources": 4,
  "active_alerts": 1349351,
  "market_signals": 100
}