{
  "timestamp": "2025-08-29T23:42:45.464030",
  "overall_quality": 1.0,
  "avg_latency": 237.42499285296603,
  "total_data_points": 4720,
  "valid_data_points": 4720,
  "data_sources": 4,
  "active_alerts": 2637280,
  "market_signals": 100
}