{
  "timestamp": "2025-08-26T01:08:38.960062",
  "overall_quality": 1.0,
  "avg_latency": 290.9501714744636,
  "total_data_points": 5600,
  "valid_data_points": 5600,
  "data_sources": 4,
  "active_alerts": 195036,
  "market_signals": 101
}