{
  "timestamp": "2025-08-27T07:30:36.462803",
  "overall_quality": 1.0,
  "avg_latency": 189.8007663219783,
  "total_data_points": 3640,
  "valid_data_points": 3640,
  "data_sources": 4,
  "active_alerts": 972806,
  "market_signals": 103
}