{
  "timestamp": "2025-08-25T20:50:46.528549",
  "overall_quality": 1.0,
  "avg_latency": 206.71628407918854,
  "total_data_points": 3940,
  "valid_data_points": 3940,
  "data_sources": 4,
  "active_alerts": 85740,
  "market_signals": 101
}