{
  "timestamp": "2025-08-29T12:29:46.005713",
  "overall_quality": 1.0,
  "avg_latency": 151.54221269690714,
  "total_data_points": 2910,
  "valid_data_points": 2910,
  "data_sources": 4,
  "active_alerts": 2347000,
  "market_signals": 103
}