{
  "timestamp": "2025-08-26T11:12:58.472108",
  "overall_quality": 1.0,
  "avg_latency": 267.1772102219848,
  "total_data_points": 5140,
  "valid_data_points": 5140,
  "data_sources": 4,
  "active_alerts": 452194,
  "market_signals": 103
}