{
  "timestamp": "2025-08-26T04:49:50.385847",
  "overall_quality": 1.0,
  "avg_latency": 175.38775663905344,
  "total_data_points": 3380,
  "valid_data_points": 3380,
  "data_sources": 4,
  "active_alerts": 288140,
  "market_signals": 100
}