{
  "timestamp": "2025-08-28T04:29:36.715346",
  "overall_quality": 1.0,
  "avg_latency": 153.72838080844613,
  "total_data_points": 2960,
  "valid_data_points": 2960,
  "data_sources": 4,
  "active_alerts": 1515274,
  "market_signals": 101
}