{
  "timestamp": "2025-08-29T06:59:50.279880",
  "overall_quality": 1.0,
  "avg_latency": 155.1448374156352,
  "total_data_points": 3070,
  "valid_data_points": 3070,
  "data_sources": 4,
  "active_alerts": 2205464,
  "market_signals": 101
}