{
  "timestamp": "2025-08-27T20:53:47.681312",
  "overall_quality": 1.0,
  "avg_latency": 280.45534516129675,
  "total_data_points": 5400,
  "valid_data_points": 5400,
  "data_sources": 4,
  "active_alerts": 1315659,
  "market_signals": 100
}