{
  "timestamp": "2025-08-28T18:15:34.776467",
  "overall_quality": 1.0,
  "avg_latency": 179.23767433988797,
  "total_data_points": 3560,
  "valid_data_points": 3560,
  "data_sources": 4,
  "active_alerts": 1868105,
  "market_signals": 100
}