{
  "timestamp": "2025-08-28T23:50:41.083104",
  "overall_quality": 1.0,
  "avg_latency": 181.86065531606647,
  "total_data_points": 3610,
  "valid_data_points": 3610,
  "data_sources": 4,
  "active_alerts": 2015875,
  "market_signals": 101
}