{
  "timestamp": "2025-08-30T04:37:51.159796",
  "overall_quality": 1.0,
  "avg_latency": 239.857060941422,
  "total_data_points": 4780,
  "valid_data_points": 4780,
  "data_sources": 4,
  "active_alerts": 2765887,
  "market_signals": 103
}