{
  "timestamp": "2025-08-27T10:41:35.983011",
  "overall_quality": 1.0,
  "avg_latency": 218.27386600261914,
  "total_data_points": 4200,
  "valid_data_points": 4200,
  "data_sources": 4,
  "active_alerts": 1054521,
  "market_signals": 101
}