{
  "timestamp": "2025-08-26T09:52:45.990234",
  "overall_quality": 1.0,
  "avg_latency": 261.9572480168977,
  "total_data_points": 5030,
  "valid_data_points": 5030,
  "data_sources": 4,
  "active_alerts": 417281,
  "market_signals": 102
}