{
  "timestamp": "2025-08-27T10:11:30.631173",
  "overall_quality": 1.0,
  "avg_latency": 215.47172123164304,
  "total_data_points": 4140,
  "valid_data_points": 4140,
  "data_sources": 4,
  "active_alerts": 1041542,
  "market_signals": 100
}