{
  "timestamp": "2025-08-26T16:53:30.636931",
  "overall_quality": 1.0,
  "avg_latency": 281.2489768155839,
  "total_data_points": 5390,
  "valid_data_points": 5390,
  "data_sources": 4,
  "active_alerts": 597848,
  "market_signals": 101
}