{
  "timestamp": "2025-08-26T02:02:49.504227",
  "overall_quality": 1.0,
  "avg_latency": 265.9467985410155,
  "total_data_points": 5120,
  "valid_data_points": 5120,
  "data_sources": 4,
  "active_alerts": 218033,
  "market_signals": 102
}