{
  "timestamp": "2025-08-29T14:17:56.550415",
  "overall_quality": 1.0,
  "avg_latency": 246.27097561483038,
  "total_data_points": 4720,
  "valid_data_points": 4720,
  "data_sources": 4,
  "active_alerts": 2393679,
  "market_signals": 104
}