{
  "timestamp": "2025-08-28T20:19:37.083212",
  "overall_quality": 1.0,
  "avg_latency": 299.95342630469787,
  "total_data_points": 5960,
  "valid_data_points": 5960,
  "data_sources": 4,
  "active_alerts": 1921963,
  "market_signals": 102
}