{
  "timestamp": "2025-08-26T23:53:49.667943",
  "overall_quality": 1.0,
  "avg_latency": 288.4835300545944,
  "total_data_points": 5550,
  "valid_data_points": 5550,
  "data_sources": 4,
  "active_alerts": 775805,
  "market_signals": 104
}