{
  "timestamp": "2025-08-29T12:26:45.827434",
  "overall_quality": 1.0,
  "avg_latency": 211.11493209137973,
  "total_data_points": 4060,
  "valid_data_points": 4060,
  "data_sources": 4,
  "active_alerts": 2345687,
  "market_signals": 101
}