{
  "timestamp": "2025-08-29T06:42:49.595685",
  "overall_quality": 1.0,
  "avg_latency": 244.88605374742218,
  "total_data_points": 4850,
  "valid_data_points": 4850,
  "data_sources": 4,
  "active_alerts": 2198004,
  "market_signals": 101
}