{
  "timestamp": "2025-08-29T01:58:43.546732",
  "overall_quality": 1.0,
  "avg_latency": 272.60004408099525,
  "total_data_points": 5420,
  "valid_data_points": 5420,
  "data_sources": 4,
  "active_alerts": 2072498,
  "market_signals": 101
}