{
  "timestamp": "2025-08-29T04:19:46.258590",
  "overall_quality": 1.0,
  "avg_latency": 153.1185715032785,
  "total_data_points": 3050,
  "valid_data_points": 3050,
  "data_sources": 4,
  "active_alerts": 2134943,
  "market_signals": 102
}