{
  "timestamp": "2025-08-28T02:29:59.263708",
  "overall_quality": 1.0,
  "avg_latency": 165.822264091793,
  "total_data_points": 3290,
  "valid_data_points": 3290,
  "data_sources": 4,
  "active_alerts": 1463613,
  "market_signals": 101
}