{
  "timestamp": "2025-08-29T10:43:36.489782",
  "overall_quality": 1.0,
  "avg_latency": 266.94622120836533,
  "total_data_points": 5140,
  "valid_data_points": 5140,
  "data_sources": 4,
  "active_alerts": 2301834,
  "market_signals": 103
}