{
  "timestamp": "2025-08-29T22:26:43.876263",
  "overall_quality": 1.0,
  "avg_latency": 207.05068503527937,
  "total_data_points": 4110,
  "valid_data_points": 4110,
  "data_sources": 4,
  "active_alerts": 2603122,
  "market_signals": 101
}