{
  "timestamp": "2025-08-28T04:07:34.541382",
  "overall_quality": 1.0,
  "avg_latency": 242.75424718433484,
  "total_data_points": 4660,
  "valid_data_points": 4660,
  "data_sources": 4,
  "active_alerts": 1506051,
  "market_signals": 101
}