{
  "timestamp": "2025-08-27T06:02:52.785624",
  "overall_quality": 1.0,
  "avg_latency": 257.802832334274,
  "total_data_points": 4960,
  "valid_data_points": 4960,
  "data_sources": 4,
  "active_alerts": 934729,
  "market_signals": 102
}