{
  "timestamp": "2025-08-30T04:21:50.879939",
  "overall_quality": 1.0,
  "avg_latency": 210.06962061223035,
  "total_data_points": 4170,
  "valid_data_points": 4170,
  "data_sources": 4,
  "active_alerts": 2758951,
  "market_signals": 101
}