{
  "timestamp": "2025-08-29T18:55:57.996325",
  "overall_quality": 1.0,
  "avg_latency": 185.21339868951924,
  "total_data_points": 3559,
  "valid_data_points": 3559,
  "data_sources": 4,
  "active_alerts": 2511583,
  "market_signals": 103
}