{
  "timestamp": "2025-08-28T00:21:56.612589",
  "overall_quality": 1.0,
  "avg_latency": 224.32364005883636,
  "total_data_points": 4470,
  "valid_data_points": 4470,
  "data_sources": 4,
  "active_alerts": 1407053,
  "market_signals": 100
}