{
  "timestamp": "2025-08-30T08:03:55.048297",
  "overall_quality": 1.0,
  "avg_latency": 271.3906321281492,
  "total_data_points": 5400,
  "valid_data_points": 5400,
  "data_sources": 4,
  "active_alerts": 2857445,
  "market_signals": 101
}