{
  "timestamp": "2025-08-25T23:18:47.811638",
  "overall_quality": 1.0,
  "avg_latency": 296.44813965999964,
  "total_data_points": 5700,
  "valid_data_points": 5700,
  "data_sources": 4,
  "active_alerts": 148844,
  "market_signals": 102
}