{
  "timestamp": "2025-08-27T13:41:35.432463",
  "overall_quality": 1.0,
  "avg_latency": 217.13030928177471,
  "total_data_points": 4170,
  "valid_data_points": 4170,
  "data_sources": 4,
  "active_alerts": 1131978,
  "market_signals": 100
}