{
  "timestamp": "2025-08-30T08:17:55.304546",
  "overall_quality": 1.0,
  "avg_latency": 241.69248890312457,
  "total_data_points": 4800,
  "valid_data_points": 4800,
  "data_sources": 4,
  "active_alerts": 2863087,
  "market_signals": 100
}