{
  "timestamp": "2025-08-29T23:21:45.073807",
  "overall_quality": 1.0,
  "avg_latency": 207.67894474818414,
  "total_data_points": 4130,
  "valid_data_points": 4130,
  "data_sources": 4,
  "active_alerts": 2628014,
  "market_signals": 100
}