{
  "timestamp": "2025-08-26T16:22:54.404295",
  "overall_quality": 1.0,
  "avg_latency": 263.2405587221791,
  "total_data_points": 5050,
  "valid_data_points": 5050,
  "data_sources": 4,
  "active_alerts": 584363,
  "market_signals": 101
}