{
  "timestamp": "2025-08-27T13:15:31.422891",
  "overall_quality": 1.0,
  "avg_latency": 184.84077556572973,
  "total_data_points": 3560,
  "valid_data_points": 3560,
  "data_sources": 4,
  "active_alerts": 1120839,
  "market_signals": 100
}