{
  "timestamp": "2025-08-29T04:02:45.929457",
  "overall_quality": 1.0,
  "avg_latency": 243.07495206012516,
  "total_data_points": 4840,
  "valid_data_points": 4840,
  "data_sources": 4,
  "active_alerts": 2127366,
  "market_signals": 100
}