{
  "timestamp": "2025-08-27T20:13:42.869719",
  "overall_quality": 1.0,
  "avg_latency": 278.8293109762612,
  "total_data_points": 5350,
  "valid_data_points": 5350,
  "data_sources": 4,
  "active_alerts": 1299159,
  "market_signals": 100
}