{
  "timestamp": "2025-08-28T02:05:58.663455",
  "overall_quality": 1.0,
  "avg_latency": 195.57056006726722,
  "total_data_points": 3880,
  "valid_data_points": 3880,
  "data_sources": 4,
  "active_alerts": 1453157,
  "market_signals": 101
}