{
  "timestamp": "2025-08-25T23:44:53.097348",
  "overall_quality": 1.0,
  "avg_latency": 178.37199818163256,
  "total_data_points": 3430,
  "valid_data_points": 3430,
  "data_sources": 4,
  "active_alerts": 160287,
  "market_signals": 102
}