{
  "timestamp": "2025-08-28T23:15:40.469106",
  "overall_quality": 1.0,
  "avg_latency": 181.11944662000005,
  "total_data_points": 3600,
  "valid_data_points": 3600,
  "data_sources": 4,
  "active_alerts": 2000433,
  "market_signals": 101
}