{
  "timestamp": "2025-08-27T00:29:56.420344",
  "overall_quality": 1.0,
  "avg_latency": 171.41877106204794,
  "total_data_points": 3320,
  "valid_data_points": 3320,
  "data_sources": 4,
  "active_alerts": 791276,
  "market_signals": 103
}