{
  "timestamp": "2025-08-26T12:39:44.069952",
  "overall_quality": 1.0,
  "avg_latency": 169.6209000826219,
  "total_data_points": 3280,
  "valid_data_points": 3280,
  "data_sources": 4,
  "active_alerts": 488759,
  "market_signals": 102
}