{
  "timestamp": "2025-08-27T12:45:56.323210",
  "overall_quality": 1.0,
  "avg_latency": 197.49972552078933,
  "total_data_points": 3800,
  "valid_data_points": 3800,
  "data_sources": 4,
  "active_alerts": 1107870,
  "market_signals": 101
}