{
  "timestamp": "2025-08-27T04:21:37.592568",
  "overall_quality": 1.0,
  "avg_latency": 220.82627102570797,
  "total_data_points": 4240,
  "valid_data_points": 4240,
  "data_sources": 4,
  "active_alerts": 890975,
  "market_signals": 102
}