{
  "timestamp": "2025-08-27T12:22:52.077811",
  "overall_quality": 1.0,
  "avg_latency": 255.5518727590623,
  "total_data_points": 4910,
  "valid_data_points": 4910,
  "data_sources": 4,
  "active_alerts": 1098190,
  "market_signals": 101
}