{
  "timestamp": "2025-08-29T01:17:42.705035",
  "overall_quality": 1.0,
  "avg_latency": 241.89680725829845,
  "total_data_points": 4820,
  "valid_data_points": 4820,
  "data_sources": 4,
  "active_alerts": 2054612,
  "market_signals": 100
}