{
  "timestamp": "2025-08-26T11:55:36.388829",
  "overall_quality": 1.0,
  "avg_latency": 195.78410367453546,
  "total_data_points": 3770,
  "valid_data_points": 3770,
  "data_sources": 4,
  "active_alerts": 470629,
  "market_signals": 102
}