{
  "timestamp": "2025-08-27T23:42:55.882922",
  "overall_quality": 1.0,
  "avg_latency": 254.21107145544593,
  "total_data_points": 5050,
  "valid_data_points": 5050,
  "data_sources": 4,
  "active_alerts": 1390129,
  "market_signals": 101
}