{
  "timestamp": "2025-08-28T17:06:30.866008",
  "overall_quality": 1.0,
  "avg_latency": 207.27305088922327,
  "total_data_points": 3990,
  "valid_data_points": 3990,
  "data_sources": 4,
  "active_alerts": 1838900,
  "market_signals": 101
}