{
  "timestamp": "2025-08-27T01:46:40.014427",
  "overall_quality": 1.0,
  "avg_latency": 222.71797258538305,
  "total_data_points": 4310,
  "valid_data_points": 4310,
  "data_sources": 4,
  "active_alerts": 824810,
  "market_signals": 102
}