{
  "timestamp": "2025-08-26T06:38:40.569518",
  "overall_quality": 1.0,
  "avg_latency": 289.9046715111111,
  "total_data_points": 5580,
  "valid_data_points": 5580,
  "data_sources": 4,
  "active_alerts": 334345,
  "market_signals": 102
}