{
  "timestamp": "2025-08-30T00:35:46.479736",
  "overall_quality": 1.0,
  "avg_latency": 177.99480340594891,
  "total_data_points": 3530,
  "valid_data_points": 3530,
  "data_sources": 4,
  "active_alerts": 2660525,
  "market_signals": 101
}