{
  "timestamp": "2025-08-28T22:18:39.295477",
  "overall_quality": 1.0,
  "avg_latency": 270.63092497569534,
  "total_data_points": 5390,
  "valid_data_points": 5390,
  "data_sources": 4,
  "active_alerts": 1974617,
  "market_signals": 104
}