{
  "timestamp": "2025-08-29T18:25:54.070763",
  "overall_quality": 1.0,
  "avg_latency": 183.59628416505714,
  "total_data_points": 3520,
  "valid_data_points": 3520,
  "data_sources": 4,
  "active_alerts": 2498806,
  "market_signals": 101
}