{
  "timestamp": "2025-08-28T17:50:34.231269",
  "overall_quality": 1.0,
  "avg_latency": 178.6891280084303,
  "total_data_points": 3440,
  "valid_data_points": 3440,
  "data_sources": 4,
  "active_alerts": 1857539,
  "market_signals": 101
}