{
  "timestamp": "2025-08-29T05:02:47.178286",
  "overall_quality": 1.0,
  "avg_latency": 244.2750047098971,
  "total_data_points": 4850,
  "valid_data_points": 4850,
  "data_sources": 4,
  "active_alerts": 2153641,
  "market_signals": 104
}