{
  "timestamp": "2025-08-26T10:52:55.267494",
  "overall_quality": 1.0,
  "avg_latency": 265.9105998167974,
  "total_data_points": 5120,
  "valid_data_points": 5120,
  "data_sources": 4,
  "active_alerts": 443213,
  "market_signals": 103
}