{
  "timestamp": "2025-08-26T14:41:36.283503",
  "overall_quality": 1.0,
  "avg_latency": 224.88916315802769,
  "total_data_points": 4360,
  "valid_data_points": 4360,
  "data_sources": 4,
  "active_alerts": 541263,
  "market_signals": 103
}