{
  "timestamp": "2025-08-27T10:42:36.067160",
  "overall_quality": 1.0,
  "avg_latency": 248.2033136240588,
  "total_data_points": 4780,
  "valid_data_points": 4780,
  "data_sources": 4,
  "active_alerts": 1054966,
  "market_signals": 102
}