{
  "timestamp": "2025-08-27T09:57:58.801426",
  "overall_quality": 1.0,
  "avg_latency": 259.6569287665999,
  "total_data_points": 5000,
  "valid_data_points": 5000,
  "data_sources": 4,
  "active_alerts": 1035959,
  "market_signals": 103
}