{
  "timestamp": "2025-08-29T03:01:44.784672",
  "overall_quality": 1.0,
  "avg_latency": 213.1847033278301,
  "total_data_points": 4240,
  "valid_data_points": 4240,
  "data_sources": 4,
  "active_alerts": 2100347,
  "market_signals": 101
}