{
  "timestamp": "2025-08-29T07:59:53.445916",
  "overall_quality": 1.0,
  "avg_latency": 156.56351254666663,
  "total_data_points": 3000,
  "valid_data_points": 3000,
  "data_sources": 4,
  "active_alerts": 2231658,
  "market_signals": 102
}