{
  "timestamp": "2025-08-28T15:24:52.377649",
  "overall_quality": 1.0,
  "avg_latency": 158.79145005180345,
  "total_data_points": 3050,
  "valid_data_points": 3050,
  "data_sources": 4,
  "active_alerts": 1795257,
  "market_signals": 101
}