{
  "timestamp": "2025-08-30T03:18:49.745640",
  "overall_quality": 1.0,
  "avg_latency": 269.01008088973856,
  "total_data_points": 5360,
  "valid_data_points": 5360,
  "data_sources": 4,
  "active_alerts": 2731980,
  "market_signals": 100
}