{
  "timestamp": "2025-08-27T21:42:53.115296",
  "overall_quality": 1.0,
  "avg_latency": 253.0971871726342,
  "total_data_points": 4860,
  "valid_data_points": 4860,
  "data_sources": 4,
  "active_alerts": 1336619,
  "market_signals": 103
}