{
  "timestamp": "2025-08-27T11:23:42.310249",
  "overall_quality": 1.0,
  "avg_latency": 281.09544721463,
  "total_data_points": 5400,
  "valid_data_points": 5400,
  "data_sources": 4,
  "active_alerts": 1072586,
  "market_signals": 102
}