{
  "timestamp": "2025-08-26T09:07:38.170715",
  "overall_quality": 1.0,
  "avg_latency": 257.59725758286226,
  "total_data_points": 4960,
  "valid_data_points": 4960,
  "data_sources": 4,
  "active_alerts": 397946,
  "market_signals": 100
}