{
  "timestamp": "2025-08-30T04:29:51.020591",
  "overall_quality": 1.0,
  "avg_latency": 299.5948830228186,
  "total_data_points": 5960,
  "valid_data_points": 5960,
  "data_sources": 4,
  "active_alerts": 2762459,
  "market_signals": 103
}