{
  "timestamp": "2025-08-27T16:34:36.637263",
  "overall_quality": 1.0,
  "avg_latency": 156.56155656710988,
  "total_data_points": 3010,
  "valid_data_points": 3010,
  "data_sources": 4,
  "active_alerts": 1205933,
  "market_signals": 103
}