{
  "timestamp": "2025-08-26T11:05:57.184647",
  "overall_quality": 1.0,
  "avg_latency": 206.6773331753773,
  "total_data_points": 3980,
  "valid_data_points": 3980,
  "data_sources": 4,
  "active_alerts": 449026,
  "market_signals": 101
}