{
  "timestamp": "2025-08-30T05:24:52.128391",
  "overall_quality": 1.0,
  "avg_latency": 150.74295278160554,
  "total_data_points": 2990,
  "valid_data_points": 2990,
  "data_sources": 4,
  "active_alerts": 2786924,
  "market_signals": 100
}