{
  "timestamp": "2025-08-29T17:17:45.142397",
  "overall_quality": 1.0,
  "avg_latency": 239.24788476637673,
  "total_data_points": 4610,
  "valid_data_points": 4610,
  "data_sources": 4,
  "active_alerts": 2469283,
  "market_signals": 102
}