{
  "timestamp": "2025-08-29T06:00:48.526767",
  "overall_quality": 1.0,
  "avg_latency": 184.45451121311459,
  "total_data_points": 3660,
  "valid_data_points": 3660,
  "data_sources": 4,
  "active_alerts": 2179188,
  "market_signals": 103
}