{
  "timestamp": "2025-08-29T03:04:44.848000",
  "overall_quality": 1.0,
  "avg_latency": 152.933322275,
  "total_data_points": 3040,
  "valid_data_points": 3040,
  "data_sources": 4,
  "active_alerts": 2101692,
  "market_signals": 101
}