{
  "timestamp": "2025-08-30T08:21:55.375385",
  "overall_quality": 1.0,
  "avg_latency": 211.7728267149641,
  "total_data_points": 4210,
  "valid_data_points": 4210,
  "data_sources": 4,
  "active_alerts": 2864875,
  "market_signals": 102
}