{
  "timestamp": "2025-08-29T19:01:58.868281",
  "overall_quality": 1.0,
  "avg_latency": 215.58649648668333,
  "total_data_points": 4130,
  "valid_data_points": 4130,
  "data_sources": 4,
  "active_alerts": 2514100,
  "market_signals": 102
}