{
  "timestamp": "2025-08-27T02:24:46.346821",
  "overall_quality": 1.0,
  "avg_latency": 166.3650208288402,
  "total_data_points": 3190,
  "valid_data_points": 3190,
  "data_sources": 4,
  "active_alerts": 840930,
  "market_signals": 101
}