{
  "timestamp": "2025-08-29T17:16:44.947680",
  "overall_quality": 1.0,
  "avg_latency": 209.1981817598012,
  "total_data_points": 4030,
  "valid_data_points": 4030,
  "data_sources": 4,
  "active_alerts": 2468865,
  "market_signals": 100
}