{
  "timestamp": "2025-08-29T12:58:49.258924",
  "overall_quality": 1.0,
  "avg_latency": 272.6223073043807,
  "total_data_points": 5250,
  "valid_data_points": 5250,
  "data_sources": 4,
  "active_alerts": 2359583,
  "market_signals": 104
}