{
  "timestamp": "2025-08-29T21:12:40.784729",
  "overall_quality": 1.0,
  "avg_latency": 235.37320444834384,
  "total_data_points": 4530,
  "valid_data_points": 4530,
  "data_sources": 4,
  "active_alerts": 2570115,
  "market_signals": 101
}