{
  "timestamp": "2025-08-27T05:20:47.185332",
  "overall_quality": 1.0,
  "avg_latency": 195.16270865398906,
  "total_data_points": 3760,
  "valid_data_points": 3760,
  "data_sources": 4,
  "active_alerts": 916330,
  "market_signals": 100
}