{
  "timestamp": "2025-08-29T18:17:53.023359",
  "overall_quality": 1.0,
  "avg_latency": 242.98275277446947,
  "total_data_points": 4669,
  "valid_data_points": 4669,
  "data_sources": 4,
  "active_alerts": 2495220,
  "market_signals": 101
}