{
  "timestamp": "2025-08-29T06:38:49.514673",
  "overall_quality": 1.0,
  "avg_latency": 275.34019238275147,
  "total_data_points": 5450,
  "valid_data_points": 5450,
  "data_sources": 4,
  "active_alerts": 2196118,
  "market_signals": 101
}