{
  "timestamp": "2025-08-29T23:31:45.254103",
  "overall_quality": 1.0,
  "avg_latency": 207.45930173068555,
  "total_data_points": 4129,
  "valid_data_points": 4129,
  "data_sources": 4,
  "active_alerts": 2632557,
  "market_signals": 100
}