{
  "timestamp": "2025-08-26T17:49:39.674276",
  "overall_quality": 1.0,
  "avg_latency": 165.8765000867924,
  "total_data_points": 3180,
  "valid_data_points": 3180,
  "data_sources": 4,
  "active_alerts": 621935,
  "market_signals": 101
}