{
  "timestamp": "2025-08-28T06:49:50.797054",
  "overall_quality": 1.0,
  "avg_latency": 160.09215158344122,
  "total_data_points": 3080,
  "valid_data_points": 3080,
  "data_sources": 4,
  "active_alerts": 1575261,
  "market_signals": 101
}