{
  "timestamp": "2025-08-27T12:20:51.684939",
  "overall_quality": 1.0,
  "avg_latency": 195.4882187786658,
  "total_data_points": 3750,
  "valid_data_points": 3750,
  "data_sources": 4,
  "active_alerts": 1097303,
  "market_signals": 102
}