{
  "timestamp": "2025-08-28T15:59:55.353604",
  "overall_quality": 1.0,
  "avg_latency": 159.930349971987,
  "total_data_points": 3070,
  "valid_data_points": 3070,
  "data_sources": 4,
  "active_alerts": 1810253,
  "market_signals": 101
}