{
  "timestamp": "2025-08-29T05:19:47.560113",
  "overall_quality": 1.0,
  "avg_latency": 154.04309841928114,
  "total_data_points": 3060,
  "valid_data_points": 3060,
  "data_sources": 4,
  "active_alerts": 2161144,
  "market_signals": 102
}