{
  "timestamp": "2025-08-26T04:11:42.944627",
  "overall_quality": 1.0,
  "avg_latency": 231.59815326607122,
  "total_data_points": 4480,
  "valid_data_points": 4480,
  "data_sources": 4,
  "active_alerts": 272490,
  "market_signals": 101
}