{
  "timestamp": "2025-08-27T16:49:38.867476",
  "overall_quality": 1.0,
  "avg_latency": 157.83981212310238,
  "total_data_points": 3030,
  "valid_data_points": 3030,
  "data_sources": 4,
  "active_alerts": 1212350,
  "market_signals": 102
}