{
  "timestamp": "2025-08-28T09:17:34.488555",
  "overall_quality": 1.0,
  "avg_latency": 241.07623679806025,
  "total_data_points": 4640,
  "valid_data_points": 4640,
  "data_sources": 4,
  "active_alerts": 1637979,
  "market_signals": 101
}