{
  "timestamp": "2025-08-28T13:17:47.296541",
  "overall_quality": 1.0,
  "avg_latency": 246.83951210795905,
  "total_data_points": 4900,
  "valid_data_points": 4900,
  "data_sources": 4,
  "active_alerts": 1740153,
  "market_signals": 102
}