{
  "timestamp": "2025-08-27T22:04:54.068500",
  "overall_quality": 1.0,
  "avg_latency": 163.77941493876938,
  "total_data_points": 3250,
  "valid_data_points": 3250,
  "data_sources": 4,
  "active_alerts": 1346696,
  "market_signals": 101
}