{
  "timestamp": "2025-08-27T03:21:57.121679",
  "overall_quality": 1.0,
  "avg_latency": 230.64026182342332,
  "total_data_points": 4440,
  "valid_data_points": 4440,
  "data_sources": 4,
  "active_alerts": 865569,
  "market_signals": 102
}