{
  "timestamp": "2025-08-26T08:30:30.882876",
  "overall_quality": 1.0,
  "avg_latency": 194.39658324171077,
  "total_data_points": 3740,
  "valid_data_points": 3740,
  "data_sources": 4,
  "active_alerts": 382624,
  "market_signals": 101
}