{
  "timestamp": "2025-08-28T10:04:38.081659",
  "overall_quality": 1.0,
  "avg_latency": 152.33347188941997,
  "total_data_points": 2930,
  "valid_data_points": 2930,
  "data_sources": 4,
  "active_alerts": 1657676,
  "market_signals": 104
}