{
  "timestamp": "2025-08-27T04:50:42.386207",
  "overall_quality": 1.0,
  "avg_latency": 193.39162138301919,
  "total_data_points": 3710,
  "valid_data_points": 3710,
  "data_sources": 4,
  "active_alerts": 903685,
  "market_signals": 102
}