{
  "timestamp": "2025-08-30T03:42:50.155934",
  "overall_quality": 1.0,
  "avg_latency": 239.56671432205906,
  "total_data_points": 4760,
  "valid_data_points": 4760,
  "data_sources": 4,
  "active_alerts": 2742294,
  "market_signals": 101
}