{
  "timestamp": "2025-08-29T13:12:50.558676",
  "overall_quality": 1.0,
  "avg_latency": 242.86128266004167,
  "total_data_points": 4680,
  "valid_data_points": 4680,
  "data_sources": 4,
  "active_alerts": 2365718,
  "market_signals": 101
}