{
  "timestamp": "2025-08-29T07:30:51.200135",
  "overall_quality": 1.0,
  "avg_latency": 185.73984603288062,
  "total_data_points": 3680,
  "valid_data_points": 3680,
  "data_sources": 4,
  "active_alerts": 2218942,
  "market_signals": 102
}