{
  "timestamp": "2025-08-29T16:51:41.907669",
  "overall_quality": 1.0,
  "avg_latency": 207.45492923157994,
  "total_data_points": 3990,
  "valid_data_points": 3990,
  "data_sources": 4,
  "active_alerts": 2458189,
  "market_signals": 103
}