{
  "timestamp": "2025-08-25T21:23:53.012103",
  "overall_quality": 1.0,
  "avg_latency": 300.12575450999987,
  "total_data_points": 5700,
  "valid_data_points": 5700,
  "data_sources": 4,
  "active_alerts": 99872,
  "market_signals": 101
}