{
  "timestamp": "2025-08-30T06:50:53.758188",
  "overall_quality": 1.0,
  "avg_latency": 180.8829140877784,
  "total_data_points": 3600,
  "valid_data_points": 3600,
  "data_sources": 4,
  "active_alerts": 2824636,
  "market_signals": 100
}