{
  "timestamp": "2025-08-30T05:56:52.797911",
  "overall_quality": 1.0,
  "avg_latency": 210.24555922529785,
  "total_data_points": 4190,
  "valid_data_points": 4190,
  "data_sources": 4,
  "active_alerts": 2801307,
  "market_signals": 101
}