{
  "timestamp": "2025-08-27T14:12:39.994802",
  "overall_quality": 1.0,
  "avg_latency": 249.16849154375092,
  "total_data_points": 4800,
  "valid_data_points": 4800,
  "data_sources": 4,
  "active_alerts": 1145387,
  "market_signals": 100
}