{
  "timestamp": "2025-08-28T11:31:44.702959",
  "overall_quality": 1.0,
  "avg_latency": 215.71782287946849,
  "total_data_points": 4140,
  "valid_data_points": 4140,
  "data_sources": 4,
  "active_alerts": 1694318,
  "market_signals": 101
}