{
  "timestamp": "2025-08-26T11:48:35.342239",
  "overall_quality": 1.0,
  "avg_latency": 285.89721976945464,
  "total_data_points": 5500,
  "valid_data_points": 5500,
  "data_sources": 4,
  "active_alerts": 467706,
  "market_signals": 100
}