{
  "timestamp": "2025-08-30T00:09:45.970785",
  "overall_quality": 1.0,
  "avg_latency": 297.762830143243,
  "total_data_points": 5920,
  "valid_data_points": 5920,
  "data_sources": 4,
  "active_alerts": 2649046,
  "market_signals": 100
}