{
  "timestamp": "2025-08-26T17:45:39.343844",
  "overall_quality": 1.0,
  "avg_latency": 195.32245686390374,
  "total_data_points": 3740,
  "valid_data_points": 3740,
  "data_sources": 4,
  "active_alerts": 620141,
  "market_signals": 100
}