{
  "timestamp": "2025-08-29T02:15:43.895392",
  "overall_quality": 1.0,
  "avg_latency": 182.52931511349902,
  "total_data_points": 3630,
  "valid_data_points": 3630,
  "data_sources": 4,
  "active_alerts": 2079725,
  "market_signals": 100
}