{
  "timestamp": "2025-08-25T22:24:38.611754",
  "overall_quality": 1.0,
  "avg_latency": 171.79951083121168,
  "total_data_points": 3300,
  "valid_data_points": 3300,
  "data_sources": 4,
  "active_alerts": 125359,
  "market_signals": 101
}