{
  "timestamp": "2025-08-28T05:11:40.397027",
  "overall_quality": 1.0,
  "avg_latency": 215.1094330799998,
  "total_data_points": 4150,
  "valid_data_points": 4150,
  "data_sources": 4,
  "active_alerts": 1533362,
  "market_signals": 100
}