{
  "timestamp": "2025-08-29T00:12:41.452932",
  "overall_quality": 1.0,
  "avg_latency": 241.3692047731805,
  "total_data_points": 4810,
  "valid_data_points": 4810,
  "data_sources": 4,
  "active_alerts": 2025890,
  "market_signals": 102
}