{
  "timestamp": "2025-08-27T17:15:43.434530",
  "overall_quality": 1.0,
  "avg_latency": 190.13720067719808,
  "total_data_points": 3640,
  "valid_data_points": 3640,
  "data_sources": 4,
  "active_alerts": 1223075,
  "market_signals": 102
}