{
  "timestamp": "2025-08-27T21:13:49.754656",
  "overall_quality": 1.0,
  "avg_latency": 281.72375112421406,
  "total_data_points": 5410,
  "valid_data_points": 5410,
  "data_sources": 4,
  "active_alerts": 1324459,
  "market_signals": 103
}