{
  "timestamp": "2025-08-27T07:51:39.529337",
  "overall_quality": 1.0,
  "avg_latency": 220.687745917176,
  "total_data_points": 4250,
  "valid_data_points": 4250,
  "data_sources": 4,
  "active_alerts": 982108,
  "market_signals": 102
}