{
  "timestamp": "2025-08-27T19:50:38.627095",
  "overall_quality": 1.0,
  "avg_latency": 186.42709879498588,
  "total_data_points": 3590,
  "valid_data_points": 3590,
  "data_sources": 4,
  "active_alerts": 1289166,
  "market_signals": 103
}