{
  "timestamp": "2025-08-27T15:14:49.989687",
  "overall_quality": 1.0,
  "avg_latency": 163.65173368482752,
  "total_data_points": 3157,
  "valid_data_points": 3157,
  "data_sources": 4,
  "active_alerts": 1171667,
  "market_signals": 100
}