{
  "timestamp": "2025-08-27T04:08:35.354830",
  "overall_quality": 1.0,
  "avg_latency": 280.1302845146841,
  "total_data_points": 5380,
  "valid_data_points": 5380,
  "data_sources": 4,
  "active_alerts": 885336,
  "market_signals": 100
}