{
  "timestamp": "2025-08-28T07:17:53.200634",
  "overall_quality": 1.0,
  "avg_latency": 250.9517080099587,
  "total_data_points": 4820,
  "valid_data_points": 4820,
  "data_sources": 4,
  "active_alerts": 1586814,
  "market_signals": 101
}