{
  "timestamp": "2025-08-28T14:11:48.355164",
  "overall_quality": 1.0,
  "avg_latency": 217.134032864965,
  "total_data_points": 4310,
  "valid_data_points": 4310,
  "data_sources": 4,
  "active_alerts": 1764338,
  "market_signals": 103
}