{
  "timestamp": "2025-08-27T17:38:46.802519",
  "overall_quality": 1.0,
  "avg_latency": 281.3182815453712,
  "total_data_points": 5400,
  "valid_data_points": 5400,
  "data_sources": 4,
  "active_alerts": 1232976,
  "market_signals": 104
}