{
  "timestamp": "2025-08-30T04:20:50.857982",
  "overall_quality": 1.0,
  "avg_latency": 179.71008860810045,
  "total_data_points": 3580,
  "valid_data_points": 3580,
  "data_sources": 4,
  "active_alerts": 2758516,
  "market_signals": 101
}