{
  "timestamp": "2025-08-28T06:59:51.599300",
  "overall_quality": 1.0,
  "avg_latency": 160.22831745433945,
  "total_data_points": 3088,
  "valid_data_points": 3088,
  "data_sources": 4,
  "active_alerts": 1579283,
  "market_signals": 103
}