{
  "timestamp": "2025-08-29T16:26:39.184385",
  "overall_quality": 1.0,
  "avg_latency": 206.90781710579324,
  "total_data_points": 3970,
  "valid_data_points": 3970,
  "data_sources": 4,
  "active_alerts": 2447455,
  "market_signals": 103
}