{
  "timestamp": "2025-08-29T03:11:44.986004",
  "overall_quality": 1.0,
  "avg_latency": 213.1158328856136,
  "total_data_points": 4240,
  "valid_data_points": 4240,
  "data_sources": 4,
  "active_alerts": 2105054,
  "market_signals": 101
}