{
  "timestamp": "2025-08-26T21:23:51.206232",
  "overall_quality": 1.0,
  "avg_latency": 289.9236213867152,
  "total_data_points": 5570,
  "valid_data_points": 5570,
  "data_sources": 4,
  "active_alerts": 713031,
  "market_signals": 101
}