{
  "timestamp": "2025-08-27T12:18:51.522563",
  "overall_quality": 1.0,
  "avg_latency": 285.4335710874315,
  "total_data_points": 5490,
  "valid_data_points": 5490,
  "data_sources": 4,
  "active_alerts": 1096469,
  "market_signals": 103
}