{
  "timestamp": "2025-08-26T17:32:36.967563",
  "overall_quality": 1.0,
  "avg_latency": 254.29997615439675,
  "total_data_points": 4890,
  "valid_data_points": 4890,
  "data_sources": 4,
  "active_alerts": 614529,
  "market_signals": 104
}