{
  "timestamp": "2025-08-26T13:45:55.590667",
  "overall_quality": 1.0,
  "avg_latency": 205.1167647618691,
  "total_data_points": 3960,
  "valid_data_points": 3960,
  "data_sources": 4,
  "active_alerts": 516827,
  "market_signals": 101
}