{
  "timestamp": "2025-08-26T00:19:31.679495",
  "overall_quality": 1.0,
  "avg_latency": 167.72132281583893,
  "total_data_points": 3220,
  "valid_data_points": 3220,
  "data_sources": 4,
  "active_alerts": 174884,
  "market_signals": 101
}