{
  "timestamp": "2025-08-26T23:55:50.166699",
  "overall_quality": 1.0,
  "avg_latency": 198.353285037173,
  "total_data_points": 3820,
  "valid_data_points": 3820,
  "data_sources": 4,
  "active_alerts": 776664,
  "market_signals": 104
}