{
  "timestamp": "2025-08-29T05:17:47.521569",
  "overall_quality": 1.0,
  "avg_latency": 243.87878177567043,
  "total_data_points": 4850,
  "valid_data_points": 4850,
  "data_sources": 4,
  "active_alerts": 2160227,
  "market_signals": 103
}