{
  "timestamp": "2025-08-28T22:57:40.097255",
  "overall_quality": 1.0,
  "avg_latency": 240.9866802849999,
  "total_data_points": 4800,
  "valid_data_points": 4800,
  "data_sources": 4,
  "active_alerts": 1992323,
  "market_signals": 102
}