{
  "timestamp": "2025-08-27T14:23:42.072059",
  "overall_quality": 1.0,
  "avg_latency": 280.40803636178117,
  "total_data_points": 5390,
  "valid_data_points": 5390,
  "data_sources": 4,
  "active_alerts": 1150144,
  "market_signals": 102
}