{
  "timestamp": "2025-08-25T19:39:31.554424",
  "overall_quality": 1.0,
  "avg_latency": 169.1704718799994,
  "total_data_points": 3250,
  "valid_data_points": 3250,
  "data_sources": 4,
  "active_alerts": 55475,
  "market_signals": 102
}