{
  "timestamp": "2025-08-26T04:57:51.834602",
  "overall_quality": 1.0,
  "avg_latency": 266.23146301115526,
  "total_data_points": 5110,
  "valid_data_points": 5110,
  "data_sources": 4,
  "active_alerts": 291663,
  "market_signals": 103
}