{
  "timestamp": "2025-08-26T00:25:32.785320",
  "overall_quality": 1.0,
  "avg_latency": 197.68181648372644,
  "total_data_points": 3810,
  "valid_data_points": 3810,
  "data_sources": 4,
  "active_alerts": 177102,
  "market_signals": 101
}