{
  "timestamp": "2025-08-26T14:20:32.385862",
  "overall_quality": 1.0,
  "avg_latency": 193.65379358225832,
  "total_data_points": 3720,
  "valid_data_points": 3720,
  "data_sources": 4,
  "active_alerts": 531976,
  "market_signals": 100
}