{
  "timestamp": "2025-08-30T03:58:50.456755",
  "overall_quality": 1.0,
  "avg_latency": 269.4224673608944,
  "total_data_points": 5370,
  "valid_data_points": 5370,
  "data_sources": 4,
  "active_alerts": 2749258,
  "market_signals": 102
}