{
  "timestamp": "2025-08-30T06:55:53.861382",
  "overall_quality": 1.0,
  "avg_latency": 181.34119525611112,
  "total_data_points": 3600,
  "valid_data_points": 3600,
  "data_sources": 4,
  "active_alerts": 2827007,
  "market_signals": 101
}