{
  "timestamp": "2025-08-27T05:43:50.169736",
  "overall_quality": 1.0,
  "avg_latency": 286.98322858402804,
  "total_data_points": 5510,
  "valid_data_points": 5510,
  "data_sources": 4,
  "active_alerts": 926448,
  "market_signals": 101
}