{
  "timestamp": "2025-08-29T10:57:37.745414",
  "overall_quality": 1.0,
  "avg_latency": 238.08881387833665,
  "total_data_points": 4570,
  "valid_data_points": 4570,
  "data_sources": 4,
  "active_alerts": 2307968,
  "market_signals": 100
}