{
  "timestamp": "2025-08-26T14:12:30.473745",
  "overall_quality": 1.0,
  "avg_latency": 252.7197366261853,
  "total_data_points": 4850,
  "valid_data_points": 4850,
  "data_sources": 4,
  "active_alerts": 528700,
  "market_signals": 100
}