{
  "timestamp": "2025-08-26T18:57:54.305678",
  "overall_quality": 1.0,
  "avg_latency": 262.4362060958244,
  "total_data_points": 5030,
  "valid_data_points": 5030,
  "data_sources": 4,
  "active_alerts": 650835,
  "market_signals": 101
}