{
  "timestamp": "2025-08-29T08:50:56.937221",
  "overall_quality": 1.0,
  "avg_latency": 188.1386585707186,
  "total_data_points": 3620,
  "valid_data_points": 3620,
  "data_sources": 4,
  "active_alerts": 2253333,
  "market_signals": 102
}