{
  "timestamp": "2025-08-28T10:41:40.800181",
  "overall_quality": 1.0,
  "avg_latency": 213.9364772128956,
  "total_data_points": 4110,
  "valid_data_points": 4110,
  "data_sources": 4,
  "active_alerts": 1673220,
  "market_signals": 101
}