{
  "timestamp": "2025-08-26T05:41:30.381508",
  "overall_quality": 1.0,
  "avg_latency": 225.33898732933096,
  "total_data_points": 4330,
  "valid_data_points": 4330,
  "data_sources": 4,
  "active_alerts": 310107,
  "market_signals": 101
}