{
  "timestamp": "2025-08-28T22:30:39.532778",
  "overall_quality": 1.0,
  "avg_latency": 180.95208971916648,
  "total_data_points": 3600,
  "valid_data_points": 3600,
  "data_sources": 4,
  "active_alerts": 1979981,
  "market_signals": 107
}