{
  "timestamp": "2025-08-27T22:02:54.037756",
  "overall_quality": 1.0,
  "avg_latency": 253.52703870099128,
  "total_data_points": 5040,
  "valid_data_points": 5040,
  "data_sources": 4,
  "active_alerts": 1345836,
  "market_signals": 100
}