{
  "timestamp": "2025-08-28T17:16:31.751627",
  "overall_quality": 1.0,
  "avg_latency": 207.72867800249963,
  "total_data_points": 4000,
  "valid_data_points": 4000,
  "data_sources": 4,
  "active_alerts": 1843144,
  "market_signals": 101
}