{
  "timestamp": "2025-08-27T00:34:57.443019",
  "overall_quality": 1.0,
  "avg_latency": 172.21414205951655,
  "total_data_points": 3310,
  "valid_data_points": 3310,
  "data_sources": 4,
  "active_alerts": 793562,
  "market_signals": 102
}