{
  "timestamp": "2025-08-29T19:08:59.518299",
  "overall_quality": 1.0,
  "avg_latency": 275.6448778867671,
  "total_data_points": 5290,
  "valid_data_points": 5290,
  "data_sources": 4,
  "active_alerts": 2517108,
  "market_signals": 102
}