{
  "timestamp": "2025-08-29T18:15:52.799093",
  "overall_quality": 1.0,
  "avg_latency": 182.6465560034099,
  "total_data_points": 3519,
  "valid_data_points": 3519,
  "data_sources": 4,
  "active_alerts": 2494348,
  "market_signals": 103
}