{
  "timestamp": "2025-08-25T18:45:54.010325",
  "overall_quality": 1.0,
  "avg_latency": 210.83311151909334,
  "total_data_points": 4190,
  "valid_data_points": 4190,
  "data_sources": 4,
  "active_alerts": 32275,
  "market_signals": 101
}