{
  "timestamp": "2025-08-29T22:42:44.221708",
  "overall_quality": 1.0,
  "avg_latency": 236.49505944946713,
  "total_data_points": 4690,
  "valid_data_points": 4690,
  "data_sources": 4,
  "active_alerts": 2610311,
  "market_signals": 102
}