{
  "timestamp": "2025-08-26T12:41:44.558404",
  "overall_quality": 1.0,
  "avg_latency": 229.98843917139658,
  "total_data_points": 4440,
  "valid_data_points": 4440,
  "data_sources": 4,
  "active_alerts": 489558,
  "market_signals": 100
}