{
  "timestamp": "2025-08-26T11:22:30.947993",
  "overall_quality": 1.0,
  "avg_latency": 253.4235290581972,
  "total_data_points": 4880,
  "valid_data_points": 4880,
  "data_sources": 4,
  "active_alerts": 456433,
  "market_signals": 103
}