{
  "timestamp": "2025-08-27T21:59:53.998840",
  "overall_quality": 1.0,
  "avg_latency": 163.55946622061504,
  "total_data_points": 3250,
  "valid_data_points": 3250,
  "data_sources": 4,
  "active_alerts": 1344477,
  "market_signals": 100
}