{
  "timestamp": "2025-08-29T07:23:51.012528",
  "overall_quality": 1.0,
  "avg_latency": 275.44486498385305,
  "total_data_points": 5450,
  "valid_data_points": 5450,
  "data_sources": 4,
  "active_alerts": 2215920,
  "market_signals": 102
}