{
  "timestamp": "2025-08-27T10:37:35.261714",
  "overall_quality": 1.0,
  "avg_latency": 247.9418774502104,
  "total_data_points": 4760,
  "valid_data_points": 4760,
  "data_sources": 4,
  "active_alerts": 1052750,
  "market_signals": 102
}