{
  "timestamp": "2025-08-27T09:41:56.234294",
  "overall_quality": 1.0,
  "avg_latency": 228.4111216936218,
  "total_data_points": 4390,
  "valid_data_points": 4390,
  "data_sources": 4,
  "active_alerts": 1028918,
  "market_signals": 101
}