{
  "timestamp": "2025-08-26T21:50:56.389519",
  "overall_quality": 1.0,
  "avg_latency": 202.43341619046404,
  "total_data_points": 3880,
  "valid_data_points": 3880,
  "data_sources": 4,
  "active_alerts": 724725,
  "market_signals": 102
}