{
  "timestamp": "2025-08-30T00:30:46.372041",
  "overall_quality": 1.0,
  "avg_latency": 178.09922201186436,
  "total_data_points": 3540,
  "valid_data_points": 3540,
  "data_sources": 4,
  "active_alerts": 2658240,
  "market_signals": 100
}