{
  "timestamp": "2025-08-29T23:26:45.166642",
  "overall_quality": 1.0,
  "avg_latency": 207.55049869126265,
  "total_data_points": 4120,
  "valid_data_points": 4120,
  "data_sources": 4,
  "active_alerts": 2630139,
  "market_signals": 100
}