{
  "timestamp": "2025-08-29T04:14:46.152006",
  "overall_quality": 1.0,
  "avg_latency": 153.92362567606557,
  "total_data_points": 3050,
  "valid_data_points": 3050,
  "data_sources": 4,
  "active_alerts": 2132613,
  "market_signals": 103
}