{
  "timestamp": "2025-08-30T02:14:48.628483",
  "overall_quality": 1.0,
  "avg_latency": 298.9373751725591,
  "total_data_points": 5940,
  "valid_data_points": 5940,
  "data_sources": 4,
  "active_alerts": 2704084,
  "market_signals": 103
}