{
  "timestamp": "2025-08-28T11:10:43.193047",
  "overall_quality": 1.0,
  "avg_latency": 184.7300352039438,
  "total_data_points": 3550,
  "valid_data_points": 3550,
  "data_sources": 4,
  "active_alerts": 1685460,
  "market_signals": 101
}