{
  "timestamp": "2025-08-27T16:14:32.169862",
  "overall_quality": 1.0,
  "avg_latency": 154.94119629256775,
  "total_data_points": 2960,
  "valid_data_points": 2960,
  "data_sources": 4,
  "active_alerts": 1197458,
  "market_signals": 102
}