{
  "timestamp": "2025-08-28T13:51:47.922168",
  "overall_quality": 1.0,
  "avg_latency": 216.55205848700666,
  "total_data_points": 4310,
  "valid_data_points": 4310,
  "data_sources": 4,
  "active_alerts": 1755301,
  "market_signals": 101
}