{
  "timestamp": "2025-08-29T22:36:44.054543",
  "overall_quality": 1.0,
  "avg_latency": 207.20295322475715,
  "total_data_points": 4120,
  "valid_data_points": 4120,
  "data_sources": 4,
  "active_alerts": 2607558,
  "market_signals": 102
}