{
  "timestamp": "2025-08-28T15:30:52.865786",
  "overall_quality": 1.0,
  "avg_latency": 188.69154272093672,
  "total_data_points": 3630,
  "valid_data_points": 3630,
  "data_sources": 4,
  "active_alerts": 1797778,
  "market_signals": 102
}