{
  "timestamp": "2025-08-25T22:48:42.838750",
  "overall_quality": 1.0,
  "avg_latency": 293.6390191734986,
  "total_data_points": 5660,
  "valid_data_points": 5660,
  "data_sources": 4,
  "active_alerts": 135807,
  "market_signals": 102
}