{
  "timestamp": "2025-08-26T01:49:46.887034",
  "overall_quality": 1.0,
  "avg_latency": 174.92605978660697,
  "total_data_points": 3360,
  "valid_data_points": 3360,
  "data_sources": 4,
  "active_alerts": 212428,
  "market_signals": 100
}