{
  "timestamp": "2025-08-28T14:57:49.501498",
  "overall_quality": 1.0,
  "avg_latency": 248.39987996471828,
  "total_data_points": 4790,
  "valid_data_points": 4790,
  "data_sources": 4,
  "active_alerts": 1783956,
  "market_signals": 101
}