{
  "timestamp": "2025-08-30T02:02:48.350135",
  "overall_quality": 1.0,
  "avg_latency": 238.7029249812634,
  "total_data_points": 4750,
  "valid_data_points": 4750,
  "data_sources": 4,
  "active_alerts": 2698874,
  "market_signals": 104
}