{
  "timestamp": "2025-08-28T01:35:58.040033",
  "overall_quality": 1.0,
  "avg_latency": 195.4151806391753,
  "total_data_points": 3880,
  "valid_data_points": 3880,
  "data_sources": 4,
  "active_alerts": 1439782,
  "market_signals": 101
}