{
  "timestamp": "2025-08-28T20:50:37.634613",
  "overall_quality": 1.0,
  "avg_latency": 180.29617058631294,
  "total_data_points": 3580,
  "valid_data_points": 3580,
  "data_sources": 4,
  "active_alerts": 1935399,
  "market_signals": 102
}