{
  "timestamp": "2025-08-26T19:39:31.576769",
  "overall_quality": 1.0,
  "avg_latency": 161.1596044783171,
  "total_data_points": 3090,
  "valid_data_points": 3090,
  "data_sources": 4,
  "active_alerts": 668524,
  "market_signals": 102
}