{
  "timestamp": "2025-08-25T21:16:51.357253",
  "overall_quality": 1.0,
  "avg_latency": 238.81727709561432,
  "total_data_points": 4560,
  "valid_data_points": 4560,
  "data_sources": 4,
  "active_alerts": 96950,
  "market_signals": 101
}