{
  "timestamp": "2025-08-26T08:56:35.992930",
  "overall_quality": 1.0,
  "avg_latency": 226.76817608119282,
  "total_data_points": 4360,
  "valid_data_points": 4360,
  "data_sources": 4,
  "active_alerts": 393168,
  "market_signals": 102
}