{
  "timestamp": "2025-08-27T05:04:44.864361",
  "overall_quality": 1.0,
  "avg_latency": 164.68143593797464,
  "total_data_points": 3160,
  "valid_data_points": 3160,
  "data_sources": 4,
  "active_alerts": 909484,
  "market_signals": 102
}