{
  "timestamp": "2025-08-26T22:01:58.469922",
  "overall_quality": 1.0,
  "avg_latency": 233.25224981789688,
  "total_data_points": 4470,
  "valid_data_points": 4470,
  "data_sources": 4,
  "active_alerts": 729569,
  "market_signals": 101
}