{
  "timestamp": "2025-08-27T14:01:38.164234",
  "overall_quality": 1.0,
  "avg_latency": 217.9819470649999,
  "total_data_points": 4200,
  "valid_data_points": 4200,
  "data_sources": 4,
  "active_alerts": 1140590,
  "market_signals": 105
}