{
  "timestamp": "2025-08-27T22:48:54.885746",
  "overall_quality": 1.0,
  "avg_latency": 283.9774200371686,
  "total_data_points": 5650,
  "valid_data_points": 5650,
  "data_sources": 4,
  "active_alerts": 1366178,
  "market_signals": 102
}