{
  "timestamp": "2025-08-28T22:34:39.623111",
  "overall_quality": 1.0,
  "avg_latency": 150.58375223266643,
  "total_data_points": 3000,
  "valid_data_points": 3000,
  "data_sources": 4,
  "active_alerts": 1981917,
  "market_signals": 102
}