{
  "timestamp": "2025-08-27T09:35:55.196911",
  "overall_quality": 1.0,
  "avg_latency": 198.1691538430445,
  "total_data_points": 3810,
  "valid_data_points": 3810,
  "data_sources": 4,
  "active_alerts": 1026314,
  "market_signals": 102
}