{
  "timestamp": "2025-08-26T05:58:34.073877",
  "overall_quality": 1.0,
  "avg_latency": 287.46504283043436,
  "total_data_points": 5520,
  "valid_data_points": 5520,
  "data_sources": 4,
  "active_alerts": 317294,
  "market_signals": 102
}