{
  "timestamp": "2025-08-28T12:09:46.084309",
  "overall_quality": 1.0,
  "avg_latency": 155.74523893096827,
  "total_data_points": 3100,
  "valid_data_points": 3100,
  "data_sources": 4,
  "active_alerts": 1710408,
  "market_signals": 101
}