{
  "timestamp": "2025-08-28T12:21:46.277541",
  "overall_quality": 1.0,
  "avg_latency": 215.8676935638702,
  "total_data_points": 4290,
  "valid_data_points": 4290,
  "data_sources": 4,
  "active_alerts": 1715811,
  "market_signals": 105
}