{
  "timestamp": "2025-08-27T13:53:36.797989",
  "overall_quality": 1.0,
  "avg_latency": 277.45332724232145,
  "total_data_points": 5340,
  "valid_data_points": 5340,
  "data_sources": 4,
  "active_alerts": 1136912,
  "market_signals": 101
}