{
  "timestamp": "2025-08-27T10:03:59.825584",
  "overall_quality": 1.0,
  "avg_latency": 289.8781021878145,
  "total_data_points": 5580,
  "valid_data_points": 5580,
  "data_sources": 4,
  "active_alerts": 1038525,
  "market_signals": 101
}