{
  "timestamp": "2025-08-27T04:17:36.961505",
  "overall_quality": 1.0,
  "avg_latency": 250.66487219647226,
  "total_data_points": 4820,
  "valid_data_points": 4820,
  "data_sources": 4,
  "active_alerts": 889195,
  "market_signals": 101
}