{
  "timestamp": "2025-08-29T08:14:54.162745",
  "overall_quality": 1.0,
  "avg_latency": 156.82010997674396,
  "total_data_points": 3010,
  "valid_data_points": 3010,
  "data_sources": 4,
  "active_alerts": 2238224,
  "market_signals": 101
}