{
  "timestamp": "2025-08-29T15:36:33.521796",
  "overall_quality": 1.0,
  "avg_latency": 203.93680102569937,
  "total_data_points": 3930,
  "valid_data_points": 3930,
  "data_sources": 4,
  "active_alerts": 2426815,
  "market_signals": 102
}