{
  "timestamp": "2025-08-29T06:04:48.620039",
  "overall_quality": 1.0,
  "avg_latency": 154.53631431830053,
  "total_data_points": 3060,
  "valid_data_points": 3060,
  "data_sources": 4,
  "active_alerts": 2181015,
  "market_signals": 102
}