{
  "timestamp": "2025-08-27T04:36:40.401245",
  "overall_quality": 1.0,
  "avg_latency": 222.25503724355994,
  "total_data_points": 4270,
  "valid_data_points": 4270,
  "data_sources": 4,
  "active_alerts": 897685,
  "market_signals": 101
}