{
  "timestamp": "2025-08-27T02:01:42.102801",
  "overall_quality": 1.0,
  "avg_latency": 223.81396878152447,
  "total_data_points": 4330,
  "valid_data_points": 4330,
  "data_sources": 4,
  "active_alerts": 831271,
  "market_signals": 102
}