{
  "timestamp": "2025-08-28T16:34:58.306252",
  "overall_quality": 1.0,
  "avg_latency": 161.00356508419367,
  "total_data_points": 3100,
  "valid_data_points": 3100,
  "data_sources": 4,
  "active_alerts": 1825561,
  "market_signals": 100
}