{
  "timestamp": "2025-08-26T18:00:42.229111",
  "overall_quality": 1.0,
  "avg_latency": 196.70088569151136,
  "total_data_points": 3770,
  "valid_data_points": 3770,
  "data_sources": 4,
  "active_alerts": 626296,
  "market_signals": 100
}