{
  "timestamp": "2025-08-29T19:15:30.139811",
  "overall_quality": 1.0,
  "avg_latency": 171.09502465379964,
  "total_data_points": 3290,
  "valid_data_points": 3290,
  "data_sources": 4,
  "active_alerts": 2519891,
  "market_signals": 101
}