{
  "timestamp": "2025-08-26T22:57:38.712727",
  "overall_quality": 1.0,
  "avg_latency": 253.2496069447635,
  "total_data_points": 4870,
  "valid_data_points": 4870,
  "data_sources": 4,
  "active_alerts": 752693,
  "market_signals": 101
}