{
  "timestamp": "2025-08-29T14:07:55.514904",
  "overall_quality": 1.0,
  "avg_latency": 245.32825158538196,
  "total_data_points": 4720,
  "valid_data_points": 4720,
  "data_sources": 4,
  "active_alerts": 2389175,
  "market_signals": 101
}