{
  "timestamp": "2025-08-27T16:59:40.784475",
  "overall_quality": 1.0,
  "avg_latency": 158.36880256852427,
  "total_data_points": 3050,
  "valid_data_points": 3050,
  "data_sources": 4,
  "active_alerts": 1216812,
  "market_signals": 100
}