{
  "timestamp": "2025-08-26T00:42:35.183669",
  "overall_quality": 1.0,
  "avg_latency": 259.26826591485894,
  "total_data_points": 4980,
  "valid_data_points": 4980,
  "data_sources": 4,
  "active_alerts": 183908,
  "market_signals": 103
}