{
  "timestamp": "2025-08-29T11:06:38.551908",
  "overall_quality": 1.0,
  "avg_latency": 208.36630434775037,
  "total_data_points": 4000,
  "valid_data_points": 4000,
  "data_sources": 4,
  "active_alerts": 2311847,
  "market_signals": 102
}