{
  "timestamp": "2025-08-27T06:54:31.263489",
  "overall_quality": 1.0,
  "avg_latency": 156.84186288708605,
  "total_data_points": 3020,
  "valid_data_points": 3020,
  "data_sources": 4,
  "active_alerts": 957665,
  "market_signals": 100
}