{
  "timestamp": "2025-08-25T19:47:32.844006",
  "overall_quality": 1.0,
  "avg_latency": 259.9029960271632,
  "total_data_points": 4970,
  "valid_data_points": 4970,
  "data_sources": 4,
  "active_alerts": 58801,
  "market_signals": 100
}