{
  "timestamp": "2025-08-26T22:55:38.303190",
  "overall_quality": 1.0,
  "avg_latency": 193.10598225552525,
  "total_data_points": 3710,
  "valid_data_points": 3710,
  "data_sources": 4,
  "active_alerts": 751829,
  "market_signals": 102
}