{
  "timestamp": "2025-08-28T06:58:51.509459",
  "overall_quality": 1.0,
  "avg_latency": 280.16427623803304,
  "total_data_points": 5390,
  "valid_data_points": 5390,
  "data_sources": 4,
  "active_alerts": 1578846,
  "market_signals": 102
}