{
  "timestamp": "2025-08-26T06:32:39.507734",
  "overall_quality": 1.0,
  "avg_latency": 259.09938263907804,
  "total_data_points": 4990,
  "valid_data_points": 4990,
  "data_sources": 4,
  "active_alerts": 331958,
  "market_signals": 101
}