{
  "timestamp": "2025-08-25T19:19:57.045302",
  "overall_quality": 1.0,
  "avg_latency": 182.58881644956998,
  "total_data_points": 3490,
  "valid_data_points": 3490,
  "data_sources": 4,
  "active_alerts": 47166,
  "market_signals": 101
}