{
  "timestamp": "2025-08-30T01:11:47.261633",
  "overall_quality": 1.0,
  "avg_latency": 208.1043107157004,
  "total_data_points": 4140,
  "valid_data_points": 4140,
  "data_sources": 4,
  "active_alerts": 2676543,
  "market_signals": 100
}