{
  "timestamp": "2025-08-27T04:59:44.073836",
  "overall_quality": 1.0,
  "avg_latency": 163.97500265555522,
  "total_data_points": 3150,
  "valid_data_points": 3150,
  "data_sources": 4,
  "active_alerts": 907396,
  "market_signals": 103
}