{
  "timestamp": "2025-08-27T16:29:35.745967",
  "overall_quality": 1.0,
  "avg_latency": 156.11433287333327,
  "total_data_points": 3000,
  "valid_data_points": 3000,
  "data_sources": 4,
  "active_alerts": 1203703,
  "market_signals": 102
}