{
  "timestamp": "2025-08-30T03:47:50.235043",
  "overall_quality": 1.0,
  "avg_latency": 239.53999874046116,
  "total_data_points": 4770,
  "valid_data_points": 4770,
  "data_sources": 4,
  "active_alerts": 2744546,
  "market_signals": 100
}