{
  "timestamp": "2025-08-28T01:32:57.972226",
  "overall_quality": 1.0,
  "avg_latency": 255.23591920236686,
  "total_data_points": 5070,
  "valid_data_points": 5070,
  "data_sources": 4,
  "active_alerts": 1438427,
  "market_signals": 101
}