{
  "timestamp": "2025-08-25T18:48:54.091214",
  "overall_quality": 1.0,
  "avg_latency": 151.30724347133327,
  "total_data_points": 3000,
  "valid_data_points": 3000,
  "data_sources": 4,
  "active_alerts": 33596,
  "market_signals": 100
}