{
  "timestamp": "2025-08-28T12:11:46.112287",
  "overall_quality": 1.0,
  "avg_latency": 215.95231047645635,
  "total_data_points": 4290,
  "valid_data_points": 4290,
  "data_sources": 4,
  "active_alerts": 1711313,
  "market_signals": 100
}