{
  "timestamp": "2025-08-29T18:00:51.210095",
  "overall_quality": 1.0,
  "avg_latency": 181.78882641805157,
  "total_data_points": 3490,
  "valid_data_points": 3490,
  "data_sources": 4,
  "active_alerts": 2487743,
  "market_signals": 100
}