{
  "timestamp": "2025-08-27T00:19:54.803641",
  "overall_quality": 1.0,
  "avg_latency": 170.67950529969605,
  "total_data_points": 3290,
  "valid_data_points": 3290,
  "data_sources": 4,
  "active_alerts": 787262,
  "market_signals": 102
}