{
  "timestamp": "2025-08-29T13:30:51.990597",
  "overall_quality": 1.0,
  "avg_latency": 183.86447761189768,
  "total_data_points": 3530,
  "valid_data_points": 3530,
  "data_sources": 4,
  "active_alerts": 2373608,
  "market_signals": 100
}