{
  "timestamp": "2025-08-26T04:12:43.176381",
  "overall_quality": 1.0,
  "avg_latency": 261.78998255790526,
  "total_data_points": 5060,
  "valid_data_points": 5060,
  "data_sources": 4,
  "active_alerts": 272951,
  "market_signals": 102
}