{
  "timestamp": "2025-08-26T10:30:51.774280",
  "overall_quality": 1.0,
  "avg_latency": 204.32595085888315,
  "total_data_points": 3940,
  "valid_data_points": 3940,
  "data_sources": 4,
  "active_alerts": 433971,
  "market_signals": 101
}