{
  "timestamp": "2025-08-27T21:36:52.309701",
  "overall_quality": 1.0,
  "avg_latency": 222.76379776923022,
  "total_data_points": 4290,
  "valid_data_points": 4290,
  "data_sources": 4,
  "active_alerts": 1334081,
  "market_signals": 104
}