{
  "timestamp": "2025-08-26T10:04:47.431918",
  "overall_quality": 1.0,
  "avg_latency": 172.44069784879548,
  "total_data_points": 3320,
  "valid_data_points": 3320,
  "data_sources": 4,
  "active_alerts": 422523,
  "market_signals": 100
}