{
  "timestamp": "2025-08-26T12:36:43.593922",
  "overall_quality": 1.0,
  "avg_latency": 230.0530178952597,
  "total_data_points": 4430,
  "valid_data_points": 4430,
  "data_sources": 4,
  "active_alerts": 487638,
  "market_signals": 103
}