{
  "timestamp": "2025-08-29T07:00:50.312766",
  "overall_quality": 1.0,
  "avg_latency": 185.34400405000022,
  "total_data_points": 3660,
  "valid_data_points": 3660,
  "data_sources": 4,
  "active_alerts": 2205849,
  "market_signals": 100
}