{
  "timestamp": "2025-08-25T20:07:36.371341",
  "overall_quality": 1.0,
  "avg_latency": 261.785195070319,
  "total_data_points": 5020,
  "valid_data_points": 5020,
  "data_sources": 4,
  "active_alerts": 67082,
  "market_signals": 102
}