{
  "timestamp": "2025-08-26T00:08:59.817423",
  "overall_quality": 1.0,
  "avg_latency": 151.46387389280818,
  "total_data_points": 2920,
  "valid_data_points": 2920,
  "data_sources": 4,
  "active_alerts": 170643,
  "market_signals": 100
}