{
  "timestamp": "2025-08-28T10:00:37.847015",
  "overall_quality": 1.0,
  "avg_latency": 182.42540779829093,
  "total_data_points": 3510,
  "valid_data_points": 3510,
  "data_sources": 4,
  "active_alerts": 1656058,
  "market_signals": 103
}