{
  "timestamp": "2025-08-26T10:43:54.138988",
  "overall_quality": 1.0,
  "avg_latency": 295.1199090943757,
  "total_data_points": 5690,
  "valid_data_points": 5690,
  "data_sources": 4,
  "active_alerts": 439591,
  "market_signals": 101
}