{
  "timestamp": "2025-08-28T22:36:39.665173",
  "overall_quality": 1.0,
  "avg_latency": 210.7952214491648,
  "total_data_points": 4190,
  "valid_data_points": 4190,
  "data_sources": 4,
  "active_alerts": 1982795,
  "market_signals": 102
}