{
  "timestamp": "2025-08-28T16:16:56.723026",
  "overall_quality": 1.0,
  "avg_latency": 220.57740044988202,
  "total_data_points": 4250,
  "valid_data_points": 4250,
  "data_sources": 4,
  "active_alerts": 1817661,
  "market_signals": 101
}