{
  "timestamp": "2025-08-29T09:08:58.553961",
  "overall_quality": 1.0,
  "avg_latency": 278.4308689136195,
  "total_data_points": 5360,
  "valid_data_points": 5360,
  "data_sources": 4,
  "active_alerts": 2261003,
  "market_signals": 102
}