{
  "timestamp": "2025-08-25T23:32:50.453026",
  "overall_quality": 1.0,
  "avg_latency": 267.1386049128409,
  "total_data_points": 5140,
  "valid_data_points": 5140,
  "data_sources": 4,
  "active_alerts": 155073,
  "market_signals": 100
}