{
  "timestamp": "2025-08-30T00:48:46.754569",
  "overall_quality": 1.0,
  "avg_latency": 268.2776815908069,
  "total_data_points": 5330,
  "valid_data_points": 5330,
  "data_sources": 4,
  "active_alerts": 2666405,
  "market_signals": 100
}