{
  "timestamp": "2025-08-29T21:03:40.073512",
  "overall_quality": 1.0,
  "avg_latency": 265.22083057117646,
  "total_data_points": 5100,
  "valid_data_points": 5100,
  "data_sources": 4,
  "active_alerts": 2566239,
  "market_signals": 100
}