{
  "timestamp": "2025-08-27T23:12:55.327719",
  "overall_quality": 1.0,
  "avg_latency": 253.75764704198832,
  "total_data_points": 5049,
  "valid_data_points": 5049,
  "data_sources": 4,
  "active_alerts": 1376817,
  "market_signals": 102
}