{
  "timestamp": "2025-08-25T18:26:53.491621",
  "overall_quality": 1.0,
  "avg_latency": 240.7803991655538,
  "total_data_points": 4790,
  "valid_data_points": 4790,
  "data_sources": 4,
  "active_alerts": 23472,
  "market_signals": 101
}