{
  "timestamp": "2025-08-28T14:37:48.836173",
  "overall_quality": 1.0,
  "avg_latency": 246.63810601629342,
  "total_data_points": 4910,
  "valid_data_points": 4910,
  "data_sources": 4,
  "active_alerts": 1775416,
  "market_signals": 100
}