{
  "timestamp": "2025-08-28T23:42:40.945385",
  "overall_quality": 1.0,
  "avg_latency": 241.13425638958384,
  "total_data_points": 4800,
  "valid_data_points": 4800,
  "data_sources": 4,
  "active_alerts": 2012409,
  "market_signals": 101
}