{
  "timestamp": "2025-08-28T15:21:52.165161",
  "overall_quality": 1.0,
  "avg_latency": 218.36294403119015,
  "total_data_points": 4200,
  "valid_data_points": 4200,
  "data_sources": 4,
  "active_alerts": 1793979,
  "market_signals": 100
}