{
  "timestamp": "2025-08-27T19:31:35.425978",
  "overall_quality": 1.0,
  "avg_latency": 214.54753127433395,
  "total_data_points": 4130,
  "valid_data_points": 4130,
  "data_sources": 4,
  "active_alerts": 1281406,
  "market_signals": 101
}