{
  "timestamp": "2025-08-28T07:52:56.478406",
  "overall_quality": 1.0,
  "avg_latency": 252.22833217119313,
  "total_data_points": 4860,
  "valid_data_points": 4860,
  "data_sources": 4,
  "active_alerts": 1601801,
  "market_signals": 102
}