{
  "timestamp": "2025-08-26T22:39:35.428109",
  "overall_quality": 1.0,
  "avg_latency": 161.27898358167178,
  "total_data_points": 3110,
  "valid_data_points": 3110,
  "data_sources": 4,
  "active_alerts": 745069,
  "market_signals": 100
}