{
  "timestamp": "2025-08-26T04:52:51.028288",
  "overall_quality": 1.0,
  "avg_latency": 266.05463226183923,
  "total_data_points": 5110,
  "valid_data_points": 5110,
  "data_sources": 4,
  "active_alerts": 289381,
  "market_signals": 101
}