{
  "timestamp": "2025-08-28T23:39:40.901535",
  "overall_quality": 1.0,
  "avg_latency": 151.0775080946841,
  "total_data_points": 3010,
  "valid_data_points": 3010,
  "data_sources": 4,
  "active_alerts": 2011105,
  "market_signals": 103
}