{
  "timestamp": "2025-08-27T13:16:31.609023",
  "overall_quality": 1.0,
  "avg_latency": 214.8666311007246,
  "total_data_points": 4140,
  "valid_data_points": 4140,
  "data_sources": 4,
  "active_alerts": 1121289,
  "market_signals": 101
}