{
  "timestamp": "2025-08-26T06:53:43.758026",
  "overall_quality": 1.0,
  "avg_latency": 291.7357335730839,
  "total_data_points": 5610,
  "valid_data_points": 5610,
  "data_sources": 4,
  "active_alerts": 340678,
  "market_signals": 101
}