{
  "timestamp": "2025-08-28T14:39:48.878058",
  "overall_quality": 1.0,
  "avg_latency": 156.8563029333333,
  "total_data_points": 3120,
  "valid_data_points": 3120,
  "data_sources": 4,
  "active_alerts": 1776159,
  "market_signals": 100
}