{
  "timestamp": "2025-08-26T13:35:53.799123",
  "overall_quality": 1.0,
  "avg_latency": 203.98608348705562,
  "total_data_points": 3940,
  "valid_data_points": 3940,
  "data_sources": 4,
  "active_alerts": 512750,
  "market_signals": 102
}