{
  "timestamp": "2025-08-29T12:37:46.950862",
  "overall_quality": 1.0,
  "avg_latency": 241.44394394021577,
  "total_data_points": 4650,
  "valid_data_points": 4650,
  "data_sources": 4,
  "active_alerts": 2350553,
  "market_signals": 100
}