{
  "timestamp": "2025-08-29T10:39:36.246822",
  "overall_quality": 1.0,
  "avg_latency": 297.10124004667875,
  "total_data_points": 5720,
  "valid_data_points": 5720,
  "data_sources": 4,
  "active_alerts": 2300067,
  "market_signals": 100
}