{
  "timestamp": "2025-08-25T22:27:39.219288",
  "overall_quality": 1.0,
  "avg_latency": 261.74631976269745,
  "total_data_points": 5040,
  "valid_data_points": 5040,
  "data_sources": 4,
  "active_alerts": 126501,
  "market_signals": 101
}