{
  "timestamp": "2025-08-29T01:36:43.094065",
  "overall_quality": 1.0,
  "avg_latency": 212.03485855260695,
  "total_data_points": 4220,
  "valid_data_points": 4220,
  "data_sources": 4,
  "active_alerts": 2062584,
  "market_signals": 102
}