{
  "timestamp": "2025-08-28T08:06:58.238738",
  "overall_quality": 1.0,
  "avg_latency": 222.97774478578054,
  "total_data_points": 4290,
  "valid_data_points": 4290,
  "data_sources": 4,
  "active_alerts": 1607660,
  "market_signals": 100
}