{
  "timestamp": "2025-08-29T04:16:46.190042",
  "overall_quality": 1.0,
  "avg_latency": 213.5968987242351,
  "total_data_points": 4250,
  "valid_data_points": 4250,
  "data_sources": 4,
  "active_alerts": 2133622,
  "market_signals": 102
}