{
  "timestamp": "2025-08-29T17:19:45.267572",
  "overall_quality": 1.0,
  "avg_latency": 299.65230832482615,
  "total_data_points": 5760,
  "valid_data_points": 5760,
  "data_sources": 4,
  "active_alerts": 2470104,
  "market_signals": 100
}