{
  "timestamp": "2025-08-28T08:55:33.021397",
  "overall_quality": 1.0,
  "avg_latency": 180.04174283265877,
  "total_data_points": 3460,
  "valid_data_points": 3460,
  "data_sources": 4,
  "active_alerts": 1628432,
  "market_signals": 102
}