{
  "timestamp": "2025-08-27T06:24:56.148917",
  "overall_quality": 1.0,
  "avg_latency": 169.51716548466263,
  "total_data_points": 3260,
  "valid_data_points": 3260,
  "data_sources": 4,
  "active_alerts": 944824,
  "market_signals": 100
}