{
  "timestamp": "2025-08-30T02:28:48.881126",
  "overall_quality": 1.0,
  "avg_latency": 268.9944907725246,
  "total_data_points": 5350,
  "valid_data_points": 5350,
  "data_sources": 4,
  "active_alerts": 2710334,
  "market_signals": 102
}