{
  "timestamp": "2025-08-27T07:40:37.908895",
  "overall_quality": 1.0,
  "avg_latency": 190.12550967950787,
  "total_data_points": 3660,
  "valid_data_points": 3660,
  "data_sources": 4,
  "active_alerts": 977397,
  "market_signals": 102
}