{
  "timestamp": "2025-08-27T23:14:55.380112",
  "overall_quality": 1.0,
  "avg_latency": 164.14471546901845,
  "total_data_points": 3260,
  "valid_data_points": 3260,
  "data_sources": 4,
  "active_alerts": 1377556,
  "market_signals": 102
}