{
  "timestamp": "2025-08-29T03:10:44.962450",
  "overall_quality": 1.0,
  "avg_latency": 183.2584000299456,
  "total_data_points": 3640,
  "valid_data_points": 3640,
  "data_sources": 4,
  "active_alerts": 2104546,
  "market_signals": 100
}