{
  "timestamp": "2025-08-29T17:31:47.190801",
  "overall_quality": 1.0,
  "avg_latency": 210.22786208138953,
  "total_data_points": 4030,
  "valid_data_points": 4030,
  "data_sources": 4,
  "active_alerts": 2475552,
  "market_signals": 100
}