{
  "timestamp": "2025-08-28T15:26:52.478733",
  "overall_quality": 1.0,
  "avg_latency": 218.63948196246986,
  "total_data_points": 4210,
  "valid_data_points": 4210,
  "data_sources": 4,
  "active_alerts": 1796171,
  "market_signals": 102
}