{
  "timestamp": "2025-08-30T03:05:49.510491",
  "overall_quality": 1.0,
  "avg_latency": 178.95546340700264,
  "total_data_points": 3570,
  "valid_data_points": 3570,
  "data_sources": 4,
  "active_alerts": 2726677,
  "market_signals": 104
}