{
  "timestamp": "2025-08-27T10:12:30.801261",
  "overall_quality": 1.0,
  "avg_latency": 245.4731072735176,
  "total_data_points": 4720,
  "valid_data_points": 4720,
  "data_sources": 4,
  "active_alerts": 1041964,
  "market_signals": 100
}