{
  "timestamp": "2025-08-27T11:48:46.081508",
  "overall_quality": 1.0,
  "avg_latency": 282.85681754761083,
  "total_data_points": 5440,
  "valid_data_points": 5440,
  "data_sources": 4,
  "active_alerts": 1083830,
  "market_signals": 100
}