{
  "timestamp": "2025-08-29T19:50:33.594550",
  "overall_quality": 1.0,
  "avg_latency": 172.588930506344,
  "total_data_points": 3310,
  "valid_data_points": 3310,
  "data_sources": 4,
  "active_alerts": 2534893,
  "market_signals": 101
}