{
  "timestamp": "2025-08-30T03:40:50.122379",
  "overall_quality": 1.0,
  "avg_latency": 179.35796995098028,
  "total_data_points": 3570,
  "valid_data_points": 3570,
  "data_sources": 4,
  "active_alerts": 2741493,
  "market_signals": 102
}