{
  "timestamp": "2025-08-29T06:46:49.708298",
  "overall_quality": 1.0,
  "avg_latency": 215.0128548577461,
  "total_data_points": 4260,
  "valid_data_points": 4260,
  "data_sources": 4,
  "active_alerts": 2199800,
  "market_signals": 101
}