{
  "timestamp": "2025-08-29T13:46:53.435083",
  "overall_quality": 1.0,
  "avg_latency": 214.28188507191268,
  "total_data_points": 4130,
  "valid_data_points": 4130,
  "data_sources": 4,
  "active_alerts": 2380304,
  "market_signals": 101
}