{
  "timestamp": "2025-08-29T03:20:45.169792",
  "overall_quality": 1.0,
  "avg_latency": 183.21687598791195,
  "total_data_points": 3640,
  "valid_data_points": 3640,
  "data_sources": 4,
  "active_alerts": 2108888,
  "market_signals": 100
}