{
  "timestamp": "2025-08-25T22:17:37.096894",
  "overall_quality": 1.0,
  "avg_latency": 260.792092179518,
  "total_data_points": 4980,
  "valid_data_points": 4980,
  "data_sources": 4,
  "active_alerts": 122359,
  "market_signals": 101
}