{
  "timestamp": "2025-08-29T13:27:51.748053",
  "overall_quality": 1.0,
  "avg_latency": 243.8787127162044,
  "total_data_points": 4690,
  "valid_data_points": 4690,
  "data_sources": 4,
  "active_alerts": 2372234,
  "market_signals": 102
}