{
  "timestamp": "2025-08-26T23:43:48.084877",
  "overall_quality": 1.0,
  "avg_latency": 287.7076277427803,
  "total_data_points": 5540,
  "valid_data_points": 5540,
  "data_sources": 4,
  "active_alerts": 771751,
  "market_signals": 101
}