{
  "timestamp": "2025-08-28T12:13:46.151446",
  "overall_quality": 1.0,
  "avg_latency": 275.66657545282385,
  "total_data_points": 5490,
  "valid_data_points": 5490,
  "data_sources": 4,
  "active_alerts": 1712058,
  "market_signals": 100
}