{
  "timestamp": "2025-08-26T04:42:49.518481",
  "overall_quality": 1.0,
  "avg_latency": 265.16258912352833,
  "total_data_points": 5100,
  "valid_data_points": 5100,
  "data_sources": 4,
  "active_alerts": 285451,
  "market_signals": 102
}