{
  "timestamp": "2025-08-27T17:26:45.263234",
  "overall_quality": 1.0,
  "avg_latency": 220.4624989192184,
  "total_data_points": 4246,
  "valid_data_points": 4246,
  "data_sources": 4,
  "active_alerts": 1227893,
  "market_signals": 101
}