{
  "timestamp": "2025-08-25T21:32:54.848634",
  "overall_quality": 1.0,
  "avg_latency": 270.3051074244654,
  "total_data_points": 5150,
  "valid_data_points": 5150,
  "data_sources": 4,
  "active_alerts": 103558,
  "market_signals": 102
}