{
  "timestamp": "2025-08-30T04:47:51.358119",
  "overall_quality": 1.0,
  "avg_latency": 239.82223168765677,
  "total_data_points": 4780,
  "valid_data_points": 4780,
  "data_sources": 4,
  "active_alerts": 2770585,
  "market_signals": 103
}