{
  "timestamp": "2025-08-26T11:31:32.321905",
  "overall_quality": 1.0,
  "avg_latency": 224.28976496689742,
  "total_data_points": 4320,
  "valid_data_points": 4320,
  "data_sources": 4,
  "active_alerts": 460483,
  "market_signals": 101
}