{
  "timestamp": "2025-08-25T21:10:49.643163",
  "overall_quality": 1.0,
  "avg_latency": 207.91482020755637,
  "total_data_points": 3970,
  "valid_data_points": 3970,
  "data_sources": 4,
  "active_alerts": 94429,
  "market_signals": 101
}