{
  "timestamp": "2025-08-30T08:55:56.123577",
  "overall_quality": 1.0,
  "avg_latency": 181.8540342709143,
  "total_data_points": 3610,
  "valid_data_points": 3610,
  "data_sources": 4,
  "active_alerts": 2879665,
  "market_signals": 102
}