{
  "timestamp": "2025-08-28T05:38:43.428823",
  "overall_quality": 1.0,
  "avg_latency": 276.84604261638475,
  "total_data_points": 5310,
  "valid_data_points": 5310,
  "data_sources": 4,
  "active_alerts": 1545225,
  "market_signals": 102
}