{
  "timestamp": "2025-08-25T22:52:43.564032",
  "overall_quality": 1.0,
  "avg_latency": 264.11181497283354,
  "total_data_points": 5080,
  "valid_data_points": 5080,
  "data_sources": 4,
  "active_alerts": 137625,
  "market_signals": 102
}