{
  "timestamp": "2025-08-27T15:37:53.610869",
  "overall_quality": 1.0,
  "avg_latency": 255.5308284034705,
  "total_data_points": 4900,
  "valid_data_points": 4900,
  "data_sources": 4,
  "active_alerts": 1181675,
  "market_signals": 102
}