{
  "timestamp": "2025-08-28T09:59:37.830538",
  "overall_quality": 1.0,
  "avg_latency": 152.5673272812285,
  "total_data_points": 2930,
  "valid_data_points": 2930,
  "data_sources": 4,
  "active_alerts": 1655684,
  "market_signals": 102
}