{
  "timestamp": "2025-08-26T01:01:38.005458",
  "overall_quality": 1.0,
  "avg_latency": 230.38553819977372,
  "total_data_points": 4430,
  "valid_data_points": 4430,
  "data_sources": 4,
  "active_alerts": 191884,
  "market_signals": 101
}