{
  "timestamp": "2025-08-26T04:24:45.750576",
  "overall_quality": 1.0,
  "avg_latency": 173.49257263473086,
  "total_data_points": 3340,
  "valid_data_points": 3340,
  "data_sources": 4,
  "active_alerts": 277812,
  "market_signals": 100
}