{
  "timestamp": "2025-08-29T22:22:43.797410",
  "overall_quality": 1.0,
  "avg_latency": 236.53438636327002,
  "total_data_points": 4710,
  "valid_data_points": 4710,
  "data_sources": 4,
  "active_alerts": 2601186,
  "market_signals": 101
}