{
  "timestamp": "2025-08-29T09:38:31.431310",
  "overall_quality": 1.0,
  "avg_latency": 264.6820736736744,
  "total_data_points": 5090,
  "valid_data_points": 5090,
  "data_sources": 4,
  "active_alerts": 2273820,
  "market_signals": 100
}