{
  "timestamp": "2025-08-25T23:40:52.106389",
  "overall_quality": 1.0,
  "avg_latency": 208.46027508822047,
  "total_data_points": 3990,
  "valid_data_points": 3990,
  "data_sources": 4,
  "active_alerts": 158528,
  "market_signals": 102
}