{
  "timestamp": "2025-08-29T18:13:52.629976",
  "overall_quality": 1.0,
  "avg_latency": 272.71672791851194,
  "total_data_points": 5240,
  "valid_data_points": 5240,
  "data_sources": 4,
  "active_alerts": 2493570,
  "market_signals": 102
}