{
  "timestamp": "2025-08-26T19:19:58.315044",
  "overall_quality": 1.0,
  "avg_latency": 174.26341999012018,
  "total_data_points": 3340,
  "valid_data_points": 3340,
  "data_sources": 4,
  "active_alerts": 660071,
  "market_signals": 101
}