{
  "timestamp": "2025-08-26T20:38:43.209133",
  "overall_quality": 1.0,
  "avg_latency": 286.1844593274553,
  "total_data_points": 5500,
  "valid_data_points": 5500,
  "data_sources": 4,
  "active_alerts": 693959,
  "market_signals": 100
}