{
  "timestamp": "2025-08-26T01:47:46.545678",
  "overall_quality": 1.0,
  "avg_latency": 264.753266346261,
  "total_data_points": 5080,
  "valid_data_points": 5080,
  "data_sources": 4,
  "active_alerts": 211627,
  "market_signals": 102
}