{
  "timestamp": "2025-08-29T12:40:47.261001",
  "overall_quality": 1.0,
  "avg_latency": 182.0110824562858,
  "total_data_points": 3500,
  "valid_data_points": 3500,
  "data_sources": 4,
  "active_alerts": 2351862,
  "market_signals": 101
}