{
  "timestamp": "2025-08-28T19:40:36.355735",
  "overall_quality": 1.0,
  "avg_latency": 179.81058221764732,
  "total_data_points": 3570,
  "valid_data_points": 3570,
  "data_sources": 4,
  "active_alerts": 1905073,
  "market_signals": 103
}