{
  "timestamp": "2025-08-26T19:38:31.433371",
  "overall_quality": 1.0,
  "avg_latency": 280.6488893690743,
  "total_data_points": 5400,
  "valid_data_points": 5400,
  "data_sources": 4,
  "active_alerts": 668021,
  "market_signals": 103
}