{
  "timestamp": "2025-08-25T21:33:55.153791",
  "overall_quality": 1.0,
  "avg_latency": 149.85060410871083,
  "total_data_points": 2870,
  "valid_data_points": 2870,
  "data_sources": 4,
  "active_alerts": 104012,
  "market_signals": 102
}