{
  "timestamp": "2025-08-30T06:13:53.143580",
  "overall_quality": 1.0,
  "avg_latency": 270.86424279014926,
  "total_data_points": 5380,
  "valid_data_points": 5380,
  "data_sources": 4,
  "active_alerts": 2808780,
  "market_signals": 100
}