{
  "timestamp": "2025-08-28T15:08:51.098743",
  "overall_quality": 1.0,
  "avg_latency": 278.18873877429587,
  "total_data_points": 5330,
  "valid_data_points": 5330,
  "data_sources": 4,
  "active_alerts": 1788588,
  "market_signals": 101
}