{
  "timestamp": "2025-08-26T04:04:41.701474",
  "overall_quality": 1.0,
  "avg_latency": 171.33760056170192,
  "total_data_points": 3290,
  "valid_data_points": 3290,
  "data_sources": 4,
  "active_alerts": 269492,
  "market_signals": 101
}