{
  "timestamp": "2025-08-30T03:51:50.316672",
  "overall_quality": 1.0,
  "avg_latency": 209.18983259640228,
  "total_data_points": 4170,
  "valid_data_points": 4170,
  "data_sources": 4,
  "active_alerts": 2746313,
  "market_signals": 101
}