{
  "timestamp": "2025-08-27T23:51:56.052857",
  "overall_quality": 1.0,
  "avg_latency": 224.2169886136462,
  "total_data_points": 4470,
  "valid_data_points": 4470,
  "data_sources": 4,
  "active_alerts": 1394059,
  "market_signals": 101
}