{
  "timestamp": "2025-08-28T11:06:42.860344",
  "overall_quality": 1.0,
  "avg_latency": 214.7735108101693,
  "total_data_points": 4130,
  "valid_data_points": 4130,
  "data_sources": 4,
  "active_alerts": 1683669,
  "market_signals": 101
}