{
  "timestamp": "2025-08-26T11:43:34.633857",
  "overall_quality": 1.0,
  "avg_latency": 285.14543830182186,
  "total_data_points": 5490,
  "valid_data_points": 5490,
  "data_sources": 4,
  "active_alerts": 465576,
  "market_signals": 104
}