{
  "timestamp": "2025-08-27T22:24:54.427675",
  "overall_quality": 1.0,
  "avg_latency": 163.7274084641107,
  "total_data_points": 3260,
  "valid_data_points": 3260,
  "data_sources": 4,
  "active_alerts": 1355716,
  "market_signals": 102
}