{
  "timestamp": "2025-08-27T10:15:31.371089",
  "overall_quality": 1.0,
  "avg_latency": 185.7590283139669,
  "total_data_points": 3580,
  "valid_data_points": 3580,
  "data_sources": 4,
  "active_alerts": 1043335,
  "market_signals": 101
}