{
  "timestamp": "2025-08-28T10:07:38.389661",
  "overall_quality": 1.0,
  "avg_latency": 242.21416858479637,
  "total_data_points": 4670,
  "valid_data_points": 4670,
  "data_sources": 4,
  "active_alerts": 1658878,
  "market_signals": 101
}