{
  "timestamp": "2025-08-30T03:59:50.486570",
  "overall_quality": 1.0,
  "avg_latency": 299.79466573036996,
  "total_data_points": 5960,
  "valid_data_points": 5960,
  "data_sources": 4,
  "active_alerts": 2749689,
  "market_signals": 103
}