{
  "timestamp": "2025-08-25T18:17:53.266274",
  "overall_quality": 1.0,
  "avg_latency": 270.93949253029757,
  "total_data_points": 5380,
  "valid_data_points": 5380,
  "data_sources": 4,
  "active_alerts": 19474,
  "market_signals": 102
}