{
  "timestamp": "2025-08-26T10:06:47.669852",
  "overall_quality": 1.0,
  "avg_latency": 232.41935878571454,
  "total_data_points": 4480,
  "valid_data_points": 4480,
  "data_sources": 4,
  "active_alerts": 423379,
  "market_signals": 102
}