{
  "timestamp": "2025-08-28T05:25:41.854660",
  "overall_quality": 1.0,
  "avg_latency": 186.09018934357567,
  "total_data_points": 3580,
  "valid_data_points": 3580,
  "data_sources": 4,
  "active_alerts": 1539592,
  "market_signals": 101
}