{
  "timestamp": "2025-08-25T20:34:42.238546",
  "overall_quality": 1.0,
  "avg_latency": 173.76323032912887,
  "total_data_points": 3330,
  "valid_data_points": 3330,
  "data_sources": 4,
  "active_alerts": 78881,
  "market_signals": 102
}