{
  "timestamp": "2025-08-29T13:02:49.685777",
  "overall_quality": 1.0,
  "avg_latency": 242.66070989593175,
  "total_data_points": 4670,
  "valid_data_points": 4670,
  "data_sources": 4,
  "active_alerts": 2361454,
  "market_signals": 102
}