{
  "timestamp": "2025-08-27T00:45:59.131789",
  "overall_quality": 1.0,
  "avg_latency": 202.9099764815854,
  "total_data_points": 3910,
  "valid_data_points": 3910,
  "data_sources": 4,
  "active_alerts": 798429,
  "market_signals": 101
}