{
  "timestamp": "2025-08-29T23:13:44.899160",
  "overall_quality": 1.0,
  "avg_latency": 267.08841568966227,
  "total_data_points": 5320,
  "valid_data_points": 5320,
  "data_sources": 4,
  "active_alerts": 2624519,
  "market_signals": 104
}