{
  "timestamp": "2025-08-27T18:57:30.730450",
  "overall_quality": 1.0,
  "avg_latency": 242.67292100557938,
  "total_data_points": 4660,
  "valid_data_points": 4660,
  "data_sources": 4,
  "active_alerts": 1266624,
  "market_signals": 104
}