{
  "timestamp": "2025-08-27T05:32:48.962465",
  "overall_quality": 1.0,
  "avg_latency": 256.01875442190675,
  "total_data_points": 4930,
  "valid_data_points": 4930,
  "data_sources": 4,
  "active_alerts": 921553,
  "market_signals": 103
}