{
  "timestamp": "2025-08-29T19:53:33.767039",
  "overall_quality": 1.0,
  "avg_latency": 262.2727916742573,
  "total_data_points": 5050,
  "valid_data_points": 5050,
  "data_sources": 4,
  "active_alerts": 2536166,
  "market_signals": 102
}