{
  "timestamp": "2025-08-30T08:28:55.522797",
  "overall_quality": 1.0,
  "avg_latency": 271.38147482074197,
  "total_data_points": 5400,
  "valid_data_points": 5400,
  "data_sources": 4,
  "active_alerts": 2868017,
  "market_signals": 102
}