{
  "timestamp": "2025-08-27T14:14:40.378025",
  "overall_quality": 1.0,
  "avg_latency": 159.42173166241852,
  "total_data_points": 3060,
  "valid_data_points": 3060,
  "data_sources": 4,
  "active_alerts": 1146370,
  "market_signals": 102
}