{
  "timestamp": "2025-08-27T04:53:43.018100",
  "overall_quality": 1.0,
  "avg_latency": 283.46702888843964,
  "total_data_points": 5450,
  "valid_data_points": 5450,
  "data_sources": 4,
  "active_alerts": 904872,
  "market_signals": 100
}