{
  "timestamp": "2025-08-29T12:55:48.960957",
  "overall_quality": 1.0,
  "avg_latency": 182.85401458005737,
  "total_data_points": 3510,
  "valid_data_points": 3510,
  "data_sources": 4,
  "active_alerts": 2358286,
  "market_signals": 100
}