{
  "timestamp": "2025-08-26T19:41:32.084038",
  "overall_quality": 1.0,
  "avg_latency": 221.318022920706,
  "total_data_points": 4250,
  "valid_data_points": 4250,
  "data_sources": 4,
  "active_alerts": 669333,
  "market_signals": 102
}