{
  "timestamp": "2025-08-28T09:55:37.585539",
  "overall_quality": 1.0,
  "avg_latency": 182.20179358828543,
  "total_data_points": 3500,
  "valid_data_points": 3500,
  "data_sources": 4,
  "active_alerts": 1653966,
  "market_signals": 102
}