{
  "timestamp": "2025-08-25T23:58:56.944726",
  "overall_quality": 1.0,
  "avg_latency": 150.66936339826358,
  "total_data_points": 2880,
  "valid_data_points": 2880,
  "data_sources": 4,
  "active_alerts": 166138,
  "market_signals": 104
}