{
  "timestamp": "2025-08-26T16:34:56.245583",
  "overall_quality": 1.0,
  "avg_latency": 174.00176614388025,
  "total_data_points": 3350,
  "valid_data_points": 3350,
  "data_sources": 4,
  "active_alerts": 589621,
  "market_signals": 102
}