{
  "timestamp": "2025-08-26T02:58:30.002893",
  "overall_quality": 1.0,
  "avg_latency": 286.03202994963567,
  "total_data_points": 5500,
  "valid_data_points": 5500,
  "data_sources": 4,
  "active_alerts": 241772,
  "market_signals": 101
}