{
  "timestamp": "2025-08-27T14:25:42.484757",
  "overall_quality": 1.0,
  "avg_latency": 190.22201143961732,
  "total_data_points": 3660,
  "valid_data_points": 3660,
  "data_sources": 4,
  "active_alerts": 1151007,
  "market_signals": 104
}