{
  "timestamp": "2025-08-30T09:03:56.287155",
  "overall_quality": 1.0,
  "avg_latency": 271.87478067282814,
  "total_data_points": 5410,
  "valid_data_points": 5410,
  "data_sources": 4,
  "active_alerts": 2883336,
  "market_signals": 103
}