{
  "timestamp": "2025-08-30T02:48:49.208648",
  "overall_quality": 1.0,
  "avg_latency": 268.67347716448626,
  "total_data_points": 5350,
  "valid_data_points": 5350,
  "data_sources": 4,
  "active_alerts": 2719487,
  "market_signals": 102
}