{
  "timestamp": "2025-08-28T18:45:35.334409",
  "overall_quality": 1.0,
  "avg_latency": 179.26179035421367,
  "total_data_points": 3560,
  "valid_data_points": 3560,
  "data_sources": 4,
  "active_alerts": 1881157,
  "market_signals": 100
}