{
  "timestamp": "2025-08-26T00:14:30.942853",
  "overall_quality": 1.0,
  "avg_latency": 167.32554802267055,
  "total_data_points": 3220,
  "valid_data_points": 3220,
  "data_sources": 4,
  "active_alerts": 172980,
  "market_signals": 100
}