{
  "timestamp": "2025-08-27T03:40:30.485368",
  "overall_quality": 1.0,
  "avg_latency": 187.69941288393358,
  "total_data_points": 3610,
  "valid_data_points": 3610,
  "data_sources": 4,
  "active_alerts": 873502,
  "market_signals": 101
}