{
  "timestamp": "2025-08-27T02:27:46.860375",
  "overall_quality": 1.0,
  "avg_latency": 256.3099256614604,
  "total_data_points": 4930,
  "valid_data_points": 4930,
  "data_sources": 4,
  "active_alerts": 842170,
  "market_signals": 100
}