{
  "timestamp": "2025-08-26T08:51:34.725857",
  "overall_quality": 1.0,
  "avg_latency": 226.61539964298885,
  "total_data_points": 4350,
  "valid_data_points": 4350,
  "data_sources": 4,
  "active_alerts": 391208,
  "market_signals": 100
}