{
  "timestamp": "2025-08-29T13:09:50.385217",
  "overall_quality": 1.0,
  "avg_latency": 153.17292058877553,
  "total_data_points": 2940,
  "valid_data_points": 2940,
  "data_sources": 4,
  "active_alerts": 2364325,
  "market_signals": 100
}