{
  "timestamp": "2025-08-27T06:10:53.923804",
  "overall_quality": 1.0,
  "avg_latency": 198.62545324881864,
  "total_data_points": 3810,
  "valid_data_points": 3810,
  "data_sources": 4,
  "active_alerts": 938511,
  "market_signals": 100
}