{
  "timestamp": "2025-08-26T16:07:51.036135",
  "overall_quality": 1.0,
  "avg_latency": 261.98513869264394,
  "total_data_points": 5030,
  "valid_data_points": 5030,
  "data_sources": 4,
  "active_alerts": 577771,
  "market_signals": 103
}