{
  "timestamp": "2025-08-28T05:20:41.118818",
  "overall_quality": 1.0,
  "avg_latency": 185.06516262318456,
  "total_data_points": 3580,
  "valid_data_points": 3580,
  "data_sources": 4,
  "active_alerts": 1537345,
  "market_signals": 101
}