{
  "timestamp": "2025-08-26T23:18:43.285054",
  "overall_quality": 1.0,
  "avg_latency": 285.6052482730409,
  "total_data_points": 5490,
  "valid_data_points": 5490,
  "data_sources": 4,
  "active_alerts": 761503,
  "market_signals": 101
}