{
  "timestamp": "2025-08-29T15:27:32.647270",
  "overall_quality": 1.0,
  "avg_latency": 233.91817903429853,
  "total_data_points": 4490,
  "valid_data_points": 4490,
  "data_sources": 4,
  "active_alerts": 2423127,
  "market_signals": 103
}