{
  "timestamp": "2025-08-28T19:01:35.624471",
  "overall_quality": 1.0,
  "avg_latency": 209.15939972427898,
  "total_data_points": 4160,
  "valid_data_points": 4160,
  "data_sources": 4,
  "active_alerts": 1888214,
  "market_signals": 101
}