{
  "timestamp": "2025-08-30T06:41:53.611001",
  "overall_quality": 1.0,
  "avg_latency": 210.86426015047604,
  "total_data_points": 4200,
  "valid_data_points": 4200,
  "data_sources": 4,
  "active_alerts": 2820728,
  "market_signals": 103
}