{
  "timestamp": "2025-08-29T06:57:50.222599",
  "overall_quality": 1.0,
  "avg_latency": 245.28829651097274,
  "total_data_points": 4830,
  "valid_data_points": 4830,
  "data_sources": 4,
  "active_alerts": 2204587,
  "market_signals": 102
}