{
  "timestamp": "2025-08-27T09:14:51.991944",
  "overall_quality": 1.0,
  "avg_latency": 166.49048158317748,
  "total_data_points": 3210,
  "valid_data_points": 3210,
  "data_sources": 4,
  "active_alerts": 1017448,
  "market_signals": 101
}