{
  "timestamp": "2025-08-25T23:53:55.468128",
  "overall_quality": 1.0,
  "avg_latency": 299.6517037441721,
  "total_data_points": 5750,
  "valid_data_points": 5750,
  "data_sources": 4,
  "active_alerts": 164012,
  "market_signals": 102
}