{
  "timestamp": "2025-08-29T07:19:50.906496",
  "overall_quality": 1.0,
  "avg_latency": 155.63813112736165,
  "total_data_points": 3070,
  "valid_data_points": 3070,
  "data_sources": 4,
  "active_alerts": 2214354,
  "market_signals": 101
}