{
  "timestamp": "2025-08-30T01:33:47.727864",
  "overall_quality": 1.0,
  "avg_latency": 268.3206309818346,
  "total_data_points": 5340,
  "valid_data_points": 5340,
  "data_sources": 4,
  "active_alerts": 2686072,
  "market_signals": 101
}