{
  "timestamp": "2025-08-29T15:34:33.366654",
  "overall_quality": 1.0,
  "avg_latency": 293.8246297189383,
  "total_data_points": 5650,
  "valid_data_points": 5650,
  "data_sources": 4,
  "active_alerts": 2425998,
  "market_signals": 102
}