{
  "timestamp": "2025-08-29T20:59:39.677623",
  "overall_quality": 1.0,
  "avg_latency": 295.25040247869686,
  "total_data_points": 5680,
  "valid_data_points": 5680,
  "data_sources": 4,
  "active_alerts": 2564507,
  "market_signals": 101
}