{
  "timestamp": "2025-08-27T14:44:45.190986",
  "overall_quality": 1.0,
  "avg_latency": 161.36811180482314,
  "total_data_points": 3110,
  "valid_data_points": 3110,
  "data_sources": 4,
  "active_alerts": 1158896,
  "market_signals": 101
}