{
  "timestamp": "2025-08-25T21:12:50.288869",
  "overall_quality": 1.0,
  "avg_latency": 267.8875696048723,
  "total_data_points": 5130,
  "valid_data_points": 5130,
  "data_sources": 4,
  "active_alerts": 95316,
  "market_signals": 101
}