{
  "timestamp": "2025-08-29T04:30:46.471605",
  "overall_quality": 1.0,
  "avg_latency": 183.34226564219216,
  "total_data_points": 3650,
  "valid_data_points": 3650,
  "data_sources": 4,
  "active_alerts": 2139736,
  "market_signals": 100
}