{
  "timestamp": "2025-08-27T21:46:53.681277",
  "overall_quality": 1.0,
  "avg_latency": 223.5184744920745,
  "total_data_points": 4290,
  "valid_data_points": 4290,
  "data_sources": 4,
  "active_alerts": 1338570,
  "market_signals": 102
}