{
  "timestamp": "2025-08-26T01:45:46.226454",
  "overall_quality": 1.0,
  "avg_latency": 204.2932342033081,
  "total_data_points": 3930,
  "valid_data_points": 3930,
  "data_sources": 4,
  "active_alerts": 210692,
  "market_signals": 101
}