{
  "timestamp": "2025-08-26T22:30:34.223773",
  "overall_quality": 1.0,
  "avg_latency": 191.0375082803814,
  "total_data_points": 3670,
  "valid_data_points": 3670,
  "data_sources": 4,
  "active_alerts": 741399,
  "market_signals": 102
}