{
  "timestamp": "2025-08-26T07:36:50.791448",
  "overall_quality": 1.0,
  "avg_latency": 234.61331377206216,
  "total_data_points": 4510,
  "valid_data_points": 4510,
  "data_sources": 4,
  "active_alerts": 359537,
  "market_signals": 101
}