{
  "timestamp": "2025-08-27T08:14:42.883210",
  "overall_quality": 1.0,
  "avg_latency": 162.5467941679485,
  "total_data_points": 3120,
  "valid_data_points": 3120,
  "data_sources": 4,
  "active_alerts": 991578,
  "market_signals": 100
}