{
  "timestamp": "2025-08-29T15:10:31.031197",
  "overall_quality": 1.0,
  "avg_latency": 172.72522175753014,
  "total_data_points": 3320,
  "valid_data_points": 3320,
  "data_sources": 4,
  "active_alerts": 2415790,
  "market_signals": 103
}