{
  "timestamp": "2025-08-27T11:40:44.808690",
  "overall_quality": 1.0,
  "avg_latency": 192.28125291761566,
  "total_data_points": 3690,
  "valid_data_points": 3690,
  "data_sources": 4,
  "active_alerts": 1080398,
  "market_signals": 101
}