{
  "timestamp": "2025-08-27T03:47:31.369940",
  "overall_quality": 1.0,
  "avg_latency": 247.70683362326966,
  "total_data_points": 4770,
  "valid_data_points": 4770,
  "data_sources": 4,
  "active_alerts": 876280,
  "market_signals": 101
}