{
  "timestamp": "2025-08-26T04:46:49.906035",
  "overall_quality": 1.0,
  "avg_latency": 235.05529398561927,
  "total_data_points": 4520,
  "valid_data_points": 4520,
  "data_sources": 4,
  "active_alerts": 287023,
  "market_signals": 101
}