{
  "timestamp": "2025-08-26T01:33:44.009028",
  "overall_quality": 1.0,
  "avg_latency": 293.38603255380553,
  "total_data_points": 5650,
  "valid_data_points": 5650,
  "data_sources": 4,
  "active_alerts": 205810,
  "market_signals": 101
}