{
  "timestamp": "2025-08-26T10:44:54.242836",
  "overall_quality": 1.0,
  "avg_latency": 175.75029261917467,
  "total_data_points": 3390,
  "valid_data_points": 3390,
  "data_sources": 4,
  "active_alerts": 439942,
  "market_signals": 101
}