{
  "timestamp": "2025-08-29T12:50:48.643615",
  "overall_quality": 1.0,
  "avg_latency": 182.11313737065524,
  "total_data_points": 3510,
  "valid_data_points": 3510,
  "data_sources": 4,
  "active_alerts": 2356181,
  "market_signals": 102
}