{
  "timestamp": "2025-08-29T20:18:35.826121",
  "overall_quality": 1.0,
  "avg_latency": 263.60173542721867,
  "total_data_points": 5070,
  "valid_data_points": 5070,
  "data_sources": 4,
  "active_alerts": 2546996,
  "market_signals": 102
}