{
  "timestamp": "2025-08-27T09:56:58.725473",
  "overall_quality": 1.0,
  "avg_latency": 229.74343455904958,
  "total_data_points": 4420,
  "valid_data_points": 4420,
  "data_sources": 4,
  "active_alerts": 1035544,
  "market_signals": 103
}