{
  "timestamp": "2025-08-29T09:12:59.029592",
  "overall_quality": 1.0,
  "avg_latency": 249.0445091853872,
  "total_data_points": 4790,
  "valid_data_points": 4790,
  "data_sources": 4,
  "active_alerts": 2262966,
  "market_signals": 100
}