{
  "timestamp": "2025-08-27T23:23:55.544880",
  "overall_quality": 1.0,
  "avg_latency": 284.4494940084962,
  "total_data_points": 5650,
  "valid_data_points": 5650,
  "data_sources": 4,
  "active_alerts": 1381970,
  "market_signals": 102
}