{
  "timestamp": "2025-08-26T07:53:53.515473",
  "overall_quality": 1.0,
  "avg_latency": 296.1213730319871,
  "total_data_points": 5690,
  "valid_data_points": 5690,
  "data_sources": 4,
  "active_alerts": 367103,
  "market_signals": 101
}