{
  "timestamp": "2025-08-28T03:47:32.943632",
  "overall_quality": 1.0,
  "avg_latency": 242.04555255965752,
  "total_data_points": 4660,
  "valid_data_points": 4660,
  "data_sources": 4,
  "active_alerts": 1497538,
  "market_signals": 101
}