{
  "timestamp": "2025-08-27T23:19:55.454396",
  "overall_quality": 1.0,
  "avg_latency": 164.01306544526003,
  "total_data_points": 3270,
  "valid_data_points": 3270,
  "data_sources": 4,
  "active_alerts": 1380072,
  "market_signals": 100
}