{
  "timestamp": "2025-08-26T04:05:41.900978",
  "overall_quality": 1.0,
  "avg_latency": 201.3641138103357,
  "total_data_points": 3870,
  "valid_data_points": 3870,
  "data_sources": 4,
  "active_alerts": 269933,
  "market_signals": 100
}