{
  "timestamp": "2025-08-29T08:38:55.922380",
  "overall_quality": 1.0,
  "avg_latency": 277.14546658168206,
  "total_data_points": 5350,
  "valid_data_points": 5350,
  "data_sources": 4,
  "active_alerts": 2248357,
  "market_signals": 100
}