{
  "timestamp": "2025-08-27T22:37:54.657742",
  "overall_quality": 1.0,
  "avg_latency": 253.43843071623738,
  "total_data_points": 5050,
  "valid_data_points": 5050,
  "data_sources": 4,
  "active_alerts": 1361616,
  "market_signals": 102
}