{
  "timestamp": "2025-08-27T10:38:35.431232",
  "overall_quality": 1.0,
  "avg_latency": 277.98201935074934,
  "total_data_points": 5340,
  "valid_data_points": 5340,
  "data_sources": 4,
  "active_alerts": 1053129,
  "market_signals": 100
}