{
  "timestamp": "2025-08-29T20:36:37.743825",
  "overall_quality": 1.0,
  "avg_latency": 204.4945304371501,
  "total_data_points": 3930,
  "valid_data_points": 3930,
  "data_sources": 4,
  "active_alerts": 2554636,
  "market_signals": 100
}