{
  "timestamp": "2025-08-28T05:39:43.499671",
  "overall_quality": 1.0,
  "avg_latency": 156.74884943787387,
  "total_data_points": 3010,
  "valid_data_points": 3010,
  "data_sources": 4,
  "active_alerts": 1545609,
  "market_signals": 102
}