{
  "timestamp": "2025-08-26T08:06:56.396525",
  "overall_quality": 1.0,
  "avg_latency": 237.47059935350802,
  "total_data_points": 4560,
  "valid_data_points": 4560,
  "data_sources": 4,
  "active_alerts": 372996,
  "market_signals": 101
}