{
  "timestamp": "2025-08-27T19:44:37.193540",
  "overall_quality": 1.0,
  "avg_latency": 155.92402059866197,
  "total_data_points": 2990,
  "valid_data_points": 2990,
  "data_sources": 4,
  "active_alerts": 1286753,
  "market_signals": 101
}