{
  "timestamp": "2025-08-26T17:50:39.692587",
  "overall_quality": 1.0,
  "avg_latency": 195.7210736526596,
  "total_data_points": 3760,
  "valid_data_points": 3760,
  "data_sources": 4,
  "active_alerts": 622272,
  "market_signals": 102
}