{
  "timestamp": "2025-08-29T02:00:43.586878",
  "overall_quality": 1.0,
  "avg_latency": 182.014866738843,
  "total_data_points": 3630,
  "valid_data_points": 3630,
  "data_sources": 4,
  "active_alerts": 2073385,
  "market_signals": 100
}