{
  "timestamp": "2025-08-29T11:49:42.466623",
  "overall_quality": 1.0,
  "avg_latency": 299.7462868874997,
  "total_data_points": 5760,
  "valid_data_points": 5760,
  "data_sources": 4,
  "active_alerts": 2330331,
  "market_signals": 102
}