{
  "timestamp": "2025-08-29T06:40:49.551173",
  "overall_quality": 1.0,
  "avg_latency": 184.88437156120278,
  "total_data_points": 3660,
  "valid_data_points": 3660,
  "data_sources": 4,
  "active_alerts": 2197103,
  "market_signals": 102
}