{
  "timestamp": "2025-08-30T05:11:51.860962",
  "overall_quality": 1.0,
  "avg_latency": 210.4405741136372,
  "total_data_points": 4180,
  "valid_data_points": 4180,
  "data_sources": 4,
  "active_alerts": 2781256,
  "market_signals": 101
}