{
  "timestamp": "2025-08-27T07:56:40.304199",
  "overall_quality": 1.0,
  "avg_latency": 220.8440835061177,
  "total_data_points": 4250,
  "valid_data_points": 4250,
  "data_sources": 4,
  "active_alerts": 983963,
  "market_signals": 100
}