{
  "timestamp": "2025-08-26T17:19:34.953026",
  "overall_quality": 1.0,
  "avg_latency": 163.39414402108605,
  "total_data_points": 3130,
  "valid_data_points": 3130,
  "data_sources": 4,
  "active_alerts": 609001,
  "market_signals": 104
}