{
  "timestamp": "2025-08-27T07:33:36.947881",
  "overall_quality": 1.0,
  "avg_latency": 279.77957155594817,
  "total_data_points": 5380,
  "valid_data_points": 5380,
  "data_sources": 4,
  "active_alerts": 974203,
  "market_signals": 101
}