{
  "timestamp": "2025-08-26T12:02:37.585575",
  "overall_quality": 1.0,
  "avg_latency": 256.87142890384644,
  "total_data_points": 4940,
  "valid_data_points": 4940,
  "data_sources": 4,
  "active_alerts": 473440,
  "market_signals": 103
}