{
  "timestamp": "2025-08-29T18:37:55.604629",
  "overall_quality": 1.0,
  "avg_latency": 243.68042564605585,
  "total_data_points": 4690,
  "valid_data_points": 4690,
  "data_sources": 4,
  "active_alerts": 2504136,
  "market_signals": 101
}