{
  "timestamp": "2025-08-26T06:18:36.724202",
  "overall_quality": 1.0,
  "avg_latency": 288.5400389436824,
  "total_data_points": 5540,
  "valid_data_points": 5540,
  "data_sources": 4,
  "active_alerts": 325835,
  "market_signals": 101
}