{
  "timestamp": "2025-08-27T22:14:54.247255",
  "overall_quality": 1.0,
  "avg_latency": 163.49700773138466,
  "total_data_points": 3250,
  "valid_data_points": 3250,
  "data_sources": 4,
  "active_alerts": 1351248,
  "market_signals": 101
}