{
  "timestamp": "2025-08-26T11:53:35.928250",
  "overall_quality": 1.0,
  "avg_latency": 285.9199547105454,
  "total_data_points": 5500,
  "valid_data_points": 5500,
  "data_sources": 4,
  "active_alerts": 469759,
  "market_signals": 101
}