{
  "timestamp": "2025-08-27T17:07:42.170954",
  "overall_quality": 1.0,
  "avg_latency": 249.31167856499013,
  "total_data_points": 4770,
  "valid_data_points": 4770,
  "data_sources": 4,
  "active_alerts": 1219954,
  "market_signals": 103
}