{
  "timestamp": "2025-08-25T20:08:36.600683",
  "overall_quality": 1.0,
  "avg_latency": 291.8054232910719,
  "total_data_points": 5600,
  "valid_data_points": 5600,
  "data_sources": 4,
  "active_alerts": 67509,
  "market_signals": 101
}