{
  "timestamp": "2025-08-28T03:02:30.246623",
  "overall_quality": 1.0,
  "avg_latency": 241.04930428634438,
  "total_data_points": 4760,
  "valid_data_points": 4760,
  "data_sources": 4,
  "active_alerts": 1477668,
  "market_signals": 101
}