{
  "timestamp": "2025-08-28T17:54:34.396102",
  "overall_quality": 1.0,
  "avg_latency": 297.60687798979177,
  "total_data_points": 5780,
  "valid_data_points": 5780,
  "data_sources": 4,
  "active_alerts": 1859344,
  "market_signals": 101
}