{
  "timestamp": "2025-08-27T01:28:37.116212",
  "overall_quality": 1.0,
  "avg_latency": 281.7360603253211,
  "total_data_points": 5450,
  "valid_data_points": 5450,
  "data_sources": 4,
  "active_alerts": 817070,
  "market_signals": 101
}