{
  "timestamp": "2025-08-28T14:10:48.338944",
  "overall_quality": 1.0,
  "avg_latency": 186.80449435107536,
  "total_data_points": 3720,
  "valid_data_points": 3720,
  "data_sources": 4,
  "active_alerts": 1763846,
  "market_signals": 101
}