{
  "timestamp": "2025-08-27T21:54:53.904415",
  "overall_quality": 1.0,
  "avg_latency": 163.2150985830771,
  "total_data_points": 3250,
  "valid_data_points": 3250,
  "data_sources": 4,
  "active_alerts": 1342275,
  "market_signals": 100
}