{
  "timestamp": "2025-08-27T20:45:47.047273",
  "overall_quality": 1.0,
  "avg_latency": 190.3455485795642,
  "total_data_points": 3670,
  "valid_data_points": 3670,
  "data_sources": 4,
  "active_alerts": 1312423,
  "market_signals": 101
}