{
  "timestamp": "2025-08-26T16:04:50.788058",
  "overall_quality": 1.0,
  "avg_latency": 171.8396623748486,
  "total_data_points": 3300,
  "valid_data_points": 3300,
  "data_sources": 4,
  "active_alerts": 576359,
  "market_signals": 101
}