{
  "timestamp": "2025-08-28T03:56:33.656580",
  "overall_quality": 1.0,
  "avg_latency": 212.54402534465987,
  "total_data_points": 4120,
  "valid_data_points": 4120,
  "data_sources": 4,
  "active_alerts": 1501291,
  "market_signals": 100
}