{
  "timestamp": "2025-08-26T15:22:42.900684",
  "overall_quality": 1.0,
  "avg_latency": 257.9333653036294,
  "total_data_points": 4960,
  "valid_data_points": 4960,
  "data_sources": 4,
  "active_alerts": 558630,
  "market_signals": 101
}