{
  "timestamp": "2025-08-27T14:51:46.229349",
  "overall_quality": 1.0,
  "avg_latency": 221.7869063918131,
  "total_data_points": 4275,
  "valid_data_points": 4275,
  "data_sources": 4,
  "active_alerts": 1161716,
  "market_signals": 102
}