{
  "timestamp": "2025-08-26T15:03:40.070177",
  "overall_quality": 1.0,
  "avg_latency": 286.74925462797745,
  "total_data_points": 5540,
  "valid_data_points": 5540,
  "data_sources": 4,
  "active_alerts": 550565,
  "market_signals": 101
}