{
  "timestamp": "2025-08-29T12:22:45.441731",
  "overall_quality": 1.0,
  "avg_latency": 241.1950787081893,
  "total_data_points": 4640,
  "valid_data_points": 4640,
  "data_sources": 4,
  "active_alerts": 2343944,
  "market_signals": 101
}