{
  "timestamp": "2025-08-29T19:29:31.755196",
  "overall_quality": 1.0,
  "avg_latency": 291.9074450545444,
  "total_data_points": 5610,
  "valid_data_points": 5610,
  "data_sources": 4,
  "active_alerts": 2525891,
  "market_signals": 100
}