{
  "timestamp": "2025-08-25T19:32:59.780241",
  "overall_quality": 1.0,
  "avg_latency": 273.72184702304787,
  "total_data_points": 5250,
  "valid_data_points": 5250,
  "data_sources": 4,
  "active_alerts": 52730,
  "market_signals": 102
}