{
  "timestamp": "2025-08-29T06:52:49.942553",
  "overall_quality": 1.0,
  "avg_latency": 245.2383337422676,
  "total_data_points": 4850,
  "valid_data_points": 4850,
  "data_sources": 4,
  "active_alerts": 2202393,
  "market_signals": 101
}