{
  "timestamp": "2025-08-30T04:36:51.145853",
  "overall_quality": 1.0,
  "avg_latency": 210.00366865693826,
  "total_data_points": 4180,
  "valid_data_points": 4180,
  "data_sources": 4,
  "active_alerts": 2765431,
  "market_signals": 101
}