{
  "timestamp": "2025-08-29T22:28:43.912062",
  "overall_quality": 1.0,
  "avg_latency": 266.7191574719397,
  "total_data_points": 5310,
  "valid_data_points": 5310,
  "data_sources": 4,
  "active_alerts": 2604133,
  "market_signals": 102
}