{
  "timestamp": "2025-08-26T10:03:47.342368",
  "overall_quality": 1.0,
  "avg_latency": 292.41663208561323,
  "total_data_points": 5630,
  "valid_data_points": 5630,
  "data_sources": 4,
  "active_alerts": 422032,
  "market_signals": 102
}