{
  "timestamp": "2025-08-28T09:21:34.857880",
  "overall_quality": 1.0,
  "avg_latency": 211.00990566502455,
  "total_data_points": 4060,
  "valid_data_points": 4060,
  "data_sources": 4,
  "active_alerts": 1639669,
  "market_signals": 103
}