{
  "timestamp": "2025-08-30T02:19:48.720188",
  "overall_quality": 1.0,
  "avg_latency": 298.9209400616811,
  "total_data_points": 5950,
  "valid_data_points": 5950,
  "data_sources": 4,
  "active_alerts": 2706159,
  "market_signals": 101
}