{
  "timestamp": "2025-08-29T23:56:45.725122",
  "overall_quality": 1.0,
  "avg_latency": 208.05470556755373,
  "total_data_points": 4130,
  "valid_data_points": 4130,
  "data_sources": 4,
  "active_alerts": 2643298,
  "market_signals": 101
}