{
  "timestamp": "2025-08-29T18:54:57.927355",
  "overall_quality": 1.0,
  "avg_latency": 155.32466679624017,
  "total_data_points": 2979,
  "valid_data_points": 2979,
  "data_sources": 4,
  "active_alerts": 2511217,
  "market_signals": 103
}