{
  "timestamp": "2025-08-28T23:37:40.858931",
  "overall_quality": 1.0,
  "avg_latency": 241.68963872666674,
  "total_data_points": 4800,
  "valid_data_points": 4800,
  "data_sources": 4,
  "active_alerts": 2010187,
  "market_signals": 101
}