{
  "timestamp": "2025-08-26T10:18:49.676064",
  "overall_quality": 1.0,
  "avg_latency": 293.0855373065597,
  "total_data_points": 5640,
  "valid_data_points": 5640,
  "data_sources": 4,
  "active_alerts": 428757,
  "market_signals": 101
}