{
  "timestamp": "2025-08-27T06:29:56.862092",
  "overall_quality": 1.0,
  "avg_latency": 170.00480223385392,
  "total_data_points": 3267,
  "valid_data_points": 3267,
  "data_sources": 4,
  "active_alerts": 947005,
  "market_signals": 101
}