{
  "timestamp": "2025-08-28T11:23:44.068976",
  "overall_quality": 1.0,
  "avg_latency": 274.93546669303146,
  "total_data_points": 5310,
  "valid_data_points": 5310,
  "data_sources": 4,
  "active_alerts": 1691026,
  "market_signals": 100
}