{
  "timestamp": "2025-08-30T06:03:52.941321",
  "overall_quality": 1.0,
  "avg_latency": 270.93453900055835,
  "total_data_points": 5380,
  "valid_data_points": 5380,
  "data_sources": 4,
  "active_alerts": 2804382,
  "market_signals": 100
}