{
  "timestamp": "2025-08-28T17:49:34.167626",
  "overall_quality": 1.0,
  "avg_latency": 298.5430939024398,
  "total_data_points": 5740,
  "valid_data_points": 5740,
  "data_sources": 4,
  "active_alerts": 1857100,
  "market_signals": 102
}