{
  "timestamp": "2025-08-28T13:14:47.235267",
  "overall_quality": 1.0,
  "avg_latency": 156.7894637749196,
  "total_data_points": 3110,
  "valid_data_points": 3110,
  "data_sources": 4,
  "active_alerts": 1738774,
  "market_signals": 103
}