{
  "timestamp": "2025-08-28T09:50:37.113973",
  "overall_quality": 1.0,
  "avg_latency": 182.27111700771368,
  "total_data_points": 3500,
  "valid_data_points": 3500,
  "data_sources": 4,
  "active_alerts": 1651944,
  "market_signals": 102
}