{
  "timestamp": "2025-08-29T04:31:46.489486",
  "overall_quality": 1.0,
  "avg_latency": 213.6582696058959,
  "total_data_points": 4240,
  "valid_data_points": 4240,
  "data_sources": 4,
  "active_alerts": 2140169,
  "market_signals": 103
}