{
  "timestamp": "2025-08-29T10:37:35.979171",
  "overall_quality": 1.0,
  "avg_latency": 237.1244915929822,
  "total_data_points": 4560,
  "valid_data_points": 4560,
  "data_sources": 4,
  "active_alerts": 2299137,
  "market_signals": 100
}