{
  "timestamp": "2025-08-27T08:32:45.665682",
  "overall_quality": 1.0,
  "avg_latency": 253.67914835676174,
  "total_data_points": 4880,
  "valid_data_points": 4880,
  "data_sources": 4,
  "active_alerts": 999107,
  "market_signals": 101
}