{
  "timestamp": "2025-08-27T11:31:43.286270",
  "overall_quality": 1.0,
  "avg_latency": 221.262855373004,
  "total_data_points": 4260,
  "valid_data_points": 4260,
  "data_sources": 4,
  "active_alerts": 1076314,
  "market_signals": 101
}