{
  "timestamp": "2025-08-26T16:00:49.911311",
  "overall_quality": 1.0,
  "avg_latency": 201.26737272901497,
  "total_data_points": 3860,
  "valid_data_points": 3860,
  "data_sources": 4,
  "active_alerts": 574571,
  "market_signals": 100
}