{
  "timestamp": "2025-08-26T18:34:49.045171",
  "overall_quality": 1.0,
  "avg_latency": 170.16188120766884,
  "total_data_points": 3260,
  "valid_data_points": 3260,
  "data_sources": 4,
  "active_alerts": 641008,
  "market_signals": 101
}