{
  "timestamp": "2025-08-25T23:24:48.996246",
  "overall_quality": 1.0,
  "avg_latency": 176.58769793176506,
  "total_data_points": 3400,
  "valid_data_points": 3400,
  "data_sources": 4,
  "active_alerts": 151426,
  "market_signals": 103
}