{
  "timestamp": "2025-08-26T12:47:46.010161",
  "overall_quality": 1.0,
  "avg_latency": 260.76684633253507,
  "total_data_points": 5010,
  "valid_data_points": 5010,
  "data_sources": 4,
  "active_alerts": 491950,
  "market_signals": 101
}