{
  "timestamp": "2025-08-25T19:50:33.379676",
  "overall_quality": 1.0,
  "avg_latency": 200.31420836230313,
  "total_data_points": 3820,
  "valid_data_points": 3820,
  "data_sources": 4,
  "active_alerts": 60204,
  "market_signals": 101
}