{
  "timestamp": "2025-08-26T20:08:37.915981",
  "overall_quality": 1.0,
  "avg_latency": 283.685877965751,
  "total_data_points": 5460,
  "valid_data_points": 5460,
  "data_sources": 4,
  "active_alerts": 681039,
  "market_signals": 100
}