{
  "timestamp": "2025-08-27T15:31:52.398977",
  "overall_quality": 1.0,
  "avg_latency": 224.82386413333364,
  "total_data_points": 4320,
  "valid_data_points": 4320,
  "data_sources": 4,
  "active_alerts": 1179173,
  "market_signals": 100
}