{
  "timestamp": "2025-08-28T11:57:45.888217",
  "overall_quality": 1.0,
  "avg_latency": 245.55922713128822,
  "total_data_points": 4890,
  "valid_data_points": 4890,
  "data_sources": 4,
  "active_alerts": 1705226,
  "market_signals": 101
}