{
  "timestamp": "2025-08-29T11:42:41.601896",
  "overall_quality": 1.0,
  "avg_latency": 239.1727564850328,
  "total_data_points": 4610,
  "valid_data_points": 4610,
  "data_sources": 4,
  "active_alerts": 2327429,
  "market_signals": 102
}