{
  "timestamp": "2025-08-26T18:01:42.312650",
  "overall_quality": 1.0,
  "avg_latency": 226.5661343609199,
  "total_data_points": 4350,
  "valid_data_points": 4350,
  "data_sources": 4,
  "active_alerts": 626702,
  "market_signals": 101
}