{
  "timestamp": "2025-08-28T20:54:37.703829",
  "overall_quality": 1.0,
  "avg_latency": 150.37522235117086,
  "total_data_points": 2990,
  "valid_data_points": 2990,
  "data_sources": 4,
  "active_alerts": 1937229,
  "market_signals": 102
}