{
  "timestamp": "2025-08-29T04:38:46.622655",
  "overall_quality": 1.0,
  "avg_latency": 273.4982873084561,
  "total_data_points": 5440,
  "valid_data_points": 5440,
  "data_sources": 4,
  "active_alerts": 2143280,
  "market_signals": 101
}