{
  "timestamp": "2025-08-27T22:41:54.754354",
  "overall_quality": 1.0,
  "avg_latency": 223.98223113146065,
  "total_data_points": 4450,
  "valid_data_points": 4450,
  "data_sources": 4,
  "active_alerts": 1363305,
  "market_signals": 103
}