{
  "timestamp": "2025-08-29T10:11:34.242260",
  "overall_quality": 1.0,
  "avg_latency": 206.4103853669187,
  "total_data_points": 3960,
  "valid_data_points": 3960,
  "data_sources": 4,
  "active_alerts": 2288129,
  "market_signals": 103
}