{
  "timestamp": "2025-08-28T15:14:51.675365",
  "overall_quality": 1.0,
  "avg_latency": 158.38437889245893,
  "total_data_points": 3050,
  "valid_data_points": 3050,
  "data_sources": 4,
  "active_alerts": 1791138,
  "market_signals": 101
}