{
  "timestamp": "2025-08-25T19:16:56.146328",
  "overall_quality": 1.0,
  "avg_latency": 241.69294498855353,
  "total_data_points": 4630,
  "valid_data_points": 4630,
  "data_sources": 4,
  "active_alerts": 45820,
  "market_signals": 100
}