{
  "timestamp": "2025-08-29T21:24:41.847808",
  "overall_quality": 1.0,
  "avg_latency": 296.00904130826024,
  "total_data_points": 5690,
  "valid_data_points": 5690,
  "data_sources": 4,
  "active_alerts": 2575548,
  "market_signals": 102
}