{
  "timestamp": "2025-08-25T18:18:53.288537",
  "overall_quality": 1.0,
  "avg_latency": 150.41561205117048,
  "total_data_points": 2990,
  "valid_data_points": 2990,
  "data_sources": 4,
  "active_alerts": 20031,
  "market_signals": 104
}