{
  "timestamp": "2025-08-29T12:59:49.430429",
  "overall_quality": 1.0,
  "avg_latency": 152.3669729051018,
  "total_data_points": 2940,
  "valid_data_points": 2940,
  "data_sources": 4,
  "active_alerts": 2360028,
  "market_signals": 101
}