{
  "timestamp": "2025-08-26T16:15:52.574733",
  "overall_quality": 1.0,
  "avg_latency": 202.8266471306703,
  "total_data_points": 3880,
  "valid_data_points": 3880,
  "data_sources": 4,
  "active_alerts": 581315,
  "market_signals": 100
}