{
  "timestamp": "2025-08-27T18:24:55.016762",
  "overall_quality": 1.0,
  "avg_latency": 164.95207335425903,
  "total_data_points": 3170,
  "valid_data_points": 3170,
  "data_sources": 4,
  "active_alerts": 1252856,
  "market_signals": 103
}