{
  "timestamp": "2025-08-29T03:40:45.505908",
  "overall_quality": 1.0,
  "avg_latency": 183.3712895482193,
  "total_data_points": 3650,
  "valid_data_points": 3650,
  "data_sources": 4,
  "active_alerts": 2117840,
  "market_signals": 100
}