{
  "timestamp": "2025-08-28T20:07:36.853128",
  "overall_quality": 1.0,
  "avg_latency": 240.0865832706494,
  "total_data_points": 4770,
  "valid_data_points": 4770,
  "data_sources": 4,
  "active_alerts": 1916702,
  "market_signals": 100
}