{
  "timestamp": "2025-08-27T16:51:39.275048",
  "overall_quality": 1.0,
  "avg_latency": 217.8853698451079,
  "total_data_points": 4190,
  "valid_data_points": 4190,
  "data_sources": 4,
  "active_alerts": 1213182,
  "market_signals": 101
}