{
  "timestamp": "2025-08-29T02:40:44.350426",
  "overall_quality": 1.0,
  "avg_latency": 182.8795375608809,
  "total_data_points": 3630,
  "valid_data_points": 3630,
  "data_sources": 4,
  "active_alerts": 2091142,
  "market_signals": 101
}