{
  "timestamp": "2025-08-29T03:35:45.430810",
  "overall_quality": 1.0,
  "avg_latency": 183.44380410851545,
  "total_data_points": 3640,
  "valid_data_points": 3640,
  "data_sources": 4,
  "active_alerts": 2115646,
  "market_signals": 101
}