{
  "timestamp": "2025-08-28T08:37:31.345857",
  "overall_quality": 1.0,
  "avg_latency": 239.52102898611696,
  "total_data_points": 4610,
  "valid_data_points": 4610,
  "data_sources": 4,
  "active_alerts": 1620716,
  "market_signals": 102
}