{
  "timestamp": "2025-08-27T09:05:50.085840",
  "overall_quality": 1.0,
  "avg_latency": 195.7076116809134,
  "total_data_points": 3767,
  "valid_data_points": 3767,
  "data_sources": 4,
  "active_alerts": 1013584,
  "market_signals": 102
}