{
  "timestamp": "2025-08-29T16:46:41.315782",
  "overall_quality": 1.0,
  "avg_latency": 207.51534560827085,
  "total_data_points": 3990,
  "valid_data_points": 3990,
  "data_sources": 4,
  "active_alerts": 2455853,
  "market_signals": 100
}