{
  "timestamp": "2025-08-27T03:35:59.924916",
  "overall_quality": 1.0,
  "avg_latency": 202.1493208372748,
  "total_data_points": 3890,
  "valid_data_points": 3890,
  "data_sources": 4,
  "active_alerts": 871650,
  "market_signals": 102
}