{
  "timestamp": "2025-08-27T13:01:58.949847",
  "overall_quality": 1.0,
  "avg_latency": 228.8069664442177,
  "total_data_points": 4410,
  "valid_data_points": 4410,
  "data_sources": 4,
  "active_alerts": 1114654,
  "market_signals": 103
}