{
  "timestamp": "2025-08-25T21:54:30.366507",
  "overall_quality": 1.0,
  "avg_latency": 167.8158834457945,
  "total_data_points": 3210,
  "valid_data_points": 3210,
  "data_sources": 4,
  "active_alerts": 112572,
  "market_signals": 100
}