{
  "timestamp": "2025-08-26T12:49:46.465937",
  "overall_quality": 1.0,
  "avg_latency": 170.5906563496954,
  "total_data_points": 3280,
  "valid_data_points": 3280,
  "data_sources": 4,
  "active_alerts": 492811,
  "market_signals": 103
}