{
  "timestamp": "2025-08-27T05:17:46.785010",
  "overall_quality": 1.0,
  "avg_latency": 255.48913452749537,
  "total_data_points": 4910,
  "valid_data_points": 4910,
  "data_sources": 4,
  "active_alerts": 914983,
  "market_signals": 100
}