{
  "timestamp": "2025-08-29T21:10:40.638639",
  "overall_quality": 1.0,
  "avg_latency": 175.55641221305612,
  "total_data_points": 3370,
  "valid_data_points": 3370,
  "data_sources": 4,
  "active_alerts": 2569184,
  "market_signals": 102
}