{
  "timestamp": "2025-08-29T11:39:41.365936",
  "overall_quality": 1.0,
  "avg_latency": 299.65194956666727,
  "total_data_points": 5760,
  "valid_data_points": 5760,
  "data_sources": 4,
  "active_alerts": 2326133,
  "market_signals": 102
}