{
  "timestamp": "2025-08-28T07:50:56.324858",
  "overall_quality": 1.0,
  "avg_latency": 192.37943053486498,
  "total_data_points": 3700,
  "valid_data_points": 3700,
  "data_sources": 4,
  "active_alerts": 1600862,
  "market_signals": 100
}