{
  "timestamp": "2025-08-30T06:42:53.640589",
  "overall_quality": 1.0,
  "avg_latency": 241.2260646617951,
  "total_data_points": 4790,
  "valid_data_points": 4790,
  "data_sources": 4,
  "active_alerts": 2821167,
  "market_signals": 100
}