{
  "timestamp": "2025-08-26T14:42:36.507735",
  "overall_quality": 1.0,
  "avg_latency": 255.18482905485854,
  "total_data_points": 4940,
  "valid_data_points": 4940,
  "data_sources": 4,
  "active_alerts": 541709,
  "market_signals": 103
}