{
  "timestamp": "2025-08-27T10:55:37.922911",
  "overall_quality": 1.0,
  "avg_latency": 189.12380659063376,
  "total_data_points": 3630,
  "valid_data_points": 3630,
  "data_sources": 4,
  "active_alerts": 1060673,
  "market_signals": 100
}