{
  "timestamp": "2025-08-28T14:46:49.005819",
  "overall_quality": 1.0,
  "avg_latency": 217.14096979791273,
  "total_data_points": 4310,
  "valid_data_points": 4310,
  "data_sources": 4,
  "active_alerts": 1779277,
  "market_signals": 101
}