{
  "timestamp": "2025-08-29T15:01:30.167393",
  "overall_quality": 1.0,
  "avg_latency": 202.4189176655527,
  "total_data_points": 3890,
  "valid_data_points": 3890,
  "data_sources": 4,
  "active_alerts": 2412074,
  "market_signals": 101
}