{
  "timestamp": "2025-08-26T20:48:44.952443",
  "overall_quality": 1.0,
  "avg_latency": 287.0862225957955,
  "total_data_points": 5517,
  "valid_data_points": 5517,
  "data_sources": 4,
  "active_alerts": 698048,
  "market_signals": 101
}