{
  "timestamp": "2025-08-30T05:08:51.804549",
  "overall_quality": 1.0,
  "avg_latency": 270.17979723184357,
  "total_data_points": 5370,
  "valid_data_points": 5370,
  "data_sources": 4,
  "active_alerts": 2779955,
  "market_signals": 103
}