{
  "timestamp": "2025-08-29T09:48:32.323462",
  "overall_quality": 1.0,
  "avg_latency": 265.26916603561614,
  "total_data_points": 5110,
  "valid_data_points": 5110,
  "data_sources": 4,
  "active_alerts": 2278353,
  "market_signals": 101
}