{
  "timestamp": "2025-08-28T04:49:38.405545",
  "overall_quality": 1.0,
  "avg_latency": 154.63238596488273,
  "total_data_points": 2990,
  "valid_data_points": 2990,
  "data_sources": 4,
  "active_alerts": 1523696,
  "market_signals": 102
}