{
  "timestamp": "2025-08-28T08:11:58.567215",
  "overall_quality": 1.0,
  "avg_latency": 223.1074594279071,
  "total_data_points": 4300,
  "valid_data_points": 4300,
  "data_sources": 4,
  "active_alerts": 1609913,
  "market_signals": 100
}