{
  "timestamp": "2025-08-29T16:25:39.106965",
  "overall_quality": 1.0,
  "avg_latency": 176.41609178147087,
  "total_data_points": 3400,
  "valid_data_points": 3400,
  "data_sources": 4,
  "active_alerts": 2447086,
  "market_signals": 101
}