{
  "timestamp": "2025-08-27T22:29:54.524173",
  "overall_quality": 1.0,
  "avg_latency": 163.65107339876954,
  "total_data_points": 3250,
  "valid_data_points": 3250,
  "data_sources": 4,
  "active_alerts": 1357968,
  "market_signals": 102
}