{
  "timestamp": "2025-08-29T11:54:42.882076",
  "overall_quality": 1.0,
  "avg_latency": 300.2072961246096,
  "total_data_points": 5770,
  "valid_data_points": 5770,
  "data_sources": 4,
  "active_alerts": 2332498,
  "market_signals": 102
}