{
  "timestamp": "2025-08-29T11:29:40.547878",
  "overall_quality": 1.0,
  "avg_latency": 299.4980851566962,
  "total_data_points": 5750,
  "valid_data_points": 5750,
  "data_sources": 4,
  "active_alerts": 2321853,
  "market_signals": 101
}