{
  "timestamp": "2025-08-30T05:59:52.867009",
  "overall_quality": 1.0,
  "avg_latency": 150.51319343200012,
  "total_data_points": 3000,
  "valid_data_points": 3000,
  "data_sources": 4,
  "active_alerts": 2802640,
  "market_signals": 101
}