{
  "timestamp": "2025-08-29T23:53:45.673445",
  "overall_quality": 1.0,
  "avg_latency": 267.90626034003617,
  "total_data_points": 5320,
  "valid_data_points": 5320,
  "data_sources": 4,
  "active_alerts": 2642026,
  "market_signals": 101
}