{
  "timestamp": "2025-08-26T06:41:41.102126",
  "overall_quality": 1.0,
  "avg_latency": 230.07943760837074,
  "total_data_points": 4420,
  "valid_data_points": 4420,
  "data_sources": 4,
  "active_alerts": 335556,
  "market_signals": 104
}