{
  "timestamp": "2025-08-29T14:20:56.864646",
  "overall_quality": 1.0,
  "avg_latency": 186.05623823212292,
  "total_data_points": 3580,
  "valid_data_points": 3580,
  "data_sources": 4,
  "active_alerts": 2394963,
  "market_signals": 102
}