{
  "timestamp": "2025-08-27T13:47:36.009995",
  "overall_quality": 1.0,
  "avg_latency": 247.4467692457972,
  "total_data_points": 4760,
  "valid_data_points": 4760,
  "data_sources": 4,
  "active_alerts": 1134410,
  "market_signals": 100
}