{
  "timestamp": "2025-08-29T00:44:42.057668",
  "overall_quality": 1.0,
  "avg_latency": 151.42155389999968,
  "total_data_points": 3020,
  "valid_data_points": 3020,
  "data_sources": 4,
  "active_alerts": 2040546,
  "market_signals": 100
}