{
  "timestamp": "2025-08-27T10:18:32.000108",
  "overall_quality": 1.0,
  "avg_latency": 276.40825647984997,
  "total_data_points": 5310,
  "valid_data_points": 5310,
  "data_sources": 4,
  "active_alerts": 1044582,
  "market_signals": 100
}