{
  "timestamp": "2025-08-27T14:59:47.523631",
  "overall_quality": 1.0,
  "avg_latency": 162.41583797307678,
  "total_data_points": 3120,
  "valid_data_points": 3120,
  "data_sources": 4,
  "active_alerts": 1165398,
  "market_signals": 101
}