{
  "timestamp": "2025-08-29T00:26:41.696473",
  "overall_quality": 1.0,
  "avg_latency": 211.73304498479794,
  "total_data_points": 4210,
  "valid_data_points": 4210,
  "data_sources": 4,
  "active_alerts": 2032184,
  "market_signals": 103
}