{
  "timestamp": "2025-08-28T10:52:41.753159",
  "overall_quality": 1.0,
  "avg_latency": 244.12880719872365,
  "total_data_points": 4700,
  "valid_data_points": 4700,
  "data_sources": 4,
  "active_alerts": 1677774,
  "market_signals": 102
}