{
  "timestamp": "2025-08-26T13:53:57.116973",
  "overall_quality": 1.0,
  "avg_latency": 295.8177334128067,
  "total_data_points": 5700,
  "valid_data_points": 5700,
  "data_sources": 4,
  "active_alerts": 520280,
  "market_signals": 101
}