{
  "timestamp": "2025-08-26T11:10:57.844420",
  "overall_quality": 1.0,
  "avg_latency": 206.84784359974896,
  "total_data_points": 3980,
  "valid_data_points": 3980,
  "data_sources": 4,
  "active_alerts": 451295,
  "market_signals": 101
}