{
  "timestamp": "2025-08-28T00:52:57.177609",
  "overall_quality": 1.0,
  "avg_latency": 254.76517583339856,
  "total_data_points": 5060,
  "valid_data_points": 5060,
  "data_sources": 4,
  "active_alerts": 1420824,
  "market_signals": 102
}