{
  "timestamp": "2025-08-29T10:56:37.667817",
  "overall_quality": 1.0,
  "avg_latency": 207.69007552000045,
  "total_data_points": 4000,
  "valid_data_points": 4000,
  "data_sources": 4,
  "active_alerts": 2307443,
  "market_signals": 100
}