{
  "timestamp": "2025-08-30T02:32:48.941817",
  "overall_quality": 1.0,
  "avg_latency": 239.09331042016836,
  "total_data_points": 4760,
  "valid_data_points": 4760,
  "data_sources": 4,
  "active_alerts": 2712201,
  "market_signals": 102
}