{
  "timestamp": "2025-08-28T03:40:32.304958",
  "overall_quality": 1.0,
  "avg_latency": 181.9903054122857,
  "total_data_points": 3500,
  "valid_data_points": 3500,
  "data_sources": 4,
  "active_alerts": 1494747,
  "market_signals": 100
}