{
  "timestamp": "2025-08-26T12:20:40.415796",
  "overall_quality": 1.0,
  "avg_latency": 198.28325365587412,
  "total_data_points": 3830,
  "valid_data_points": 3830,
  "data_sources": 4,
  "active_alerts": 480918,
  "market_signals": 101
}