{
  "timestamp": "2025-08-25T17:40:52.081083",
  "overall_quality": 1.0,
  "avg_latency": 209.91754289328483,
  "total_data_points": 4170,
  "valid_data_points": 4170,
  "data_sources": 4,
  "active_alerts": 3061,
  "market_signals": 105
}