{
  "timestamp": "2025-08-26T01:53:47.769890",
  "overall_quality": 1.0,
  "avg_latency": 295.1196170591546,
  "total_data_points": 5680,
  "valid_data_points": 5680,
  "data_sources": 4,
  "active_alerts": 214158,
  "market_signals": 101
}