{
  "timestamp": "2025-08-26T05:47:31.595126",
  "overall_quality": 1.0,
  "avg_latency": 255.8955479800414,
  "total_data_points": 4910,
  "valid_data_points": 4910,
  "data_sources": 4,
  "active_alerts": 312681,
  "market_signals": 100
}