{
  "timestamp": "2025-08-25T21:48:58.832434",
  "overall_quality": 1.0,
  "avg_latency": 152.364202887197,
  "total_data_points": 2890,
  "valid_data_points": 2890,
  "data_sources": 4,
  "active_alerts": 110166,
  "market_signals": 100
}