{
  "timestamp": "2025-08-29T21:48:42.949860",
  "overall_quality": 1.0,
  "avg_latency": 266.14841822471607,
  "total_data_points": 5300,
  "valid_data_points": 5300,
  "data_sources": 4,
  "active_alerts": 2585653,
  "market_signals": 104
}