{
  "timestamp": "2025-08-26T16:14:52.384212",
  "overall_quality": 1.0,
  "avg_latency": 172.33855160543789,
  "total_data_points": 3310,
  "valid_data_points": 3310,
  "data_sources": 4,
  "active_alerts": 580826,
  "market_signals": 100
}