{
  "timestamp": "2025-08-26T16:02:50.473846",
  "overall_quality": 1.0,
  "avg_latency": 261.7999580714568,
  "total_data_points": 5010,
  "valid_data_points": 5010,
  "data_sources": 4,
  "active_alerts": 575472,
  "market_signals": 102
}