{
  "timestamp": "2025-08-27T21:18:50.387896",
  "overall_quality": 1.0,
  "avg_latency": 282.2626196236155,
  "total_data_points": 5420,
  "valid_data_points": 5420,
  "data_sources": 4,
  "active_alerts": 1326687,
  "market_signals": 100
}