{
  "timestamp": "2025-08-29T20:24:36.215905",
  "overall_quality": 1.0,
  "avg_latency": 293.7456269367023,
  "total_data_points": 5640,
  "valid_data_points": 5640,
  "data_sources": 4,
  "active_alerts": 2549653,
  "market_signals": 103
}