{
  "timestamp": "2025-08-27T23:31:55.678852",
  "overall_quality": 1.0,
  "avg_latency": 224.05247343677138,
  "total_data_points": 4460,
  "valid_data_points": 4460,
  "data_sources": 4,
  "active_alerts": 1385382,
  "market_signals": 103
}