{
  "timestamp": "2025-08-29T15:22:32.237357",
  "overall_quality": 1.0,
  "avg_latency": 233.05028749376353,
  "total_data_points": 4490,
  "valid_data_points": 4490,
  "data_sources": 4,
  "active_alerts": 2420827,
  "market_signals": 102
}