{
  "timestamp": "2025-08-29T19:41:32.700122",
  "overall_quality": 1.0,
  "avg_latency": 202.2003216863396,
  "total_data_points": 3880,
  "valid_data_points": 3880,
  "data_sources": 4,
  "active_alerts": 2531035,
  "market_signals": 101
}