{
  "timestamp": "2025-08-28T22:49:39.926038",
  "overall_quality": 1.0,
  "avg_latency": 150.94705162866663,
  "total_data_points": 3000,
  "valid_data_points": 3000,
  "data_sources": 4,
  "active_alerts": 1988606,
  "market_signals": 102
}