{
  "timestamp": "2025-08-28T10:35:40.233397",
  "overall_quality": 1.0,
  "avg_latency": 183.04575034164282,
  "total_data_points": 3530,
  "valid_data_points": 3530,
  "data_sources": 4,
  "active_alerts": 1670623,
  "market_signals": 102
}