{
  "timestamp": "2025-08-29T16:07:36.886207",
  "overall_quality": 1.0,
  "avg_latency": 235.3558933303828,
  "total_data_points": 4519,
  "valid_data_points": 4519,
  "data_sources": 4,
  "active_alerts": 2439753,
  "market_signals": 103
}