{
  "timestamp": "2025-08-29T09:50:32.486540",
  "overall_quality": 1.0,
  "avg_latency": 175.31166931750744,
  "total_data_points": 3370,
  "valid_data_points": 3370,
  "data_sources": 4,
  "active_alerts": 2279115,
  "market_signals": 101
}