{
  "timestamp": "2025-08-29T17:47:49.126668",
  "overall_quality": 1.0,
  "avg_latency": 241.1828648683993,
  "total_data_points": 4620,
  "valid_data_points": 4620,
  "data_sources": 4,
  "active_alerts": 2482395,
  "market_signals": 101
}