{
  "timestamp": "2025-08-27T09:33:54.866730",
  "overall_quality": 1.0,
  "avg_latency": 288.00526189981923,
  "total_data_points": 5530,
  "valid_data_points": 5530,
  "data_sources": 4,
  "active_alerts": 1025500,
  "market_signals": 103
}