{
  "timestamp": "2025-08-27T02:28:47.020066",
  "overall_quality": 1.0,
  "avg_latency": 286.29567716969075,
  "total_data_points": 5510,
  "valid_data_points": 5510,
  "data_sources": 4,
  "active_alerts": 842643,
  "market_signals": 100
}