{
  "timestamp": "2025-08-30T05:22:52.088739",
  "overall_quality": 1.0,
  "avg_latency": 240.31039003138113,
  "total_data_points": 4780,
  "valid_data_points": 4780,
  "data_sources": 4,
  "active_alerts": 2786144,
  "market_signals": 101
}