{
  "timestamp": "2025-08-26T13:09:49.921424",
  "overall_quality": 1.0,
  "avg_latency": 172.77729874487957,
  "total_data_points": 3320,
  "valid_data_points": 3320,
  "data_sources": 4,
  "active_alerts": 501409,
  "market_signals": 100
}