{
  "timestamp": "2025-08-28T08:23:29.849972",
  "overall_quality": 1.0,
  "avg_latency": 268.9706070007738,
  "total_data_points": 5170,
  "valid_data_points": 5170,
  "data_sources": 4,
  "active_alerts": 1614886,
  "market_signals": 101
}