{
  "timestamp": "2025-08-28T05:46:44.160376",
  "overall_quality": 1.0,
  "avg_latency": 217.13296914652378,
  "total_data_points": 4170,
  "valid_data_points": 4170,
  "data_sources": 4,
  "active_alerts": 1548922,
  "market_signals": 103
}