{
  "timestamp": "2025-08-25T18:05:52.828490",
  "overall_quality": 1.0,
  "avg_latency": 210.23062921507136,
  "total_data_points": 4180,
  "valid_data_points": 4180,
  "data_sources": 4,
  "active_alerts": 14095,
  "market_signals": 100
}