{
  "timestamp": "2025-08-28T03:26:30.962989",
  "overall_quality": 1.0,
  "avg_latency": 212.08815926850946,
  "total_data_points": 4160,
  "valid_data_points": 4160,
  "data_sources": 4,
  "active_alerts": 1488654,
  "market_signals": 102
}