{
  "timestamp": "2025-08-27T04:35:40.227117",
  "overall_quality": 1.0,
  "avg_latency": 192.256486214092,
  "total_data_points": 3690,
  "valid_data_points": 3690,
  "data_sources": 4,
  "active_alerts": 897304,
  "market_signals": 100
}