{
  "timestamp": "2025-08-26T16:05:50.813445",
  "overall_quality": 1.0,
  "avg_latency": 201.6512548731957,
  "total_data_points": 3880,
  "valid_data_points": 3880,
  "data_sources": 4,
  "active_alerts": 576798,
  "market_signals": 102
}