{
  "timestamp": "2025-08-29T14:54:59.660486",
  "overall_quality": 1.0,
  "avg_latency": 157.19661248415886,
  "total_data_points": 3030,
  "valid_data_points": 3030,
  "data_sources": 4,
  "active_alerts": 2409478,
  "market_signals": 103
}