{
  "timestamp": "2025-08-27T11:25:42.562582",
  "overall_quality": 1.0,
  "avg_latency": 191.2614359839672,
  "total_data_points": 3680,
  "valid_data_points": 3680,
  "data_sources": 4,
  "active_alerts": 1073520,
  "market_signals": 101
}