{
  "timestamp": "2025-08-27T16:10:31.113598",
  "overall_quality": 1.0,
  "avg_latency": 184.244225512465,
  "total_data_points": 3530,
  "valid_data_points": 3530,
  "data_sources": 4,
  "active_alerts": 1195825,
  "market_signals": 100
}