{
  "timestamp": "2025-08-25T22:05:33.813376",
  "overall_quality": 1.0,
  "avg_latency": 198.87434267071268,
  "total_data_points": 3790,
  "valid_data_points": 3790,
  "data_sources": 4,
  "active_alerts": 117309,
  "market_signals": 106
}