{
  "timestamp": "2025-08-28T03:37:31.897354",
  "overall_quality": 1.0,
  "avg_latency": 241.31325798623664,
  "total_data_points": 4650,
  "valid_data_points": 4650,
  "data_sources": 4,
  "active_alerts": 1493595,
  "market_signals": 102
}