{
  "timestamp": "2025-08-27T01:21:35.783892",
  "overall_quality": 1.0,
  "avg_latency": 220.8658922307513,
  "total_data_points": 4260,
  "valid_data_points": 4260,
  "data_sources": 4,
  "active_alerts": 814053,
  "market_signals": 102
}