{
  "timestamp": "2025-08-27T23:53:56.093219",
  "overall_quality": 1.0,
  "avg_latency": 284.4335753987645,
  "total_data_points": 5660,
  "valid_data_points": 5660,
  "data_sources": 4,
  "active_alerts": 1394837,
  "market_signals": 104
}