{
  "timestamp": "2025-08-28T23:49:41.068504",
  "overall_quality": 1.0,
  "avg_latency": 151.51224153675508,
  "total_data_points": 3020,
  "valid_data_points": 3020,
  "data_sources": 4,
  "active_alerts": 2015381,
  "market_signals": 101
}