{
  "timestamp": "2025-08-26T07:52:53.205074",
  "overall_quality": 1.0,
  "avg_latency": 266.00397113326886,
  "total_data_points": 5110,
  "valid_data_points": 5110,
  "data_sources": 4,
  "active_alerts": 366681,
  "market_signals": 103
}