{
  "timestamp": "2025-08-27T20:49:47.423912",
  "overall_quality": 1.0,
  "avg_latency": 160.32206886504866,
  "total_data_points": 3090,
  "valid_data_points": 3090,
  "data_sources": 4,
  "active_alerts": 1313934,
  "market_signals": 100
}