{
  "timestamp": "2025-08-28T05:40:43.598334",
  "overall_quality": 1.0,
  "avg_latency": 186.63699956963768,
  "total_data_points": 3590,
  "valid_data_points": 3590,
  "data_sources": 4,
  "active_alerts": 1546128,
  "market_signals": 102
}