{
  "timestamp": "2025-08-28T03:34:31.601317",
  "overall_quality": 1.0,
  "avg_latency": 151.5346120051542,
  "total_data_points": 2910,
  "valid_data_points": 2910,
  "data_sources": 4,
  "active_alerts": 1492282,
  "market_signals": 101
}