{
  "timestamp": "2025-08-27T14:37:44.158766",
  "overall_quality": 1.0,
  "avg_latency": 250.97401594368512,
  "total_data_points": 4830,
  "valid_data_points": 4830,
  "data_sources": 4,
  "active_alerts": 1155862,
  "market_signals": 102
}