{
  "timestamp": "2025-08-29T03:38:45.481679",
  "overall_quality": 1.0,
  "avg_latency": 273.49858113793704,
  "total_data_points": 5430,
  "valid_data_points": 5430,
  "data_sources": 4,
  "active_alerts": 2117034,
  "market_signals": 101
}