{
  "timestamp": "2025-08-29T19:04:59.119265",
  "overall_quality": 1.0,
  "avg_latency": 155.4588343265098,
  "total_data_points": 2980,
  "valid_data_points": 2980,
  "data_sources": 4,
  "active_alerts": 2515399,
  "market_signals": 100
}