{
  "timestamp": "2025-08-27T16:30:36.065978",
  "overall_quality": 1.0,
  "avg_latency": 186.21110767122929,
  "total_data_points": 3580,
  "valid_data_points": 3580,
  "data_sources": 4,
  "active_alerts": 1204204,
  "market_signals": 101
}