{
  "timestamp": "2025-08-29T05:39:48.010628",
  "overall_quality": 1.0,
  "avg_latency": 154.07461020424873,
  "total_data_points": 3060,
  "valid_data_points": 3060,
  "data_sources": 4,
  "active_alerts": 2170112,
  "market_signals": 101
}