{
  "timestamp": "2025-08-30T04:02:50.544725",
  "overall_quality": 1.0,
  "avg_latency": 239.58310993004335,
  "total_data_points": 4760,
  "valid_data_points": 4760,
  "data_sources": 4,
  "active_alerts": 2750889,
  "market_signals": 103
}