{
  "timestamp": "2025-08-27T15:03:48.314458",
  "overall_quality": 1.0,
  "avg_latency": 283.0126467484352,
  "total_data_points": 5430,
  "valid_data_points": 5430,
  "data_sources": 4,
  "active_alerts": 1167098,
  "market_signals": 101
}