{
  "timestamp": "2025-08-26T22:24:33.022417",
  "overall_quality": 1.0,
  "avg_latency": 160.2690555516236,
  "total_data_points": 3080,
  "valid_data_points": 3080,
  "data_sources": 4,
  "active_alerts": 738789,
  "market_signals": 102
}