{
  "timestamp": "2025-08-28T08:50:32.463417",
  "overall_quality": 1.0,
  "avg_latency": 179.8618586318838,
  "total_data_points": 3450,
  "valid_data_points": 3450,
  "data_sources": 4,
  "active_alerts": 1626250,
  "market_signals": 102
}