{
  "timestamp": "2025-08-27T18:09:52.247763",
  "overall_quality": 1.0,
  "avg_latency": 164.0050402174602,
  "total_data_points": 3150,
  "valid_data_points": 3150,
  "data_sources": 4,
  "active_alerts": 1246538,
  "market_signals": 100
}