{
  "timestamp": "2025-08-27T13:55:37.025230",
  "overall_quality": 1.0,
  "avg_latency": 188.08226582908583,
  "total_data_points": 3610,
  "valid_data_points": 3610,
  "data_sources": 4,
  "active_alerts": 1137848,
  "market_signals": 100
}