{
  "timestamp": "2025-08-27T17:13:43.112265",
  "overall_quality": 1.0,
  "avg_latency": 279.217742393469,
  "total_data_points": 5360,
  "valid_data_points": 5360,
  "data_sources": 4,
  "active_alerts": 1222362,
  "market_signals": 102
}