{
  "timestamp": "2025-08-28T03:39:32.148088",
  "overall_quality": 1.0,
  "avg_latency": 152.03587564589066,
  "total_data_points": 2920,
  "valid_data_points": 2920,
  "data_sources": 4,
  "active_alerts": 1494317,
  "market_signals": 100
}