{
  "timestamp": "2025-08-26T22:41:35.765761",
  "overall_quality": 1.0,
  "avg_latency": 221.8167675227697,
  "total_data_points": 4260,
  "valid_data_points": 4260,
  "data_sources": 4,
  "active_alerts": 745934,
  "market_signals": 100
}