{
  "timestamp": "2025-08-29T01:55:43.484186",
  "overall_quality": 1.0,
  "avg_latency": 182.5202146292009,
  "total_data_points": 3630,
  "valid_data_points": 3630,
  "data_sources": 4,
  "active_alerts": 2071195,
  "market_signals": 101
}