{
  "timestamp": "2025-08-29T14:36:58.144664",
  "overall_quality": 1.0,
  "avg_latency": 216.88077047529964,
  "total_data_points": 4170,
  "valid_data_points": 4170,
  "data_sources": 4,
  "active_alerts": 2401652,
  "market_signals": 100
}