{
  "timestamp": "2025-08-25T19:40:31.789629",
  "overall_quality": 1.0,
  "avg_latency": 199.71887410759197,
  "total_data_points": 3820,
  "valid_data_points": 3820,
  "data_sources": 4,
  "active_alerts": 55793,
  "market_signals": 103
}