{
  "timestamp": "2025-08-26T04:29:46.973060",
  "overall_quality": 1.0,
  "avg_latency": 173.93389374925425,
  "total_data_points": 3350,
  "valid_data_points": 3350,
  "data_sources": 4,
  "active_alerts": 279941,
  "market_signals": 105
}