{
  "timestamp": "2025-08-26T03:35:36.305509",
  "overall_quality": 1.0,
  "avg_latency": 198.36898494308105,
  "total_data_points": 3830,
  "valid_data_points": 3830,
  "data_sources": 4,
  "active_alerts": 257242,
  "market_signals": 102
}