{
  "timestamp": "2025-08-29T07:31:51.232848",
  "overall_quality": 1.0,
  "avg_latency": 215.95786812552757,
  "total_data_points": 4270,
  "valid_data_points": 4270,
  "data_sources": 4,
  "active_alerts": 2219337,
  "market_signals": 102
}