{
  "timestamp": "2025-08-29T18:04:51.673949",
  "overall_quality": 1.0,
  "avg_latency": 152.19742950308228,
  "total_data_points": 2920,
  "valid_data_points": 2920,
  "data_sources": 4,
  "active_alerts": 2489346,
  "market_signals": 100
}