{
  "timestamp": "2025-08-28T15:46:54.404930",
  "overall_quality": 1.0,
  "avg_latency": 219.09001141398025,
  "total_data_points": 4220,
  "valid_data_points": 4220,
  "data_sources": 4,
  "active_alerts": 1804582,
  "market_signals": 103
}