{
  "timestamp": "2025-08-25T20:46:45.640212",
  "overall_quality": 1.0,
  "avg_latency": 236.07548613111084,
  "total_data_points": 4500,
  "valid_data_points": 4500,
  "data_sources": 4,
  "active_alerts": 83920,
  "market_signals": 101
}