{
  "timestamp": "2025-08-27T00:41:58.347473",
  "overall_quality": 1.0,
  "avg_latency": 232.40304831741085,
  "total_data_points": 4480,
  "valid_data_points": 4480,
  "data_sources": 4,
  "active_alerts": 796750,
  "market_signals": 102
}