{
  "timestamp": "2025-08-30T05:21:52.063451",
  "overall_quality": 1.0,
  "avg_latency": 210.44569812033478,
  "total_data_points": 4180,
  "valid_data_points": 4180,
  "data_sources": 4,
  "active_alerts": 2785664,
  "market_signals": 102
}