{
  "timestamp": "2025-08-30T03:30:49.959344",
  "overall_quality": 1.0,
  "avg_latency": 179.3786889072826,
  "total_data_points": 3570,
  "valid_data_points": 3570,
  "data_sources": 4,
  "active_alerts": 2737315,
  "market_signals": 100
}