{
  "timestamp": "2025-08-29T00:24:41.669374",
  "overall_quality": 1.0,
  "avg_latency": 151.52214581258303,
  "total_data_points": 3020,
  "valid_data_points": 3020,
  "data_sources": 4,
  "active_alerts": 2031327,
  "market_signals": 103
}