{
  "timestamp": "2025-08-26T14:00:58.348257",
  "overall_quality": 1.0,
  "avg_latency": 206.55964069547764,
  "total_data_points": 3980,
  "valid_data_points": 3980,
  "data_sources": 4,
  "active_alerts": 523532,
  "market_signals": 102
}