{
  "timestamp": "2025-08-28T04:47:38.260037",
  "overall_quality": 1.0,
  "avg_latency": 244.29055680762744,
  "total_data_points": 4720,
  "valid_data_points": 4720,
  "data_sources": 4,
  "active_alerts": 1522877,
  "market_signals": 101
}