{
  "timestamp": "2025-08-30T00:12:46.036655",
  "overall_quality": 1.0,
  "avg_latency": 237.9377287866812,
  "total_data_points": 4730,
  "valid_data_points": 4730,
  "data_sources": 4,
  "active_alerts": 2650297,
  "market_signals": 100
}