{
  "timestamp": "2025-08-30T09:15:56.509438",
  "overall_quality": 1.0,
  "avg_latency": 181.87379421436486,
  "total_data_points": 3620,
  "valid_data_points": 3620,
  "data_sources": 4,
  "active_alerts": 2888591,
  "market_signals": 103
}