{
  "timestamp": "2025-08-27T21:34:52.155930",
  "overall_quality": 1.0,
  "avg_latency": 162.974900563259,
  "total_data_points": 3130,
  "valid_data_points": 3130,
  "data_sources": 4,
  "active_alerts": 1333283,
  "market_signals": 100
}