{
  "timestamp": "2025-08-29T20:00:34.228307",
  "overall_quality": 1.0,
  "avg_latency": 172.60295398975902,
  "total_data_points": 3320,
  "valid_data_points": 3320,
  "data_sources": 4,
  "active_alerts": 2539288,
  "market_signals": 102
}