{
  "timestamp": "2025-08-25T22:45:42.406197",
  "overall_quality": 1.0,
  "avg_latency": 203.62801247755095,
  "total_data_points": 3920,
  "valid_data_points": 3920,
  "data_sources": 4,
  "active_alerts": 134313,
  "market_signals": 103
}