{
  "timestamp": "2025-08-27T15:50:56.703125",
  "overall_quality": 1.0,
  "avg_latency": 196.64705278567652,
  "total_data_points": 3770,
  "valid_data_points": 3770,
  "data_sources": 4,
  "active_alerts": 1187235,
  "market_signals": 100
}