{
  "timestamp": "2025-08-30T06:29:53.409509",
  "overall_quality": 1.0,
  "avg_latency": 151.28002486766658,
  "total_data_points": 3000,
  "valid_data_points": 3000,
  "data_sources": 4,
  "active_alerts": 2815517,
  "market_signals": 101
}