{
  "timestamp": "2025-08-27T03:18:56.800366",
  "overall_quality": 1.0,
  "avg_latency": 291.08244036440095,
  "total_data_points": 5590,
  "valid_data_points": 5590,
  "data_sources": 4,
  "active_alerts": 864227,
  "market_signals": 101
}