{
  "timestamp": "2025-08-30T07:16:54.226477",
  "overall_quality": 1.0,
  "avg_latency": 211.03516110166652,
  "total_data_points": 4200,
  "valid_data_points": 4200,
  "data_sources": 4,
  "active_alerts": 2836325,
  "market_signals": 100
}