{
  "timestamp": "2025-08-26T10:23:50.336895",
  "overall_quality": 1.0,
  "avg_latency": 293.6749130215544,
  "total_data_points": 5660,
  "valid_data_points": 5660,
  "data_sources": 4,
  "active_alerts": 430937,
  "market_signals": 101
}