{
  "timestamp": "2025-08-26T20:40:43.824243",
  "overall_quality": 1.0,
  "avg_latency": 196.5931913777779,
  "total_data_points": 3780,
  "valid_data_points": 3780,
  "data_sources": 4,
  "active_alerts": 694824,
  "market_signals": 102
}