{
  "timestamp": "2025-08-25T22:21:37.853859",
  "overall_quality": 1.0,
  "avg_latency": 231.2603930142217,
  "total_data_points": 4430,
  "valid_data_points": 4430,
  "data_sources": 4,
  "active_alerts": 124118,
  "market_signals": 102
}