{
  "timestamp": "2025-08-29T07:21:50.955284",
  "overall_quality": 1.0,
  "avg_latency": 215.53264855445946,
  "total_data_points": 4260,
  "valid_data_points": 4260,
  "data_sources": 4,
  "active_alerts": 2215128,
  "market_signals": 102
}