{
  "timestamp": "2025-08-29T14:03:55.110003",
  "overall_quality": 1.0,
  "avg_latency": 275.3914854701888,
  "total_data_points": 5300,
  "valid_data_points": 5300,
  "data_sources": 4,
  "active_alerts": 2387373,
  "market_signals": 103
}