{
  "timestamp": "2025-08-26T22:33:34.557528",
  "overall_quality": 1.0,
  "avg_latency": 280.879916863401,
  "total_data_points": 5410,
  "valid_data_points": 5410,
  "data_sources": 4,
  "active_alerts": 742560,
  "market_signals": 101
}