{
  "timestamp": "2025-08-26T14:45:37.024389",
  "overall_quality": 1.0,
  "avg_latency": 196.08114322592618,
  "total_data_points": 3780,
  "valid_data_points": 3780,
  "data_sources": 4,
  "active_alerts": 542988,
  "market_signals": 101
}