{
  "timestamp": "2025-08-26T07:50:53.022836",
  "overall_quality": 1.0,
  "avg_latency": 205.63943335757554,
  "total_data_points": 3960,
  "valid_data_points": 3960,
  "data_sources": 4,
  "active_alerts": 365744,
  "market_signals": 100
}