{
  "timestamp": "2025-08-28T17:21:32.240713",
  "overall_quality": 1.0,
  "avg_latency": 207.65764947200046,
  "total_data_points": 4000,
  "valid_data_points": 4000,
  "data_sources": 4,
  "active_alerts": 1845246,
  "market_signals": 101
}