{
  "timestamp": "2025-08-30T06:15:53.174123",
  "overall_quality": 1.0,
  "avg_latency": 180.74477152111095,
  "total_data_points": 3600,
  "valid_data_points": 3600,
  "data_sources": 4,
  "active_alerts": 2809696,
  "market_signals": 100
}