{
  "timestamp": "2025-08-27T08:40:46.786762",
  "overall_quality": 1.0,
  "avg_latency": 194.4719620075068,
  "total_data_points": 3730,
  "valid_data_points": 3730,
  "data_sources": 4,
  "active_alerts": 1002622,
  "market_signals": 100
}