{
  "timestamp": "2025-08-28T05:47:44.240922",
  "overall_quality": 1.0,
  "avg_latency": 247.05419505263228,
  "total_data_points": 4750,
  "valid_data_points": 4750,
  "data_sources": 4,
  "active_alerts": 1549299,
  "market_signals": 101
}