{
  "timestamp": "2025-08-27T08:11:42.464929",
  "overall_quality": 1.0,
  "avg_latency": 222.14780276604233,
  "total_data_points": 4270,
  "valid_data_points": 4270,
  "data_sources": 4,
  "active_alerts": 990262,
  "market_signals": 101
}