{
  "timestamp": "2025-08-29T18:23:53.675910",
  "overall_quality": 1.0,
  "avg_latency": 272.871958158857,
  "total_data_points": 5250,
  "valid_data_points": 5250,
  "data_sources": 4,
  "active_alerts": 2497889,
  "market_signals": 102
}