{
  "timestamp": "2025-08-25T22:41:41.546628",
  "overall_quality": 1.0,
  "avg_latency": 233.4167994620529,
  "total_data_points": 4480,
  "valid_data_points": 4480,
  "data_sources": 4,
  "active_alerts": 132477,
  "market_signals": 104
}