{
  "timestamp": "2025-08-27T03:54:32.964567",
  "overall_quality": 1.0,
  "avg_latency": 158.3050231091802,
  "total_data_points": 3050,
  "valid_data_points": 3050,
  "data_sources": 4,
  "active_alerts": 879266,
  "market_signals": 104
}