{
  "timestamp": "2025-08-28T15:41:54.077355",
  "overall_quality": 1.0,
  "avg_latency": 219.1353318515444,
  "total_data_points": 4210,
  "valid_data_points": 4210,
  "data_sources": 4,
  "active_alerts": 1802313,
  "market_signals": 101
}