{
  "timestamp": "2025-08-25T18:43:53.960354",
  "overall_quality": 1.0,
  "avg_latency": 150.556824165333,
  "total_data_points": 3000,
  "valid_data_points": 3000,
  "data_sources": 4,
  "active_alerts": 31301,
  "market_signals": 100
}