{
  "timestamp": "2025-08-28T10:48:41.376571",
  "overall_quality": 1.0,
  "avg_latency": 273.6321022692588,
  "total_data_points": 5270,
  "valid_data_points": 5270,
  "data_sources": 4,
  "active_alerts": 1676029,
  "market_signals": 102
}