{
  "timestamp": "2025-08-28T12:04:46.008491",
  "overall_quality": 1.0,
  "avg_latency": 156.31072280774205,
  "total_data_points": 3100,
  "valid_data_points": 3100,
  "data_sources": 4,
  "active_alerts": 1708425,
  "market_signals": 101
}