{
  "timestamp": "2025-08-27T05:03:44.727128",
  "overall_quality": 1.0,
  "avg_latency": 283.965920953931,
  "total_data_points": 5470,
  "valid_data_points": 5470,
  "data_sources": 4,
  "active_alerts": 909068,
  "market_signals": 102
}