{
  "timestamp": "2025-08-26T00:49:36.401648",
  "overall_quality": 1.0,
  "avg_latency": 169.86107454325185,
  "total_data_points": 3260,
  "valid_data_points": 3260,
  "data_sources": 4,
  "active_alerts": 186889,
  "market_signals": 100
}