{
  "timestamp": "2025-08-26T21:53:57.049012",
  "overall_quality": 1.0,
  "avg_latency": 292.4433292836287,
  "total_data_points": 5620,
  "valid_data_points": 5620,
  "data_sources": 4,
  "active_alerts": 726117,
  "market_signals": 100
}