{
  "timestamp": "2025-08-26T06:07:35.270649",
  "overall_quality": 1.0,
  "avg_latency": 257.59406307580707,
  "total_data_points": 4960,
  "valid_data_points": 4960,
  "data_sources": 4,
  "active_alerts": 321222,
  "market_signals": 104
}