{
  "timestamp": "2025-08-25T18:27:53.519827",
  "overall_quality": 1.0,
  "avg_latency": 270.6693065732837,
  "total_data_points": 5390,
  "valid_data_points": 5390,
  "data_sources": 4,
  "active_alerts": 23970,
  "market_signals": 102
}