{
  "timestamp": "2025-08-26T13:32:53.496326",
  "overall_quality": 1.0,
  "avg_latency": 263.724294097048,
  "total_data_points": 5080,
  "valid_data_points": 5080,
  "data_sources": 4,
  "active_alerts": 511355,
  "market_signals": 103
}