{
  "timestamp": "2025-08-29T14:41:58.544805",
  "overall_quality": 1.0,
  "avg_latency": 216.623798578657,
  "total_data_points": 4170,
  "valid_data_points": 4170,
  "data_sources": 4,
  "active_alerts": 2403835,
  "market_signals": 101
}