{
  "timestamp": "2025-08-28T07:09:52.574298",
  "overall_quality": 1.0,
  "avg_latency": 161.11670676278325,
  "total_data_points": 3090,
  "valid_data_points": 3090,
  "data_sources": 4,
  "active_alerts": 1583512,
  "market_signals": 101
}