{
  "timestamp": "2025-08-27T09:42:56.564487",
  "overall_quality": 1.0,
  "avg_latency": 258.5806029275654,
  "total_data_points": 4970,
  "valid_data_points": 4970,
  "data_sources": 4,
  "active_alerts": 1029337,
  "market_signals": 100
}