{
  "timestamp": "2025-08-28T14:40:48.896118",
  "overall_quality": 1.0,
  "avg_latency": 187.18068060404306,
  "total_data_points": 3710,
  "valid_data_points": 3710,
  "data_sources": 4,
  "active_alerts": 1776574,
  "market_signals": 100
}