{
  "timestamp": "2025-08-29T04:37:46.598061",
  "overall_quality": 1.0,
  "avg_latency": 243.65537161694124,
  "total_data_points": 4840,
  "valid_data_points": 4840,
  "data_sources": 4,
  "active_alerts": 2142861,
  "market_signals": 100
}