{
  "timestamp": "2025-08-30T09:07:56.366496",
  "overall_quality": 1.0,
  "avg_latency": 242.4249255831605,
  "total_data_points": 4810,
  "valid_data_points": 4810,
  "data_sources": 4,
  "active_alerts": 2885219,
  "market_signals": 102
}