{
  "timestamp": "2025-08-29T14:11:55.899179",
  "overall_quality": 1.0,
  "avg_latency": 215.81764594120423,
  "total_data_points": 4150,
  "valid_data_points": 4150,
  "data_sources": 4,
  "active_alerts": 2390981,
  "market_signals": 101
}