{
  "timestamp": "2025-08-28T19:31:36.186987",
  "overall_quality": 1.0,
  "avg_latency": 209.41377269735526,
  "total_data_points": 4160,
  "valid_data_points": 4160,
  "data_sources": 4,
  "active_alerts": 1901106,
  "market_signals": 100
}