{
  "timestamp": "2025-08-29T23:44:45.513319",
  "overall_quality": 1.0,
  "avg_latency": 297.6073812314723,
  "total_data_points": 5910,
  "valid_data_points": 5910,
  "data_sources": 4,
  "active_alerts": 2638107,
  "market_signals": 101
}