{
  "timestamp": "2025-08-27T11:36:43.992318",
  "overall_quality": 1.0,
  "avg_latency": 221.9289608967215,
  "total_data_points": 4270,
  "valid_data_points": 4270,
  "data_sources": 4,
  "active_alerts": 1078612,
  "market_signals": 101
}