{
  "timestamp": "2025-08-26T00:18:31.602867",
  "overall_quality": 1.0,
  "avg_latency": 287.43457785198484,
  "total_data_points": 5540,
  "valid_data_points": 5540,
  "data_sources": 4,
  "active_alerts": 174551,
  "market_signals": 104
}