{
  "timestamp": "2025-08-28T03:08:30.401902",
  "overall_quality": 1.0,
  "avg_latency": 271.1889315619399,
  "total_data_points": 5360,
  "valid_data_points": 5360,
  "data_sources": 4,
  "active_alerts": 1480542,
  "market_signals": 100
}