{
  "timestamp": "2025-08-29T00:09:41.406862",
  "overall_quality": 1.0,
  "avg_latency": 151.3264198711918,
  "total_data_points": 3020,
  "valid_data_points": 3020,
  "data_sources": 4,
  "active_alerts": 2024528,
  "market_signals": 102
}