{
  "timestamp": "2025-08-29T14:08:55.603592",
  "overall_quality": 1.0,
  "avg_latency": 275.2554156432084,
  "total_data_points": 5300,
  "valid_data_points": 5300,
  "data_sources": 4,
  "active_alerts": 2389627,
  "market_signals": 102
}