{
  "timestamp": "2025-08-29T13:40:52.877805",
  "overall_quality": 1.0,
  "avg_latency": 184.24884710860326,
  "total_data_points": 3545,
  "valid_data_points": 3545,
  "data_sources": 4,
  "active_alerts": 2377654,
  "market_signals": 101
}