{
  "timestamp": "2025-08-29T07:06:50.477752",
  "overall_quality": 1.0,
  "avg_latency": 215.3231864945882,
  "total_data_points": 4250,
  "valid_data_points": 4250,
  "data_sources": 4,
  "active_alerts": 2208689,
  "market_signals": 102
}