{
  "timestamp": "2025-08-30T06:40:53.590559",
  "overall_quality": 1.0,
  "avg_latency": 181.00717105000044,
  "total_data_points": 3600,
  "valid_data_points": 3600,
  "data_sources": 4,
  "active_alerts": 2820340,
  "market_signals": 101
}