{
  "timestamp": "2025-08-28T18:20:34.875210",
  "overall_quality": 1.0,
  "avg_latency": 178.54126106123567,
  "total_data_points": 3560,
  "valid_data_points": 3560,
  "data_sources": 4,
  "active_alerts": 1870192,
  "market_signals": 101
}