{
  "timestamp": "2025-08-25T23:21:48.209308",
  "overall_quality": 1.0,
  "avg_latency": 236.30501319758247,
  "total_data_points": 4550,
  "valid_data_points": 4550,
  "data_sources": 4,
  "active_alerts": 150164,
  "market_signals": 104
}