{
  "timestamp": "2025-08-27T18:00:50.479432",
  "overall_quality": 1.0,
  "avg_latency": 192.92582213935296,
  "total_data_points": 3710,
  "valid_data_points": 3710,
  "data_sources": 4,
  "active_alerts": 1242689,
  "market_signals": 101
}