{
  "timestamp": "2025-08-30T01:15:47.353776",
  "overall_quality": 1.0,
  "avg_latency": 178.07540079887283,
  "total_data_points": 3550,
  "valid_data_points": 3550,
  "data_sources": 4,
  "active_alerts": 2678359,
  "market_signals": 101
}