{
  "timestamp": "2025-08-26T06:17:36.643026",
  "overall_quality": 1.0,
  "avg_latency": 258.0903691657952,
  "total_data_points": 4970,
  "valid_data_points": 4970,
  "data_sources": 4,
  "active_alerts": 325439,
  "market_signals": 100
}