{
  "timestamp": "2025-08-27T03:19:56.943437",
  "overall_quality": 1.0,
  "avg_latency": 170.76165226615868,
  "total_data_points": 3280,
  "valid_data_points": 3280,
  "data_sources": 4,
  "active_alerts": 864671,
  "market_signals": 100
}