{
  "timestamp": "2025-08-27T05:47:50.711196",
  "overall_quality": 1.0,
  "avg_latency": 256.56529823846085,
  "total_data_points": 4940,
  "valid_data_points": 4940,
  "data_sources": 4,
  "active_alerts": 928298,
  "market_signals": 101
}