{
  "timestamp": "2025-08-29T19:18:30.635764",
  "overall_quality": 1.0,
  "avg_latency": 261.1295902435391,
  "total_data_points": 5030,
  "valid_data_points": 5030,
  "data_sources": 4,
  "active_alerts": 2521222,
  "market_signals": 100
}