{
  "timestamp": "2025-08-26T20:39:43.351198",
  "overall_quality": 1.0,
  "avg_latency": 166.31385405781214,
  "total_data_points": 3200,
  "valid_data_points": 3200,
  "data_sources": 4,
  "active_alerts": 694377,
  "market_signals": 101
}