{
  "timestamp": "2025-08-27T19:06:32.224043",
  "overall_quality": 1.0,
  "avg_latency": 213.46082159591114,
  "total_data_points": 4108,
  "valid_data_points": 4108,
  "data_sources": 4,
  "active_alerts": 1270668,
  "market_signals": 101
}