{
  "timestamp": "2025-08-28T03:48:33.035637",
  "overall_quality": 1.0,
  "avg_latency": 272.0208825274813,
  "total_data_points": 5240,
  "valid_data_points": 5240,
  "data_sources": 4,
  "active_alerts": 1497973,
  "market_signals": 101
}