{
  "timestamp": "2025-08-30T03:14:49.681369",
  "overall_quality": 1.0,
  "avg_latency": 299.3740914489943,
  "total_data_points": 5960,
  "valid_data_points": 5960,
  "data_sources": 4,
  "active_alerts": 2730348,
  "market_signals": 102
}