{
  "timestamp": "2025-08-28T21:39:38.515869",
  "overall_quality": 1.0,
  "avg_latency": 150.51081712066664,
  "total_data_points": 3000,
  "valid_data_points": 3000,
  "data_sources": 4,
  "active_alerts": 1957677,
  "market_signals": 101
}