{
  "timestamp": "2025-08-26T05:02:52.789468",
  "overall_quality": 1.0,
  "avg_latency": 266.5686960840148,
  "total_data_points": 5130,
  "valid_data_points": 5130,
  "data_sources": 4,
  "active_alerts": 293636,
  "market_signals": 100
}