{
  "timestamp": "2025-08-25T19:54:34.041435",
  "overall_quality": 1.0,
  "avg_latency": 170.37991884769212,
  "total_data_points": 3250,
  "valid_data_points": 3250,
  "data_sources": 4,
  "active_alerts": 61792,
  "market_signals": 101
}