{
  "timestamp": "2025-08-28T19:53:36.598912",
  "overall_quality": 1.0,
  "avg_latency": 269.38922299738874,
  "total_data_points": 5360,
  "valid_data_points": 5360,
  "data_sources": 4,
  "active_alerts": 1910611,
  "market_signals": 101
}