{
  "timestamp": "2025-08-26T15:41:46.260216",
  "overall_quality": 1.0,
  "avg_latency": 229.4715064461536,
  "total_data_points": 4420,
  "valid_data_points": 4420,
  "data_sources": 4,
  "active_alerts": 566507,
  "market_signals": 101
}