{
  "timestamp": "2025-08-27T08:21:43.826034",
  "overall_quality": 1.0,
  "avg_latency": 222.77780401561716,
  "total_data_points": 4290,
  "valid_data_points": 4290,
  "data_sources": 4,
  "active_alerts": 994519,
  "market_signals": 101
}