{
  "timestamp": "2025-08-27T11:11:40.463945",
  "overall_quality": 1.0,
  "avg_latency": 220.44184968345172,
  "total_data_points": 4230,
  "valid_data_points": 4230,
  "data_sources": 4,
  "active_alerts": 1067791,
  "market_signals": 101
}