{
  "timestamp": "2025-08-26T14:18:31.958774",
  "overall_quality": 1.0,
  "avg_latency": 283.08260191819807,
  "total_data_points": 5440,
  "valid_data_points": 5440,
  "data_sources": 4,
  "active_alerts": 531101,
  "market_signals": 101
}