{
  "timestamp": "2025-08-26T03:48:38.699458",
  "overall_quality": 1.0,
  "avg_latency": 290.1711875741927,
  "total_data_points": 5580,
  "valid_data_points": 5580,
  "data_sources": 4,
  "active_alerts": 262633,
  "market_signals": 102
}