{
  "timestamp": "2025-08-28T02:11:58.829994",
  "overall_quality": 1.0,
  "avg_latency": 225.90239796017903,
  "total_data_points": 4470,
  "valid_data_points": 4470,
  "data_sources": 4,
  "active_alerts": 1455838,
  "market_signals": 101
}