{
  "timestamp": "2025-08-28T01:19:57.694016",
  "overall_quality": 1.0,
  "avg_latency": 165.37631233201216,
  "total_data_points": 3280,
  "valid_data_points": 3280,
  "data_sources": 4,
  "active_alerts": 1432847,
  "market_signals": 100
}