{
  "timestamp": "2025-08-28T21:29:38.338322",
  "overall_quality": 1.0,
  "avg_latency": 150.17113418561863,
  "total_data_points": 2990,
  "valid_data_points": 2990,
  "data_sources": 4,
  "active_alerts": 1953150,
  "market_signals": 101
}