{
  "timestamp": "2025-08-29T03:54:45.764006",
  "overall_quality": 1.0,
  "avg_latency": 153.75480163213115,
  "total_data_points": 3050,
  "valid_data_points": 3050,
  "data_sources": 4,
  "active_alerts": 2124042,
  "market_signals": 103
}