{
  "timestamp": "2025-08-26T20:51:45.513392",
  "overall_quality": 1.0,
  "avg_latency": 227.1911571708718,
  "total_data_points": 4360,
  "valid_data_points": 4360,
  "data_sources": 4,
  "active_alerts": 699284,
  "market_signals": 102
}