{
  "timestamp": "2025-08-28T23:40:40.912595",
  "overall_quality": 1.0,
  "avg_latency": 181.42723754583332,
  "total_data_points": 3600,
  "valid_data_points": 3600,
  "data_sources": 4,
  "active_alerts": 2011529,
  "market_signals": 101
}