{
  "timestamp": "2025-08-30T07:57:54.928896",
  "overall_quality": 1.0,
  "avg_latency": 241.17615059270804,
  "total_data_points": 4800,
  "valid_data_points": 4800,
  "data_sources": 4,
  "active_alerts": 2854526,
  "market_signals": 105
}