{
  "timestamp": "2025-08-26T22:59:39.109397",
  "overall_quality": 1.0,
  "avg_latency": 163.02552976719724,
  "total_data_points": 3140,
  "valid_data_points": 3140,
  "data_sources": 4,
  "active_alerts": 753532,
  "market_signals": 101
}