{
  "timestamp": "2025-08-29T14:22:57.042413",
  "overall_quality": 1.0,
  "avg_latency": 246.3881905985203,
  "total_data_points": 4730,
  "valid_data_points": 4730,
  "data_sources": 4,
  "active_alerts": 2395737,
  "market_signals": 102
}