{
  "timestamp": "2025-08-28T00:17:56.540986",
  "overall_quality": 1.0,
  "avg_latency": 254.3699186302376,
  "total_data_points": 5060,
  "valid_data_points": 5060,
  "data_sources": 4,
  "active_alerts": 1405219,
  "market_signals": 101
}