{
  "timestamp": "2025-08-28T03:53:33.454256",
  "overall_quality": 1.0,
  "avg_latency": 271.8031680567613,
  "total_data_points": 5250,
  "valid_data_points": 5250,
  "data_sources": 4,
  "active_alerts": 1500099,
  "market_signals": 101
}