{
  "timestamp": "2025-08-30T04:08:50.654260",
  "overall_quality": 1.0,
  "avg_latency": 269.9349378647388,
  "total_data_points": 5360,
  "valid_data_points": 5360,
  "data_sources": 4,
  "active_alerts": 2753334,
  "market_signals": 102
}