{
  "timestamp": "2025-08-28T10:15:38.967132",
  "overall_quality": 1.0,
  "avg_latency": 182.7034393073862,
  "total_data_points": 3520,
  "valid_data_points": 3520,
  "data_sources": 4,
  "active_alerts": 1662325,
  "market_signals": 103
}