{
  "timestamp": "2025-08-29T07:58:53.361010",
  "overall_quality": 1.0,
  "avg_latency": 277.11784237344625,
  "total_data_points": 5310,
  "valid_data_points": 5310,
  "data_sources": 4,
  "active_alerts": 2231271,
  "market_signals": 100
}