{
  "timestamp": "2025-08-27T20:01:40.559788",
  "overall_quality": 1.0,
  "avg_latency": 217.56032369712113,
  "total_data_points": 4170,
  "valid_data_points": 4170,
  "data_sources": 4,
  "active_alerts": 1293841,
  "market_signals": 103
}