{
  "timestamp": "2025-08-29T20:01:34.320583",
  "overall_quality": 1.0,
  "avg_latency": 202.53531951230696,
  "total_data_points": 3900,
  "valid_data_points": 3900,
  "data_sources": 4,
  "active_alerts": 2539734,
  "market_signals": 102
}