{
  "timestamp": "2025-08-28T20:18:37.065551",
  "overall_quality": 1.0,
  "avg_latency": 269.6062993973941,
  "total_data_points": 5370,
  "valid_data_points": 5370,
  "data_sources": 4,
  "active_alerts": 1921588,
  "market_signals": 100
}