{
  "timestamp": "2025-08-30T07:44:54.703536",
  "overall_quality": 1.0,
  "avg_latency": 151.30439224784087,
  "total_data_points": 3010,
  "valid_data_points": 3010,
  "data_sources": 4,
  "active_alerts": 2848602,
  "market_signals": 103
}