{
  "timestamp": "2025-08-26T17:03:32.550273",
  "overall_quality": 1.0,
  "avg_latency": 282.24151120664266,
  "total_data_points": 5420,
  "valid_data_points": 5420,
  "data_sources": 4,
  "active_alerts": 601913,
  "market_signals": 100
}