{
  "timestamp": "2025-08-30T09:06:56.346827",
  "overall_quality": 1.0,
  "avg_latency": 212.08857770497679,
  "total_data_points": 4220,
  "valid_data_points": 4220,
  "data_sources": 4,
  "active_alerts": 2884726,
  "market_signals": 105
}