{
  "timestamp": "2025-08-29T15:31:33.034565",
  "overall_quality": 1.0,
  "avg_latency": 203.44012541224484,
  "total_data_points": 3920,
  "valid_data_points": 3920,
  "data_sources": 4,
  "active_alerts": 2424674,
  "market_signals": 100
}