{
  "timestamp": "2025-08-30T04:32:51.070902",
  "overall_quality": 1.0,
  "avg_latency": 239.86980206289346,
  "total_data_points": 4770,
  "valid_data_points": 4770,
  "data_sources": 4,
  "active_alerts": 2763776,
  "market_signals": 101
}