{
  "timestamp": "2025-08-29T22:03:43.245795",
  "overall_quality": 1.0,
  "avg_latency": 266.7743605212804,
  "total_data_points": 5310,
  "valid_data_points": 5310,
  "data_sources": 4,
  "active_alerts": 2592370,
  "market_signals": 102
}