{
  "timestamp": "2025-08-29T23:19:45.041224",
  "overall_quality": 1.0,
  "avg_latency": 297.3456251922292,
  "total_data_points": 5920,
  "valid_data_points": 5920,
  "data_sources": 4,
  "active_alerts": 2627149,
  "market_signals": 101
}