{
  "timestamp": "2025-08-28T02:02:58.597840",
  "overall_quality": 1.0,
  "avg_latency": 255.399301166273,
  "total_data_points": 5070,
  "valid_data_points": 5070,
  "data_sources": 4,
  "active_alerts": 1451896,
  "market_signals": 101
}