{
  "timestamp": "2025-08-25T21:43:57.877841",
  "overall_quality": 1.0,
  "avg_latency": 151.97054730208325,
  "total_data_points": 2880,
  "valid_data_points": 2880,
  "data_sources": 4,
  "active_alerts": 108224,
  "market_signals": 104
}