{
  "timestamp": "2025-08-28T09:14:34.303821",
  "overall_quality": 1.0,
  "avg_latency": 150.8330371845364,
  "total_data_points": 2910,
  "valid_data_points": 2910,
  "data_sources": 4,
  "active_alerts": 1636709,
  "market_signals": 101
}