{
  "timestamp": "2025-08-28T17:01:30.541534",
  "overall_quality": 1.0,
  "avg_latency": 207.00364731758768,
  "total_data_points": 3980,
  "valid_data_points": 3980,
  "data_sources": 4,
  "active_alerts": 1836854,
  "market_signals": 103
}