{
  "timestamp": "2025-08-29T06:39:49.538519",
  "overall_quality": 1.0,
  "avg_latency": 154.65219610553766,
  "total_data_points": 3070,
  "valid_data_points": 3070,
  "data_sources": 4,
  "active_alerts": 2196625,
  "market_signals": 102
}