{
  "timestamp": "2025-08-26T23:12:42.165564",
  "overall_quality": 1.0,
  "avg_latency": 254.67724111448968,
  "total_data_points": 4900,
  "valid_data_points": 4900,
  "data_sources": 4,
  "active_alerts": 759021,
  "market_signals": 100
}