{
  "timestamp": "2025-08-27T11:09:40.156120",
  "overall_quality": 1.0,
  "avg_latency": 160.00163709967552,
  "total_data_points": 3080,
  "valid_data_points": 3080,
  "data_sources": 4,
  "active_alerts": 1066933,
  "market_signals": 102
}