{
  "timestamp": "2025-08-30T02:59:49.416212",
  "overall_quality": 1.0,
  "avg_latency": 299.4504841342865,
  "total_data_points": 5950,
  "valid_data_points": 5950,
  "data_sources": 4,
  "active_alerts": 2724102,
  "market_signals": 103
}