{
  "timestamp": "2025-08-28T06:38:49.906946",
  "overall_quality": 1.0,
  "avg_latency": 279.5670000573282,
  "total_data_points": 5390,
  "valid_data_points": 5390,
  "data_sources": 4,
  "active_alerts": 1570661,
  "market_signals": 103
}