{
  "timestamp": "2025-08-28T19:41:36.375186",
  "overall_quality": 1.0,
  "avg_latency": 209.65236979568348,
  "total_data_points": 4170,
  "valid_data_points": 4170,
  "data_sources": 4,
  "active_alerts": 1905407,
  "market_signals": 101
}