{
  "timestamp": "2025-08-28T15:29:52.722353",
  "overall_quality": 1.0,
  "avg_latency": 158.70583133442616,
  "total_data_points": 3050,
  "valid_data_points": 3050,
  "data_sources": 4,
  "active_alerts": 1797350,
  "market_signals": 101
}