{
  "timestamp": "2025-08-29T19:11:59.746295",
  "overall_quality": 1.0,
  "avg_latency": 215.52037799253043,
  "total_data_points": 4150,
  "valid_data_points": 4150,
  "data_sources": 4,
  "active_alerts": 2518432,
  "market_signals": 103
}