{
  "timestamp": "2025-08-28T21:25:38.255272",
  "overall_quality": 1.0,
  "avg_latency": 180.542166294707,
  "total_data_points": 3590,
  "valid_data_points": 3590,
  "data_sources": 4,
  "active_alerts": 1951255,
  "market_signals": 101
}