{
  "timestamp": "2025-08-25T19:13:55.687163",
  "overall_quality": 1.0,
  "avg_latency": 151.4089888206893,
  "total_data_points": 2900,
  "valid_data_points": 2900,
  "data_sources": 4,
  "active_alerts": 44578,
  "market_signals": 102
}