{
  "timestamp": "2025-08-27T06:18:55.182891",
  "overall_quality": 1.0,
  "avg_latency": 289.0667977487408,
  "total_data_points": 5560,
  "valid_data_points": 5560,
  "data_sources": 4,
  "active_alerts": 942073,
  "market_signals": 102
}