{
  "timestamp": "2025-08-27T11:42:45.046642",
  "overall_quality": 1.0,
  "avg_latency": 252.15659854907173,
  "total_data_points": 4850,
  "valid_data_points": 4850,
  "data_sources": 4,
  "active_alerts": 1081278,
  "market_signals": 100
}