{
  "timestamp": "2025-08-28T01:01:57.349605",
  "overall_quality": 1.0,
  "avg_latency": 225.1159699885906,
  "total_data_points": 4470,
  "valid_data_points": 4470,
  "data_sources": 4,
  "active_alerts": 1424956,
  "market_signals": 101
}