{
  "timestamp": "2025-08-25T17:58:52.581658",
  "overall_quality": 1.0,
  "avg_latency": 150.2721189200669,
  "total_data_points": 2990,
  "valid_data_points": 2990,
  "data_sources": 4,
  "active_alerts": 10873,
  "market_signals": 104
}