{
  "timestamp": "2025-08-26T11:25:31.214355",
  "overall_quality": 1.0,
  "avg_latency": 194.23782753056298,
  "total_data_points": 3730,
  "valid_data_points": 3730,
  "data_sources": 4,
  "active_alerts": 457833,
  "market_signals": 102
}