{
  "timestamp": "2025-08-28T18:50:35.419990",
  "overall_quality": 1.0,
  "avg_latency": 179.10301171652702,
  "total_data_points": 3570,
  "valid_data_points": 3570,
  "data_sources": 4,
  "active_alerts": 1883506,
  "market_signals": 102
}