{
  "timestamp": "2025-08-27T09:38:55.594672",
  "overall_quality": 1.0,
  "avg_latency": 288.5816552301443,
  "total_data_points": 5540,
  "valid_data_points": 5540,
  "data_sources": 4,
  "active_alerts": 1027676,
  "market_signals": 102
}