{
  "timestamp": "2025-08-26T22:58:38.886579",
  "overall_quality": 1.0,
  "avg_latency": 283.2597776565137,
  "total_data_points": 5450,
  "valid_data_points": 5450,
  "data_sources": 4,
  "active_alerts": 753129,
  "market_signals": 100
}