{
  "timestamp": "2025-08-26T05:18:56.300775",
  "overall_quality": 1.0,
  "avg_latency": 298.1588980682925,
  "total_data_points": 5740,
  "valid_data_points": 5740,
  "data_sources": 4,
  "active_alerts": 300563,
  "market_signals": 100
}