{
  "timestamp": "2025-08-26T18:51:53.189568",
  "overall_quality": 1.0,
  "avg_latency": 231.6486956586511,
  "total_data_points": 4450,
  "valid_data_points": 4450,
  "data_sources": 4,
  "active_alerts": 648141,
  "market_signals": 101
}