{
  "timestamp": "2025-08-25T22:26:39.078422",
  "overall_quality": 1.0,
  "avg_latency": 231.91817486076286,
  "total_data_points": 4460,
  "valid_data_points": 4460,
  "data_sources": 4,
  "active_alerts": 126132,
  "market_signals": 100
}