{
  "timestamp": "2025-08-27T02:17:45.028365",
  "overall_quality": 1.0,
  "avg_latency": 254.8881401344195,
  "total_data_points": 4910,
  "valid_data_points": 4910,
  "data_sources": 4,
  "active_alerts": 838070,
  "market_signals": 103
}