{
  "timestamp": "2025-08-27T02:09:43.577372",
  "overall_quality": 1.0,
  "avg_latency": 164.69773816886803,
  "total_data_points": 3180,
  "valid_data_points": 3180,
  "data_sources": 4,
  "active_alerts": 834679,
  "market_signals": 101
}