{
  "timestamp": "2025-08-30T07:34:54.533569",
  "overall_quality": 1.0,
  "avg_latency": 151.45951025016592,
  "total_data_points": 3010,
  "valid_data_points": 3010,
  "data_sources": 4,
  "active_alerts": 2843867,
  "market_signals": 102
}