{
  "timestamp": "2025-08-26T06:48:42.639079",
  "overall_quality": 1.0,
  "avg_latency": 290.71446309857134,
  "total_data_points": 5600,
  "valid_data_points": 5600,
  "data_sources": 4,
  "active_alerts": 338509,
  "market_signals": 100
}