{
  "timestamp": "2025-08-26T11:57:36.741375",
  "overall_quality": 1.0,
  "avg_latency": 255.88425644604413,
  "total_data_points": 4930,
  "valid_data_points": 4930,
  "data_sources": 4,
  "active_alerts": 471487,
  "market_signals": 100
}