{
  "timestamp": "2025-08-27T02:18:45.110683",
  "overall_quality": 1.0,
  "avg_latency": 284.83096919034654,
  "total_data_points": 5490,
  "valid_data_points": 5490,
  "data_sources": 4,
  "active_alerts": 838484,
  "market_signals": 101
}