{
  "timestamp": "2025-08-25T20:22:39.313469",
  "overall_quality": 1.0,
  "avg_latency": 262.9490641936374,
  "total_data_points": 5030,
  "valid_data_points": 5030,
  "data_sources": 4,
  "active_alerts": 73634,
  "market_signals": 100
}