{
  "timestamp": "2025-08-26T21:28:52.152533",
  "overall_quality": 1.0,
  "avg_latency": 290.28281480125185,
  "total_data_points": 5590,
  "valid_data_points": 5590,
  "data_sources": 4,
  "active_alerts": 715207,
  "market_signals": 101
}