{
  "timestamp": "2025-08-26T17:48:39.605438",
  "overall_quality": 1.0,
  "avg_latency": 284.96357386295574,
  "total_data_points": 5480,
  "valid_data_points": 5480,
  "data_sources": 4,
  "active_alerts": 621473,
  "market_signals": 101
}