{
  "timestamp": "2025-08-26T05:09:54.470339",
  "overall_quality": 1.0,
  "avg_latency": 177.47581337719305,
  "total_data_points": 3420,
  "valid_data_points": 3420,
  "data_sources": 4,
  "active_alerts": 296646,
  "market_signals": 101
}