{
  "timestamp": "2025-08-29T17:21:45.628082",
  "overall_quality": 1.0,
  "avg_latency": 209.64938511861033,
  "total_data_points": 4030,
  "valid_data_points": 4030,
  "data_sources": 4,
  "active_alerts": 2470966,
  "market_signals": 101
}