{
  "timestamp": "2025-08-26T08:16:58.312588",
  "overall_quality": 1.0,
  "avg_latency": 238.50769673558898,
  "total_data_points": 4580,
  "valid_data_points": 4580,
  "data_sources": 4,
  "active_alerts": 377050,
  "market_signals": 100
}