{
  "timestamp": "2025-08-28T00:33:56.843778",
  "overall_quality": 1.0,
  "avg_latency": 284.19474779275663,
  "total_data_points": 5660,
  "valid_data_points": 5660,
  "data_sources": 4,
  "active_alerts": 1412387,
  "market_signals": 102
}