{
  "timestamp": "2025-08-28T20:56:37.742939",
  "overall_quality": 1.0,
  "avg_latency": 210.5826183882768,
  "total_data_points": 4180,
  "valid_data_points": 4180,
  "data_sources": 4,
  "active_alerts": 1938135,
  "market_signals": 101
}