{
  "timestamp": "2025-08-29T01:03:42.421916",
  "overall_quality": 1.0,
  "avg_latency": 271.76432142236604,
  "total_data_points": 5410,
  "valid_data_points": 5410,
  "data_sources": 4,
  "active_alerts": 2048747,
  "market_signals": 103
}