{
  "timestamp": "2025-08-27T08:25:44.321062",
  "overall_quality": 1.0,
  "avg_latency": 192.74767142668455,
  "total_data_points": 3710,
  "valid_data_points": 3710,
  "data_sources": 4,
  "active_alerts": 996160,
  "market_signals": 102
}