{
  "timestamp": "2025-08-30T03:23:49.827118",
  "overall_quality": 1.0,
  "avg_latency": 269.4932701259324,
  "total_data_points": 5360,
  "valid_data_points": 5360,
  "data_sources": 4,
  "active_alerts": 2734254,
  "market_signals": 101
}