{
  "timestamp": "2025-08-27T04:06:35.036190",
  "overall_quality": 1.0,
  "avg_latency": 219.61950356713874,
  "total_data_points": 4230,
  "valid_data_points": 4230,
  "data_sources": 4,
  "active_alerts": 884489,
  "market_signals": 100
}