{
  "timestamp": "2025-08-26T02:44:57.431722",
  "overall_quality": 1.0,
  "avg_latency": 179.69874948670534,
  "total_data_points": 3460,
  "valid_data_points": 3460,
  "data_sources": 4,
  "active_alerts": 235848,
  "market_signals": 104
}