{
  "timestamp": "2025-08-27T04:13:36.233024",
  "overall_quality": 1.0,
  "avg_latency": 279.8911586782931,
  "total_data_points": 5390,
  "valid_data_points": 5390,
  "data_sources": 4,
  "active_alerts": 887424,
  "market_signals": 103
}