{
  "timestamp": "2025-08-28T21:26:38.275665",
  "overall_quality": 1.0,
  "avg_latency": 210.40211720047722,
  "total_data_points": 4190,
  "valid_data_points": 4190,
  "data_sources": 4,
  "active_alerts": 1951737,
  "market_signals": 100
}