{
  "timestamp": "2025-08-27T19:05:32.162440",
  "overall_quality": 1.0,
  "avg_latency": 183.567143193594,
  "total_data_points": 3528,
  "valid_data_points": 3528,
  "data_sources": 4,
  "active_alerts": 1270193,
  "market_signals": 102
}