{
  "timestamp": "2025-08-26T21:44:55.278537",
  "overall_quality": 1.0,
  "avg_latency": 171.6956076229614,
  "total_data_points": 3310,
  "valid_data_points": 3310,
  "data_sources": 4,
  "active_alerts": 722032,
  "market_signals": 103
}