{
  "timestamp": "2025-08-28T21:46:38.621929",
  "overall_quality": 1.0,
  "avg_latency": 210.5730875863637,
  "total_data_points": 4180,
  "valid_data_points": 4180,
  "data_sources": 4,
  "active_alerts": 1960831,
  "market_signals": 101
}