{
  "timestamp": "2025-08-29T09:36:31.189817",
  "overall_quality": 1.0,
  "avg_latency": 204.81955036768446,
  "total_data_points": 3930,
  "valid_data_points": 3930,
  "data_sources": 4,
  "active_alerts": 2273090,
  "market_signals": 105
}