{
  "timestamp": "2025-08-27T17:22:44.867972",
  "overall_quality": 1.0,
  "avg_latency": 250.21135555352726,
  "total_data_points": 4820,
  "valid_data_points": 4820,
  "data_sources": 4,
  "active_alerts": 1226133,
  "market_signals": 101
}