{
  "timestamp": "2025-08-26T14:35:35.460059",
  "overall_quality": 1.0,
  "avg_latency": 194.6199593565332,
  "total_data_points": 3750,
  "valid_data_points": 3750,
  "data_sources": 4,
  "active_alerts": 538735,
  "market_signals": 102
}