{
  "timestamp": "2025-08-27T13:13:30.953920",
  "overall_quality": 1.0,
  "avg_latency": 274.9636733775037,
  "total_data_points": 5290,
  "valid_data_points": 5290,
  "data_sources": 4,
  "active_alerts": 1119925,
  "market_signals": 101
}