{
  "timestamp": "2025-08-26T15:43:46.619135",
  "overall_quality": 1.0,
  "avg_latency": 289.5823596378143,
  "total_data_points": 5580,
  "valid_data_points": 5580,
  "data_sources": 4,
  "active_alerts": 567412,
  "market_signals": 101
}