{
  "timestamp": "2025-08-28T10:34:40.164858",
  "overall_quality": 1.0,
  "avg_latency": 153.13769407288117,
  "total_data_points": 2950,
  "valid_data_points": 2950,
  "data_sources": 4,
  "active_alerts": 1670249,
  "market_signals": 102
}