{
  "timestamp": "2025-08-30T01:07:47.170136",
  "overall_quality": 1.0,
  "avg_latency": 238.53137617974585,
  "total_data_points": 4740,
  "valid_data_points": 4740,
  "data_sources": 4,
  "active_alerts": 2674854,
  "market_signals": 101
}