{
  "timestamp": "2025-08-29T06:13:48.826425",
  "overall_quality": 1.0,
  "avg_latency": 274.71136257472506,
  "total_data_points": 5460,
  "valid_data_points": 5460,
  "data_sources": 4,
  "active_alerts": 2184773,
  "market_signals": 101
}