{
  "timestamp": "2025-08-29T07:24:51.030543",
  "overall_quality": 1.0,
  "avg_latency": 155.53438195211714,
  "total_data_points": 3070,
  "valid_data_points": 3070,
  "data_sources": 4,
  "active_alerts": 2216354,
  "market_signals": 100
}