{
  "timestamp": "2025-08-27T14:57:47.185124",
  "overall_quality": 1.0,
  "avg_latency": 252.76333630453607,
  "total_data_points": 4850,
  "valid_data_points": 4850,
  "data_sources": 4,
  "active_alerts": 1164496,
  "market_signals": 100
}