{
  "timestamp": "2025-08-27T05:15:46.631476",
  "overall_quality": 1.0,
  "avg_latency": 195.1665607736696,
  "total_data_points": 3760,
  "valid_data_points": 3760,
  "data_sources": 4,
  "active_alerts": 914077,
  "market_signals": 101
}