{
  "timestamp": "2025-08-30T01:16:47.375002",
  "overall_quality": 1.0,
  "avg_latency": 208.4195171927535,
  "total_data_points": 4140,
  "valid_data_points": 4140,
  "data_sources": 4,
  "active_alerts": 2678816,
  "market_signals": 100
}