{
  "timestamp": "2025-08-27T08:30:45.344966",
  "overall_quality": 1.0,
  "avg_latency": 193.69124875618306,
  "total_data_points": 3720,
  "valid_data_points": 3720,
  "data_sources": 4,
  "active_alerts": 998301,
  "market_signals": 102
}