{
  "timestamp": "2025-08-28T20:25:37.190686",
  "overall_quality": 1.0,
  "avg_latency": 179.87503839691908,
  "total_data_points": 3570,
  "valid_data_points": 3570,
  "data_sources": 4,
  "active_alerts": 1924451,
  "market_signals": 102
}