{
  "timestamp": "2025-08-26T18:48:52.566001",
  "overall_quality": 1.0,
  "avg_latency": 291.1179845028581,
  "total_data_points": 5600,
  "valid_data_points": 5600,
  "data_sources": 4,
  "active_alerts": 646923,
  "market_signals": 102
}