{
  "timestamp": "2025-08-28T03:54:33.474977",
  "overall_quality": 1.0,
  "avg_latency": 151.49024536531994,
  "total_data_points": 2970,
  "valid_data_points": 2970,
  "data_sources": 4,
  "active_alerts": 1500485,
  "market_signals": 100
}