{
  "timestamp": "2025-08-29T22:27:43.896794",
  "overall_quality": 1.0,
  "avg_latency": 236.88826972547767,
  "total_data_points": 4710,
  "valid_data_points": 4710,
  "data_sources": 4,
  "active_alerts": 2603650,
  "market_signals": 102
}