{
  "timestamp": "2025-08-29T22:12:43.620286",
  "overall_quality": 1.0,
  "avg_latency": 236.8529828628455,
  "total_data_points": 4710,
  "valid_data_points": 4710,
  "data_sources": 4,
  "active_alerts": 2596456,
  "market_signals": 100
}