{
  "timestamp": "2025-08-26T19:15:57.203513",
  "overall_quality": 1.0,
  "avg_latency": 203.93657099438803,
  "total_data_points": 3920,
  "valid_data_points": 3920,
  "data_sources": 4,
  "active_alerts": 658347,
  "market_signals": 101
}