{
  "timestamp": "2025-08-29T07:32:51.275527",
  "overall_quality": 1.0,
  "avg_latency": 245.68302742915813,
  "total_data_points": 4870,
  "valid_data_points": 4870,
  "data_sources": 4,
  "active_alerts": 2219813,
  "market_signals": 100
}