{
  "timestamp": "2025-08-28T09:43:36.329553",
  "overall_quality": 1.0,
  "avg_latency": 272.086726252,
  "total_data_points": 5250,
  "valid_data_points": 5250,
  "data_sources": 4,
  "active_alerts": 1648989,
  "market_signals": 101
}