{
  "timestamp": "2025-08-27T00:52:30.307593",
  "overall_quality": 1.0,
  "avg_latency": 248.39709814811798,
  "total_data_points": 4780,
  "valid_data_points": 4780,
  "data_sources": 4,
  "active_alerts": 801227,
  "market_signals": 101
}