{
  "timestamp": "2025-08-29T23:00:44.610108",
  "overall_quality": 1.0,
  "avg_latency": 177.27336642209622,
  "total_data_points": 3530,
  "valid_data_points": 3530,
  "data_sources": 4,
  "active_alerts": 2618564,
  "market_signals": 102
}