{
  "timestamp": "2025-08-28T23:26:40.660934",
  "overall_quality": 1.0,
  "avg_latency": 211.39965719430003,
  "total_data_points": 4210,
  "valid_data_points": 4210,
  "data_sources": 4,
  "active_alerts": 2005371,
  "market_signals": 101
}