{
  "timestamp": "2025-08-25T20:30:41.167251",
  "overall_quality": 1.0,
  "avg_latency": 204.13404457660715,
  "total_data_points": 3890,
  "valid_data_points": 3890,
  "data_sources": 4,
  "active_alerts": 77199,
  "market_signals": 102
}