{
  "timestamp": "2025-08-28T15:00:49.847111",
  "overall_quality": 1.0,
  "avg_latency": 187.24803845749983,
  "total_data_points": 3600,
  "valid_data_points": 3600,
  "data_sources": 4,
  "active_alerts": 1785177,
  "market_signals": 101
}