{
  "timestamp": "2025-08-28T07:46:55.907851",
  "overall_quality": 1.0,
  "avg_latency": 221.78408752786845,
  "total_data_points": 4270,
  "valid_data_points": 4270,
  "data_sources": 4,
  "active_alerts": 1599261,
  "market_signals": 100
}