{
  "timestamp": "2025-08-26T16:01:50.086617",
  "overall_quality": 1.0,
  "avg_latency": 231.17470792927844,
  "total_data_points": 4440,
  "valid_data_points": 4440,
  "data_sources": 4,
  "active_alerts": 575051,
  "market_signals": 102
}