{
  "timestamp": "2025-08-28T17:17:31.825371",
  "overall_quality": 1.0,
  "avg_latency": 238.16169628533933,
  "total_data_points": 4570,
  "valid_data_points": 4570,
  "data_sources": 4,
  "active_alerts": 1843520,
  "market_signals": 100
}