{
  "timestamp": "2025-08-26T15:49:47.669956",
  "overall_quality": 1.0,
  "avg_latency": 169.99222206727873,
  "total_data_points": 3270,
  "valid_data_points": 3270,
  "data_sources": 4,
  "active_alerts": 570074,
  "market_signals": 100
}