{
  "timestamp": "2025-08-26T06:11:35.989629",
  "overall_quality": 1.0,
  "avg_latency": 227.75582989840123,
  "total_data_points": 4380,
  "valid_data_points": 4380,
  "data_sources": 4,
  "active_alerts": 322807,
  "market_signals": 101
}