{
  "timestamp": "2025-08-29T22:10:43.579846",
  "overall_quality": 1.0,
  "avg_latency": 176.6585937806815,
  "total_data_points": 3520,
  "valid_data_points": 3520,
  "data_sources": 4,
  "active_alerts": 2595643,
  "market_signals": 103
}