{
  "timestamp": "2025-08-28T18:16:34.791236",
  "overall_quality": 1.0,
  "avg_latency": 209.06924395841327,
  "total_data_points": 4160,
  "valid_data_points": 4160,
  "data_sources": 4,
  "active_alerts": 1868520,
  "market_signals": 102
}