{
  "timestamp": "2025-08-26T18:35:49.186640",
  "overall_quality": 1.0,
  "avg_latency": 200.08884603125043,
  "total_data_points": 3840,
  "valid_data_points": 3840,
  "data_sources": 4,
  "active_alerts": 641335,
  "market_signals": 103
}