{
  "timestamp": "2025-08-27T10:20:32.464494",
  "overall_quality": 1.0,
  "avg_latency": 186.75715681726965,
  "total_data_points": 3590,
  "valid_data_points": 3590,
  "data_sources": 4,
  "active_alerts": 1045552,
  "market_signals": 103
}