{
  "timestamp": "2025-08-27T17:02:41.266784",
  "overall_quality": 1.0,
  "avg_latency": 248.92952592510392,
  "total_data_points": 4780,
  "valid_data_points": 4780,
  "data_sources": 4,
  "active_alerts": 1218014,
  "market_signals": 100
}