{
  "timestamp": "2025-08-28T11:54:45.850285",
  "overall_quality": 1.0,
  "avg_latency": 155.50726295612913,
  "total_data_points": 3100,
  "valid_data_points": 3100,
  "data_sources": 4,
  "active_alerts": 1704014,
  "market_signals": 100
}