{
  "timestamp": "2025-08-27T02:41:49.364264",
  "overall_quality": 1.0,
  "avg_latency": 226.94405921121245,
  "total_data_points": 4370,
  "valid_data_points": 4370,
  "data_sources": 4,
  "active_alerts": 848070,
  "market_signals": 100
}