{
  "timestamp": "2025-08-25T17:38:52.037231",
  "overall_quality": 1.0,
  "avg_latency": 149.73666920838934,
  "total_data_points": 2980,
  "valid_data_points": 2980,
  "data_sources": 4,
  "active_alerts": 2029,
  "market_signals": 102
}