{
  "timestamp": "2025-08-26T21:11:49.039789",
  "overall_quality": 1.0,
  "avg_latency": 229.1203963081817,
  "total_data_points": 4400,
  "valid_data_points": 4400,
  "data_sources": 4,
  "active_alerts": 707984,
  "market_signals": 101
}