{
  "timestamp": "2025-08-26T07:28:49.512110",
  "overall_quality": 1.0,
  "avg_latency": 294.3941231598227,
  "total_data_points": 5650,
  "valid_data_points": 5650,
  "data_sources": 4,
  "active_alerts": 355903,
  "market_signals": 100
}