{
  "timestamp": "2025-08-27T01:09:33.678624",
  "overall_quality": 1.0,
  "avg_latency": 159.9981804214983,
  "total_data_points": 3070,
  "valid_data_points": 3070,
  "data_sources": 4,
  "active_alerts": 808788,
  "market_signals": 102
}