{
  "timestamp": "2025-08-27T16:21:33.678305",
  "overall_quality": 1.0,
  "avg_latency": 214.66655727602873,
  "total_data_points": 4130,
  "valid_data_points": 4130,
  "data_sources": 4,
  "active_alerts": 1200532,
  "market_signals": 101
}