{
  "timestamp": "2025-08-26T15:39:45.780046",
  "overall_quality": 1.0,
  "avg_latency": 169.24620525705538,
  "total_data_points": 3260,
  "valid_data_points": 3260,
  "data_sources": 4,
  "active_alerts": 565780,
  "market_signals": 101
}