{
  "timestamp": "2025-08-30T02:06:48.435271",
  "overall_quality": 1.0,
  "avg_latency": 208.83417725889407,
  "total_data_points": 4160,
  "valid_data_points": 4160,
  "data_sources": 4,
  "active_alerts": 2700606,
  "market_signals": 101
}