{
  "timestamp": "2025-08-29T05:25:47.697286",
  "overall_quality": 1.0,
  "avg_latency": 184.20120537568317,
  "total_data_points": 3660,
  "valid_data_points": 3660,
  "data_sources": 4,
  "active_alerts": 2163780,
  "market_signals": 103
}