{
  "timestamp": "2025-08-26T08:33:31.596858",
  "overall_quality": 1.0,
  "avg_latency": 284.6188457812038,
  "total_data_points": 5480,
  "valid_data_points": 5480,
  "data_sources": 4,
  "active_alerts": 383992,
  "market_signals": 102
}