{
  "timestamp": "2025-08-29T21:58:43.147485",
  "overall_quality": 1.0,
  "avg_latency": 266.9065722213204,
  "total_data_points": 5300,
  "valid_data_points": 5300,
  "data_sources": 4,
  "active_alerts": 2590125,
  "market_signals": 101
}