{
  "timestamp": "2025-08-28T02:36:59.403660",
  "overall_quality": 1.0,
  "avg_latency": 225.68633744464225,
  "total_data_points": 4480,
  "valid_data_points": 4480,
  "data_sources": 4,
  "active_alerts": 1466570,
  "market_signals": 100
}