{
  "timestamp": "2025-08-28T10:38:40.550302",
  "overall_quality": 1.0,
  "avg_latency": 273.4020750374519,
  "total_data_points": 5260,
  "valid_data_points": 5260,
  "data_sources": 4,
  "active_alerts": 1672012,
  "market_signals": 100
}