{
  "timestamp": "2025-08-25T21:17:51.626103",
  "overall_quality": 1.0,
  "avg_latency": 268.7551983523356,
  "total_data_points": 5140,
  "valid_data_points": 5140,
  "data_sources": 4,
  "active_alerts": 97355,
  "market_signals": 101
}