{
  "timestamp": "2025-08-26T07:33:50.312702",
  "overall_quality": 1.0,
  "avg_latency": 294.5107394537919,
  "total_data_points": 5670,
  "valid_data_points": 5670,
  "data_sources": 4,
  "active_alerts": 358205,
  "market_signals": 104
}