{
  "timestamp": "2025-08-27T13:51:36.465872",
  "overall_quality": 1.0,
  "avg_latency": 217.45480119641127,
  "total_data_points": 4180,
  "valid_data_points": 4180,
  "data_sources": 4,
  "active_alerts": 1136008,
  "market_signals": 101
}