{
  "timestamp": "2025-08-27T00:13:54.090084",
  "overall_quality": 1.0,
  "avg_latency": 290.45034684382904,
  "total_data_points": 5590,
  "valid_data_points": 5590,
  "data_sources": 4,
  "active_alerts": 784781,
  "market_signals": 102
}