{
  "timestamp": "2025-08-26T00:12:30.386530",
  "overall_quality": 1.0,
  "avg_latency": 256.9464453224692,
  "total_data_points": 4940,
  "valid_data_points": 4940,
  "data_sources": 4,
  "active_alerts": 172167,
  "market_signals": 100
}