{
  "timestamp": "2025-08-29T05:48:48.227302",
  "overall_quality": 1.0,
  "avg_latency": 274.11569005229325,
  "total_data_points": 5450,
  "valid_data_points": 5450,
  "data_sources": 4,
  "active_alerts": 2174174,
  "market_signals": 102
}