{
  "timestamp": "2025-08-28T15:50:54.642996",
  "overall_quality": 1.0,
  "avg_latency": 189.66108893961714,
  "total_data_points": 3660,
  "valid_data_points": 3660,
  "data_sources": 4,
  "active_alerts": 1806372,
  "market_signals": 101
}