{
  "timestamp": "2025-08-30T05:25:52.146570",
  "overall_quality": 1.0,
  "avg_latency": 180.59841320000032,
  "total_data_points": 3590,
  "valid_data_points": 3590,
  "data_sources": 4,
  "active_alerts": 2787425,
  "market_signals": 100
}