{
  "timestamp": "2025-08-27T08:26:44.618883",
  "overall_quality": 1.0,
  "avg_latency": 222.8512022391609,
  "total_data_points": 4290,
  "valid_data_points": 4290,
  "data_sources": 4,
  "active_alerts": 996605,
  "market_signals": 100
}