{
  "timestamp": "2025-08-27T23:26:55.596638",
  "overall_quality": 1.0,
  "avg_latency": 224.16816820786556,
  "total_data_points": 4450,
  "valid_data_points": 4450,
  "data_sources": 4,
  "active_alerts": 1383190,
  "market_signals": 101
}