{
  "timestamp": "2025-08-27T08:55:48.698487",
  "overall_quality": 1.0,
  "avg_latency": 195.04419522952068,
  "total_data_points": 3760,
  "valid_data_points": 3760,
  "data_sources": 4,
  "active_alerts": 1009246,
  "market_signals": 101
}