{
  "timestamp": "2025-08-26T05:10:54.629023",
  "overall_quality": 1.0,
  "avg_latency": 207.4888735587503,
  "total_data_points": 4000,
  "valid_data_points": 4000,
  "data_sources": 4,
  "active_alerts": 297101,
  "market_signals": 101
}