{
  "timestamp": "2025-08-29T13:00:49.503121",
  "overall_quality": 1.0,
  "avg_latency": 182.7998653951571,
  "total_data_points": 3510,
  "valid_data_points": 3510,
  "data_sources": 4,
  "active_alerts": 2360447,
  "market_signals": 101
}