{
  "timestamp": "2025-08-28T23:35:40.824759",
  "overall_quality": 1.0,
  "avg_latency": 181.48220325512517,
  "total_data_points": 3610,
  "valid_data_points": 3610,
  "data_sources": 4,
  "active_alerts": 2009322,
  "market_signals": 102
}