{
  "timestamp": "2025-08-28T18:40:35.248670",
  "overall_quality": 1.0,
  "avg_latency": 178.90017033146088,
  "total_data_points": 3560,
  "valid_data_points": 3560,
  "data_sources": 4,
  "active_alerts": 1878835,
  "market_signals": 102
}