{
  "timestamp": "2025-08-28T05:08:40.154307",
  "overall_quality": 1.0,
  "avg_latency": 275.0475587284909,
  "total_data_points": 5300,
  "valid_data_points": 5300,
  "data_sources": 4,
  "active_alerts": 1532212,
  "market_signals": 103
}