{
  "timestamp": "2025-08-27T10:29:33.903866",
  "overall_quality": 1.0,
  "avg_latency": 157.2019378039605,
  "total_data_points": 3030,
  "valid_data_points": 3030,
  "data_sources": 4,
  "active_alerts": 1049498,
  "market_signals": 101
}