{
  "timestamp": "2025-08-25T23:35:50.846354",
  "overall_quality": 1.0,
  "avg_latency": 207.6630674145365,
  "total_data_points": 3990,
  "valid_data_points": 3990,
  "data_sources": 4,
  "active_alerts": 156386,
  "market_signals": 102
}