{
  "timestamp": "2025-08-26T15:04:40.136373",
  "overall_quality": 1.0,
  "avg_latency": 166.91481656230485,
  "total_data_points": 3210,
  "valid_data_points": 3210,
  "data_sources": 4,
  "active_alerts": 550989,
  "market_signals": 100
}