{
  "timestamp": "2025-08-28T09:09:33.921073",
  "overall_quality": 1.0,
  "avg_latency": 150.08150675051198,
  "total_data_points": 2930,
  "valid_data_points": 2930,
  "data_sources": 4,
  "active_alerts": 1634422,
  "market_signals": 103
}