{
  "timestamp": "2025-08-29T19:06:59.339987",
  "overall_quality": 1.0,
  "avg_latency": 215.2751995925121,
  "total_data_points": 4140,
  "valid_data_points": 4140,
  "data_sources": 4,
  "active_alerts": 2516260,
  "market_signals": 102
}