{
  "timestamp": "2025-08-30T08:08:55.123637",
  "overall_quality": 1.0,
  "avg_latency": 271.7467400187022,
  "total_data_points": 5400,
  "valid_data_points": 5400,
  "data_sources": 4,
  "active_alerts": 2859668,
  "market_signals": 103
}