{
  "timestamp": "2025-08-26T04:25:45.913644",
  "overall_quality": 1.0,
  "avg_latency": 203.5427880466844,
  "total_data_points": 3920,
  "valid_data_points": 3920,
  "data_sources": 4,
  "active_alerts": 278219,
  "market_signals": 100
}