{
  "timestamp": "2025-08-27T07:25:35.675676",
  "overall_quality": 1.0,
  "avg_latency": 189.0535171922864,
  "total_data_points": 3630,
  "valid_data_points": 3630,
  "data_sources": 4,
  "active_alerts": 970807,
  "market_signals": 101
}