{
  "timestamp": "2025-08-26T07:05:45.115095",
  "overall_quality": 1.0,
  "avg_latency": 201.95854356349662,
  "total_data_points": 3890,
  "valid_data_points": 3890,
  "data_sources": 4,
  "active_alerts": 345859,
  "market_signals": 100
}