{
  "timestamp": "2025-08-28T17:48:34.140645",
  "overall_quality": 1.0,
  "avg_latency": 268.6497969815882,
  "total_data_points": 5160,
  "valid_data_points": 5160,
  "data_sources": 4,
  "active_alerts": 1856675,
  "market_signals": 100
}