{
  "timestamp": "2025-08-28T15:09:51.199478",
  "overall_quality": 1.0,
  "avg_latency": 157.771379073267,
  "total_data_points": 3030,
  "valid_data_points": 3030,
  "data_sources": 4,
  "active_alerts": 1789013,
  "market_signals": 101
}