{
  "timestamp": "2025-08-30T08:44:55.888221",
  "overall_quality": 1.0,
  "avg_latency": 151.71911522682132,
  "total_data_points": 3020,
  "valid_data_points": 3020,
  "data_sources": 4,
  "active_alerts": 2874890,
  "market_signals": 102
}