{
  "timestamp": "2025-08-30T04:11:50.705083",
  "overall_quality": 1.0,
  "avg_latency": 209.708551625358,
  "total_data_points": 4180,
  "valid_data_points": 4180,
  "data_sources": 4,
  "active_alerts": 2754569,
  "market_signals": 102
}