{
  "timestamp": "2025-08-28T01:28:57.883632",
  "overall_quality": 1.0,
  "avg_latency": 284.662616706173,
  "total_data_points": 5670,
  "valid_data_points": 5670,
  "data_sources": 4,
  "active_alerts": 1436725,
  "market_signals": 103
}