{
  "timestamp": "2025-08-28T05:36:43.134639",
  "overall_quality": 1.0,
  "avg_latency": 216.40880613413475,
  "total_data_points": 4160,
  "valid_data_points": 4160,
  "data_sources": 4,
  "active_alerts": 1544354,
  "market_signals": 105
}