{
  "timestamp": "2025-08-27T21:38:52.550304",
  "overall_quality": 1.0,
  "avg_latency": 283.17676567040417,
  "total_data_points": 5440,
  "valid_data_points": 5440,
  "data_sources": 4,
  "active_alerts": 1334877,
  "market_signals": 102
}