{
  "timestamp": "2025-08-27T13:05:59.669129",
  "overall_quality": 1.0,
  "avg_latency": 199.1267519924277,
  "total_data_points": 3830,
  "valid_data_points": 3830,
  "data_sources": 4,
  "active_alerts": 1116472,
  "market_signals": 102
}