{
  "timestamp": "2025-08-28T19:18:35.932702",
  "overall_quality": 1.0,
  "avg_latency": 269.4547724003739,
  "total_data_points": 5350,
  "valid_data_points": 5350,
  "data_sources": 4,
  "active_alerts": 1895418,
  "market_signals": 101
}