{
  "timestamp": "2025-08-27T12:38:55.046114",
  "overall_quality": 1.0,
  "avg_latency": 286.90170310706463,
  "total_data_points": 5520,
  "valid_data_points": 5520,
  "data_sources": 4,
  "active_alerts": 1104795,
  "market_signals": 102
}