{
  "timestamp": "2025-08-27T19:25:34.628563",
  "overall_quality": 1.0,
  "avg_latency": 184.56613807577443,
  "total_data_points": 3550,
  "valid_data_points": 3550,
  "data_sources": 4,
  "active_alerts": 1278871,
  "market_signals": 100
}