{
  "timestamp": "2025-08-28T04:19:35.752787",
  "overall_quality": 1.0,
  "avg_latency": 153.58023557297315,
  "total_data_points": 2960,
  "valid_data_points": 2960,
  "data_sources": 4,
  "active_alerts": 1511015,
  "market_signals": 101
}