{
  "timestamp": "2025-08-29T22:30:43.945741",
  "overall_quality": 1.0,
  "avg_latency": 177.0061930730116,
  "total_data_points": 3520,
  "valid_data_points": 3520,
  "data_sources": 4,
  "active_alerts": 2604998,
  "market_signals": 101
}