{
  "timestamp": "2025-08-28T18:07:34.632624",
  "overall_quality": 1.0,
  "avg_latency": 238.74516200105282,
  "total_data_points": 4750,
  "valid_data_points": 4750,
  "data_sources": 4,
  "active_alerts": 1864962,
  "market_signals": 101
}