{
  "timestamp": "2025-08-26T17:52:40.071633",
  "overall_quality": 1.0,
  "avg_latency": 255.72794398455395,
  "total_data_points": 4920,
  "valid_data_points": 4920,
  "data_sources": 4,
  "active_alerts": 623067,
  "market_signals": 104
}