{
  "timestamp": "2025-08-28T03:23:30.814665",
  "overall_quality": 1.0,
  "avg_latency": 271.02076350558656,
  "total_data_points": 5370,
  "valid_data_points": 5370,
  "data_sources": 4,
  "active_alerts": 1487338,
  "market_signals": 102
}