{
  "timestamp": "2025-08-27T12:55:58.082404",
  "overall_quality": 1.0,
  "avg_latency": 198.13945607565432,
  "total_data_points": 3820,
  "valid_data_points": 3820,
  "data_sources": 4,
  "active_alerts": 1112083,
  "market_signals": 100
}