{
  "timestamp": "2025-08-29T02:03:43.652892",
  "overall_quality": 1.0,
  "avg_latency": 272.1028562690035,
  "total_data_points": 5420,
  "valid_data_points": 5420,
  "data_sources": 4,
  "active_alerts": 2074568,
  "market_signals": 100
}