{
  "timestamp": "2025-08-27T17:59:50.382164",
  "overall_quality": 1.0,
  "avg_latency": 163.0687118977638,
  "total_data_points": 3130,
  "valid_data_points": 3130,
  "data_sources": 4,
  "active_alerts": 1242222,
  "market_signals": 101
}