{
  "timestamp": "2025-08-26T00:29:33.273878",
  "overall_quality": 1.0,
  "avg_latency": 168.19544843549392,
  "total_data_points": 3240,
  "valid_data_points": 3240,
  "data_sources": 4,
  "active_alerts": 178806,
  "market_signals": 101
}