{
  "timestamp": "2025-08-29T11:11:38.886413",
  "overall_quality": 1.0,
  "avg_latency": 207.85067930050025,
  "total_data_points": 4000,
  "valid_data_points": 4000,
  "data_sources": 4,
  "active_alerts": 2313868,
  "market_signals": 102
}