{
  "timestamp": "2025-08-29T11:57:43.124870",
  "overall_quality": 1.0,
  "avg_latency": 240.22893182190887,
  "total_data_points": 4610,
  "valid_data_points": 4610,
  "data_sources": 4,
  "active_alerts": 2333813,
  "market_signals": 100
}