{
  "timestamp": "2025-08-29T01:59:43.568521",
  "overall_quality": 1.0,
  "avg_latency": 152.15958961518163,
  "total_data_points": 3030,
  "valid_data_points": 3030,
  "data_sources": 4,
  "active_alerts": 2072952,
  "market_signals": 101
}