{
  "timestamp": "2025-08-26T08:23:59.202658",
  "overall_quality": 1.0,
  "avg_latency": 298.11192482630867,
  "total_data_points": 5740,
  "valid_data_points": 5740,
  "data_sources": 4,
  "active_alerts": 379759,
  "market_signals": 102
}