{
  "timestamp": "2025-08-25T21:21:52.581988",
  "overall_quality": 1.0,
  "avg_latency": 239.6197784157897,
  "total_data_points": 4560,
  "valid_data_points": 4560,
  "data_sources": 4,
  "active_alerts": 98993,
  "market_signals": 100
}