{
  "timestamp": "2025-08-26T05:14:55.426292",
  "overall_quality": 1.0,
  "avg_latency": 177.96236999912293,
  "total_data_points": 3420,
  "valid_data_points": 3420,
  "data_sources": 4,
  "active_alerts": 298818,
  "market_signals": 102
}