{
  "timestamp": "2025-08-25T23:54:55.487294",
  "overall_quality": 1.0,
  "avg_latency": 179.46279446782614,
  "total_data_points": 3450,
  "valid_data_points": 3450,
  "data_sources": 4,
  "active_alerts": 164414,
  "market_signals": 101
}