{
  "timestamp": "2025-08-30T03:09:49.590303",
  "overall_quality": 1.0,
  "avg_latency": 299.38369990924383,
  "total_data_points": 5950,
  "valid_data_points": 5950,
  "data_sources": 4,
  "active_alerts": 2728306,
  "market_signals": 103
}