{
  "timestamp": "2025-08-26T04:18:44.410306",
  "overall_quality": 1.0,
  "avg_latency": 292.88637126607756,
  "total_data_points": 5660,
  "valid_data_points": 5660,
  "data_sources": 4,
  "active_alerts": 275268,
  "market_signals": 101
}