{
  "timestamp": "2025-08-28T20:04:36.803348",
  "overall_quality": 1.0,
  "avg_latency": 299.93032872181135,
  "total_data_points": 5960,
  "valid_data_points": 5960,
  "data_sources": 4,
  "active_alerts": 1915417,
  "market_signals": 101
}