{
  "timestamp": "2025-08-27T13:45:35.844012",
  "overall_quality": 1.0,
  "avg_latency": 187.60518671333313,
  "total_data_points": 3600,
  "valid_data_points": 3600,
  "data_sources": 4,
  "active_alerts": 1133619,
  "market_signals": 101
}