{
  "timestamp": "2025-08-27T06:26:56.468535",
  "overall_quality": 1.0,
  "avg_latency": 229.50654982375556,
  "total_data_points": 4420,
  "valid_data_points": 4420,
  "data_sources": 4,
  "active_alerts": 945760,
  "market_signals": 100
}