{
  "timestamp": "2025-08-27T23:05:55.194233",
  "overall_quality": 1.0,
  "avg_latency": 193.79696965497573,
  "total_data_points": 3849,
  "valid_data_points": 3849,
  "data_sources": 4,
  "active_alerts": 1373693,
  "market_signals": 102
}