{
  "timestamp": "2025-08-29T09:31:30.779023",
  "overall_quality": 1.0,
  "avg_latency": 204.77317942411182,
  "total_data_points": 3940,
  "valid_data_points": 3940,
  "data_sources": 4,
  "active_alerts": 2270934,
  "market_signals": 103
}