{
  "timestamp": "2025-08-28T05:59:45.682985",
  "overall_quality": 1.0,
  "avg_latency": 157.62266339506542,
  "total_data_points": 3040,
  "valid_data_points": 3040,
  "data_sources": 4,
  "active_alerts": 1554372,
  "market_signals": 101
}