{
  "timestamp": "2025-08-28T11:43:45.610468",
  "overall_quality": 1.0,
  "avg_latency": 275.25334691165517,
  "total_data_points": 5320,
  "valid_data_points": 5320,
  "data_sources": 4,
  "active_alerts": 1699264,
  "market_signals": 100
}