{
  "timestamp": "2025-08-25T22:07:34.921867",
  "overall_quality": 1.0,
  "avg_latency": 259.4981818827937,
  "total_data_points": 4940,
  "valid_data_points": 4940,
  "data_sources": 4,
  "active_alerts": 118202,
  "market_signals": 102
}