{
  "timestamp": "2025-08-27T04:39:40.855959",
  "overall_quality": 1.0,
  "avg_latency": 162.681577152564,
  "total_data_points": 3120,
  "valid_data_points": 3120,
  "data_sources": 4,
  "active_alerts": 898982,
  "market_signals": 101
}