{
  "timestamp": "2025-08-30T05:03:51.701005",
  "overall_quality": 1.0,
  "avg_latency": 270.1895695193322,
  "total_data_points": 5380,
  "valid_data_points": 5380,
  "data_sources": 4,
  "active_alerts": 2777513,
  "market_signals": 101
}