{
  "timestamp": "2025-08-25T20:24:40.045833",
  "overall_quality": 1.0,
  "avg_latency": 173.19421275256795,
  "total_data_points": 3310,
  "valid_data_points": 3310,
  "data_sources": 4,
  "active_alerts": 74438,
  "market_signals": 102
}