{
  "timestamp": "2025-08-28T18:43:35.301352",
  "overall_quality": 1.0,
  "avg_latency": 268.93194759925194,
  "total_data_points": 5350,
  "valid_data_points": 5350,
  "data_sources": 4,
  "active_alerts": 1880233,
  "market_signals": 101
}