{
  "timestamp": "2025-08-27T16:40:37.278894",
  "overall_quality": 1.0,
  "avg_latency": 186.9360223197221,
  "total_data_points": 3600,
  "valid_data_points": 3600,
  "data_sources": 4,
  "active_alerts": 1208451,
  "market_signals": 100
}