{
  "timestamp": "2025-08-28T23:19:40.539200",
  "overall_quality": 1.0,
  "avg_latency": 151.20263811295666,
  "total_data_points": 3010,
  "valid_data_points": 3010,
  "data_sources": 4,
  "active_alerts": 2002187,
  "market_signals": 101
}