{
  "timestamp": "2025-08-29T13:18:51.039869",
  "overall_quality": 1.0,
  "avg_latency": 273.65484381330805,
  "total_data_points": 5260,
  "valid_data_points": 5260,
  "data_sources": 4,
  "active_alerts": 2368253,
  "market_signals": 101
}