{
  "timestamp": "2025-08-25T18:46:54.035860",
  "overall_quality": 1.0,
  "avg_latency": 240.72953578455045,
  "total_data_points": 4790,
  "valid_data_points": 4790,
  "data_sources": 4,
  "active_alerts": 32733,
  "market_signals": 100
}