{
  "timestamp": "2025-08-28T02:49:59.768016",
  "overall_quality": 1.0,
  "avg_latency": 166.1525822844511,
  "total_data_points": 3280,
  "valid_data_points": 3280,
  "data_sources": 4,
  "active_alerts": 1472371,
  "market_signals": 100
}