{
  "timestamp": "2025-08-25T20:39:43.388634",
  "overall_quality": 1.0,
  "avg_latency": 175.24654222544913,
  "total_data_points": 3340,
  "valid_data_points": 3340,
  "data_sources": 4,
  "active_alerts": 80967,
  "market_signals": 102
}