{
  "timestamp": "2025-08-30T03:48:50.255437",
  "overall_quality": 1.0,
  "avg_latency": 269.4026430469267,
  "total_data_points": 5370,
  "valid_data_points": 5370,
  "data_sources": 4,
  "active_alerts": 2745011,
  "market_signals": 102
}