{
  "timestamp": "2025-08-27T20:10:42.551421",
  "overall_quality": 1.0,
  "avg_latency": 188.58476174254093,
  "total_data_points": 3620,
  "valid_data_points": 3620,
  "data_sources": 4,
  "active_alerts": 1297866,
  "market_signals": 100
}