{
  "timestamp": "2025-08-27T03:44:30.944922",
  "overall_quality": 1.0,
  "avg_latency": 157.7619026069306,
  "total_data_points": 3030,
  "valid_data_points": 3030,
  "data_sources": 4,
  "active_alerts": 875124,
  "market_signals": 101
}