{
  "timestamp": "2025-08-27T01:14:34.628479",
  "overall_quality": 1.0,
  "avg_latency": 160.5482304284792,
  "total_data_points": 3090,
  "valid_data_points": 3090,
  "data_sources": 4,
  "active_alerts": 810959,
  "market_signals": 102
}