{
  "timestamp": "2025-08-30T06:51:53.775608",
  "overall_quality": 1.0,
  "avg_latency": 210.74070655238071,
  "total_data_points": 4200,
  "valid_data_points": 4200,
  "data_sources": 4,
  "active_alerts": 2825159,
  "market_signals": 101
}