{
  "timestamp": "2025-08-27T15:48:56.161776",
  "overall_quality": 1.0,
  "avg_latency": 286.7493549641163,
  "total_data_points": 5490,
  "valid_data_points": 5490,
  "data_sources": 4,
  "active_alerts": 1186363,
  "market_signals": 100
}