{
  "timestamp": "2025-08-26T13:50:56.538284",
  "overall_quality": 1.0,
  "avg_latency": 205.4293980118683,
  "total_data_points": 3960,
  "valid_data_points": 3960,
  "data_sources": 4,
  "active_alerts": 519029,
  "market_signals": 100
}