{
  "timestamp": "2025-08-26T08:41:33.273921",
  "overall_quality": 1.0,
  "avg_latency": 225.60962601963013,
  "total_data_points": 4330,
  "valid_data_points": 4330,
  "data_sources": 4,
  "active_alerts": 386939,
  "market_signals": 104
}