{
  "timestamp": "2025-08-25T22:55:43.946786",
  "overall_quality": 1.0,
  "avg_latency": 203.90380440687022,
  "total_data_points": 3930,
  "valid_data_points": 3930,
  "data_sources": 4,
  "active_alerts": 138930,
  "market_signals": 104
}