{
  "timestamp": "2025-08-26T02:15:51.744589",
  "overall_quality": 1.0,
  "avg_latency": 207.24855346381938,
  "total_data_points": 3980,
  "valid_data_points": 3980,
  "data_sources": 4,
  "active_alerts": 223321,
  "market_signals": 102
}