{
  "timestamp": "2025-08-29T09:39:31.507594",
  "overall_quality": 1.0,
  "avg_latency": 294.5785478950613,
  "total_data_points": 5670,
  "valid_data_points": 5670,
  "data_sources": 4,
  "active_alerts": 2274307,
  "market_signals": 101
}