{
  "timestamp": "2025-08-30T05:23:52.107829",
  "overall_quality": 1.0,
  "avg_latency": 270.1686054288091,
  "total_data_points": 5380,
  "valid_data_points": 5380,
  "data_sources": 4,
  "active_alerts": 2786508,
  "market_signals": 102
}