{
  "timestamp": "2025-08-29T16:03:36.460199",
  "overall_quality": 1.0,
  "avg_latency": 265.39397637693736,
  "total_data_points": 5099,
  "valid_data_points": 5099,
  "data_sources": 4,
  "active_alerts": 2438177,
  "market_signals": 101
}