{
  "timestamp": "2025-08-27T16:42:37.604626",
  "overall_quality": 1.0,
  "avg_latency": 247.45651057536847,
  "total_data_points": 4750,
  "valid_data_points": 4750,
  "data_sources": 4,
  "active_alerts": 1209370,
  "market_signals": 100
}