{
  "timestamp": "2025-08-30T04:00:50.501627",
  "overall_quality": 1.0,
  "avg_latency": 179.36240339859992,
  "total_data_points": 3570,
  "valid_data_points": 3570,
  "data_sources": 4,
  "active_alerts": 2750065,
  "market_signals": 101
}