{
  "timestamp": "2025-08-29T05:08:47.314284",
  "overall_quality": 1.0,
  "avg_latency": 273.7963917963228,
  "total_data_points": 5440,
  "valid_data_points": 5440,
  "data_sources": 4,
  "active_alerts": 2156296,
  "market_signals": 101
}