{
  "timestamp": "2025-08-29T21:43:42.859666",
  "overall_quality": 1.0,
  "avg_latency": 266.7474977966037,
  "total_data_points": 5300,
  "valid_data_points": 5300,
  "data_sources": 4,
  "active_alerts": 2583507,
  "market_signals": 101
}