{
  "timestamp": "2025-08-26T21:49:56.314594",
  "overall_quality": 1.0,
  "avg_latency": 172.07036676465245,
  "total_data_points": 3310,
  "valid_data_points": 3310,
  "data_sources": 4,
  "active_alerts": 724326,
  "market_signals": 100
}