{
  "timestamp": "2025-08-29T14:49:59.279513",
  "overall_quality": 1.0,
  "avg_latency": 156.98779493046374,
  "total_data_points": 3020,
  "valid_data_points": 3020,
  "data_sources": 4,
  "active_alerts": 2407315,
  "market_signals": 103
}