{
  "timestamp": "2025-08-29T17:08:44.166769",
  "overall_quality": 1.0,
  "avg_latency": 268.60292412088984,
  "total_data_points": 5170,
  "valid_data_points": 5170,
  "data_sources": 4,
  "active_alerts": 2465566,
  "market_signals": 102
}