{
  "timestamp": "2025-08-27T12:14:51.047431",
  "overall_quality": 1.0,
  "avg_latency": 165.1062945421384,
  "total_data_points": 3180,
  "valid_data_points": 3180,
  "data_sources": 4,
  "active_alerts": 1094922,
  "market_signals": 103
}