{
  "timestamp": "2025-08-28T04:02:34.086244",
  "overall_quality": 1.0,
  "avg_latency": 242.6064914773019,
  "total_data_points": 4670,
  "valid_data_points": 4670,
  "data_sources": 4,
  "active_alerts": 1503823,
  "market_signals": 105
}