{
  "timestamp": "2025-08-28T18:57:35.548515",
  "overall_quality": 1.0,
  "avg_latency": 239.6508258825616,
  "total_data_points": 4760,
  "valid_data_points": 4760,
  "data_sources": 4,
  "active_alerts": 1886636,
  "market_signals": 101
}