{
  "timestamp": "2025-08-28T22:06:39.047239",
  "overall_quality": 1.0,
  "avg_latency": 210.97532242171835,
  "total_data_points": 4190,
  "valid_data_points": 4190,
  "data_sources": 4,
  "active_alerts": 1969403,
  "market_signals": 101
}