{
  "timestamp": "2025-08-29T01:19:42.753525",
  "overall_quality": 1.0,
  "avg_latency": 152.3310457795379,
  "total_data_points": 3030,
  "valid_data_points": 3030,
  "data_sources": 4,
  "active_alerts": 2055546,
  "market_signals": 101
}