{
  "timestamp": "2025-08-25T22:44:42.101679",
  "overall_quality": 1.0,
  "avg_latency": 173.4708677056885,
  "total_data_points": 3340,
  "valid_data_points": 3340,
  "data_sources": 4,
  "active_alerts": 133862,
  "market_signals": 102
}