{
  "timestamp": "2025-08-29T22:32:43.975962",
  "overall_quality": 1.0,
  "avg_latency": 237.19015171932088,
  "total_data_points": 4710,
  "valid_data_points": 4710,
  "data_sources": 4,
  "active_alerts": 2605862,
  "market_signals": 101
}