{
  "timestamp": "2025-08-29T05:18:47.542473",
  "overall_quality": 1.0,
  "avg_latency": 274.20760775275687,
  "total_data_points": 5440,
  "valid_data_points": 5440,
  "data_sources": 4,
  "active_alerts": 2160717,
  "market_signals": 102
}