{
  "timestamp": "2025-08-29T15:00:30.145983",
  "overall_quality": 1.0,
  "avg_latency": 172.5630359879156,
  "total_data_points": 3310,
  "valid_data_points": 3310,
  "data_sources": 4,
  "active_alerts": 2411719,
  "market_signals": 101
}