{
  "timestamp": "2025-08-27T03:03:53.685415",
  "overall_quality": 1.0,
  "avg_latency": 289.7723823676255,
  "total_data_points": 5560,
  "valid_data_points": 5560,
  "data_sources": 4,
  "active_alerts": 857449,
  "market_signals": 103
}