{
  "timestamp": "2025-08-28T14:35:48.796722",
  "overall_quality": 1.0,
  "avg_latency": 186.98310397169837,
  "total_data_points": 3710,
  "valid_data_points": 3710,
  "data_sources": 4,
  "active_alerts": 1774638,
  "market_signals": 102
}