{
  "timestamp": "2025-08-28T19:45:36.450019",
  "overall_quality": 1.0,
  "avg_latency": 179.57182781713502,
  "total_data_points": 3560,
  "valid_data_points": 3560,
  "data_sources": 4,
  "active_alerts": 1907055,
  "market_signals": 100
}