{
  "timestamp": "2025-08-28T03:10:30.445464",
  "overall_quality": 1.0,
  "avg_latency": 180.93334192122893,
  "total_data_points": 3580,
  "valid_data_points": 3580,
  "data_sources": 4,
  "active_alerts": 1481424,
  "market_signals": 101
}