{
  "timestamp": "2025-08-26T21:00:47.026364",
  "overall_quality": 1.0,
  "avg_latency": 197.79806616394768,
  "total_data_points": 3800,
  "valid_data_points": 3800,
  "data_sources": 4,
  "active_alerts": 703156,
  "market_signals": 102
}