{
  "timestamp": "2025-08-28T00:15:56.500541",
  "overall_quality": 1.0,
  "avg_latency": 194.18855737596903,
  "total_data_points": 3870,
  "valid_data_points": 3870,
  "data_sources": 4,
  "active_alerts": 1404351,
  "market_signals": 104
}