{
  "timestamp": "2025-08-27T01:17:35.120715",
  "overall_quality": 1.0,
  "avg_latency": 250.59818463229752,
  "total_data_points": 4830,
  "valid_data_points": 4830,
  "data_sources": 4,
  "active_alerts": 812214,
  "market_signals": 102
}