{
  "timestamp": "2025-08-27T10:32:34.456059",
  "overall_quality": 1.0,
  "avg_latency": 247.72756532121895,
  "total_data_points": 4760,
  "valid_data_points": 4760,
  "data_sources": 4,
  "active_alerts": 1050630,
  "market_signals": 100
}