{
  "timestamp": "2025-08-29T10:33:35.680988",
  "overall_quality": 1.0,
  "avg_latency": 266.7349727666672,
  "total_data_points": 5130,
  "valid_data_points": 5130,
  "data_sources": 4,
  "active_alerts": 2297564,
  "market_signals": 102
}