{
  "timestamp": "2025-08-30T06:58:53.907100",
  "overall_quality": 1.0,
  "avg_latency": 271.39263811855375,
  "total_data_points": 5390,
  "valid_data_points": 5390,
  "data_sources": 4,
  "active_alerts": 2828373,
  "market_signals": 101
}