{
  "timestamp": "2025-08-30T08:32:55.607745",
  "overall_quality": 1.0,
  "avg_latency": 241.45268638253677,
  "total_data_points": 4810,
  "valid_data_points": 4810,
  "data_sources": 4,
  "active_alerts": 2869827,
  "market_signals": 101
}