{
  "timestamp": "2025-08-29T02:56:44.679482",
  "overall_quality": 1.0,
  "avg_latency": 212.65738495825525,
  "total_data_points": 4240,
  "valid_data_points": 4240,
  "data_sources": 4,
  "active_alerts": 2098272,
  "market_signals": 101
}