{
  "timestamp": "2025-08-28T02:50:59.790504",
  "overall_quality": 1.0,
  "avg_latency": 195.85266638917537,
  "total_data_points": 3880,
  "valid_data_points": 3880,
  "data_sources": 4,
  "active_alerts": 1472757,
  "market_signals": 102
}