{
  "timestamp": "2025-08-29T13:20:51.178386",
  "overall_quality": 1.0,
  "avg_latency": 183.16665544334265,
  "total_data_points": 3530,
  "valid_data_points": 3530,
  "data_sources": 4,
  "active_alerts": 2369051,
  "market_signals": 100
}