{
  "timestamp": "2025-08-26T15:30:44.057914",
  "overall_quality": 1.0,
  "avg_latency": 198.81719148537834,
  "total_data_points": 3830,
  "valid_data_points": 3830,
  "data_sources": 4,
  "active_alerts": 562018,
  "market_signals": 100
}