{
  "timestamp": "2025-08-28T02:08:58.726667",
  "overall_quality": 1.0,
  "avg_latency": 285.5476978809529,
  "total_data_points": 5670,
  "valid_data_points": 5670,
  "data_sources": 4,
  "active_alerts": 1454421,
  "market_signals": 101
}