{
  "timestamp": "2025-08-25T18:44:53.978901",
  "overall_quality": 1.0,
  "avg_latency": 180.44106827611097,
  "total_data_points": 3600,
  "valid_data_points": 3600,
  "data_sources": 4,
  "active_alerts": 31773,
  "market_signals": 102
}