{
  "timestamp": "2025-08-27T18:17:53.908251",
  "overall_quality": 1.0,
  "avg_latency": 254.56471342474512,
  "total_data_points": 4890,
  "valid_data_points": 4890,
  "data_sources": 4,
  "active_alerts": 1249960,
  "market_signals": 100
}