{
  "timestamp": "2025-08-28T18:34:35.129283",
  "overall_quality": 1.0,
  "avg_latency": 299.0788584329415,
  "total_data_points": 5950,
  "valid_data_points": 5950,
  "data_sources": 4,
  "active_alerts": 1876337,
  "market_signals": 100
}