{
  "timestamp": "2025-08-27T09:40:55.846131",
  "overall_quality": 1.0,
  "avg_latency": 198.1848540254596,
  "total_data_points": 3810,
  "valid_data_points": 3810,
  "data_sources": 4,
  "active_alerts": 1028586,
  "market_signals": 100
}