{
  "timestamp": "2025-08-26T23:45:48.323557",
  "overall_quality": 1.0,
  "avg_latency": 197.6781955853017,
  "total_data_points": 3810,
  "valid_data_points": 3810,
  "data_sources": 4,
  "active_alerts": 772504,
  "market_signals": 100
}