{
  "timestamp": "2025-08-30T01:18:47.416553",
  "overall_quality": 1.0,
  "avg_latency": 268.1001591653555,
  "total_data_points": 5340,
  "valid_data_points": 5340,
  "data_sources": 4,
  "active_alerts": 2679750,
  "market_signals": 102
}