{
  "timestamp": "2025-08-26T01:16:40.945433",
  "overall_quality": 1.0,
  "avg_latency": 231.98599226816128,
  "total_data_points": 4460,
  "valid_data_points": 4460,
  "data_sources": 4,
  "active_alerts": 198278,
  "market_signals": 100
}