{
  "timestamp": "2025-08-29T05:05:47.248743",
  "overall_quality": 1.0,
  "avg_latency": 183.81546802054828,
  "total_data_points": 3650,
  "valid_data_points": 3650,
  "data_sources": 4,
  "active_alerts": 2154903,
  "market_signals": 101
}