{
  "timestamp": "2025-08-26T10:54:55.584532",
  "overall_quality": 1.0,
  "avg_latency": 176.2410241698228,
  "total_data_points": 3380,
  "valid_data_points": 3380,
  "data_sources": 4,
  "active_alerts": 443972,
  "market_signals": 103
}