{
  "timestamp": "2025-08-30T05:46:52.583078",
  "overall_quality": 1.0,
  "avg_latency": 210.40465436109756,
  "total_data_points": 4190,
  "valid_data_points": 4190,
  "data_sources": 4,
  "active_alerts": 2796925,
  "market_signals": 101
}