{
  "timestamp": "2025-08-27T00:18:54.721614",
  "overall_quality": 1.0,
  "avg_latency": 290.49580185849686,
  "total_data_points": 5590,
  "valid_data_points": 5590,
  "data_sources": 4,
  "active_alerts": 786796,
  "market_signals": 100
}