{
  "timestamp": "2025-08-26T03:32:35.595570",
  "overall_quality": 1.0,
  "avg_latency": 258.81774906418536,
  "total_data_points": 4970,
  "valid_data_points": 4970,
  "data_sources": 4,
  "active_alerts": 255922,
  "market_signals": 100
}