{
  "timestamp": "2025-08-25T23:31:50.192006",
  "overall_quality": 1.0,
  "avg_latency": 237.02622706951723,
  "total_data_points": 4560,
  "valid_data_points": 4560,
  "data_sources": 4,
  "active_alerts": 154641,
  "market_signals": 101
}