{
  "timestamp": "2025-08-26T10:38:53.292279",
  "overall_quality": 1.0,
  "avg_latency": 294.96890314454214,
  "total_data_points": 5680,
  "valid_data_points": 5680,
  "data_sources": 4,
  "active_alerts": 437516,
  "market_signals": 100
}