{
  "timestamp": "2025-08-30T08:45:55.905837",
  "overall_quality": 1.0,
  "avg_latency": 181.56503957016554,
  "total_data_points": 3620,
  "valid_data_points": 3620,
  "data_sources": 4,
  "active_alerts": 2875288,
  "market_signals": 103
}