{
  "timestamp": "2025-08-26T05:06:53.834988",
  "overall_quality": 1.0,
  "avg_latency": 236.79528426425466,
  "total_data_points": 4560,
  "valid_data_points": 4560,
  "data_sources": 4,
  "active_alerts": 295365,
  "market_signals": 101
}