{
  "timestamp": "2025-08-26T07:51:53.178306",
  "overall_quality": 1.0,
  "avg_latency": 236.11800154613704,
  "total_data_points": 4530,
  "valid_data_points": 4530,
  "data_sources": 4,
  "active_alerts": 366247,
  "market_signals": 102
}