{
  "timestamp": "2025-08-27T15:35:53.281898",
  "overall_quality": 1.0,
  "avg_latency": 195.0981142159992,
  "total_data_points": 3750,
  "valid_data_points": 3750,
  "data_sources": 4,
  "active_alerts": 1180808,
  "market_signals": 101
}