{
  "timestamp": "2025-08-25T19:42:32.121203",
  "overall_quality": 1.0,
  "avg_latency": 259.47131040742966,
  "total_data_points": 4980,
  "valid_data_points": 4980,
  "data_sources": 4,
  "active_alerts": 56706,
  "market_signals": 101
}