{
  "timestamp": "2025-08-30T09:05:56.330522",
  "overall_quality": 1.0,
  "avg_latency": 182.26228075580133,
  "total_data_points": 3620,
  "valid_data_points": 3620,
  "data_sources": 4,
  "active_alerts": 2884261,
  "market_signals": 104
}