{
  "timestamp": "2025-08-28T21:42:38.566013",
  "overall_quality": 1.0,
  "avg_latency": 240.54053803340304,
  "total_data_points": 4790,
  "valid_data_points": 4790,
  "data_sources": 4,
  "active_alerts": 1959042,
  "market_signals": 101
}