{
  "timestamp": "2025-08-30T04:15:50.774494",
  "overall_quality": 1.0,
  "avg_latency": 179.82139401232533,
  "total_data_points": 3570,
  "valid_data_points": 3570,
  "data_sources": 4,
  "active_alerts": 2756402,
  "market_signals": 102
}