{
  "timestamp": "2025-08-27T03:45:31.188720",
  "overall_quality": 1.0,
  "avg_latency": 187.82011612520776,
  "total_data_points": 3610,
  "valid_data_points": 3610,
  "data_sources": 4,
  "active_alerts": 875491,
  "market_signals": 100
}