{
  "timestamp": "2025-08-27T11:30:43.185963",
  "overall_quality": 1.0,
  "avg_latency": 191.3218135896739,
  "total_data_points": 3680,
  "valid_data_points": 3680,
  "data_sources": 4,
  "active_alerts": 1075906,
  "market_signals": 102
}