{
  "timestamp": "2025-08-29T22:00:43.187494",
  "overall_quality": 1.0,
  "avg_latency": 176.73055797159057,
  "total_data_points": 3520,
  "valid_data_points": 3520,
  "data_sources": 4,
  "active_alerts": 2591037,
  "market_signals": 103
}