{
  "timestamp": "2025-08-29T09:26:30.326715",
  "overall_quality": 1.0,
  "avg_latency": 204.42143440279912,
  "total_data_points": 3930,
  "valid_data_points": 3930,
  "data_sources": 4,
  "active_alerts": 2268742,
  "market_signals": 102
}