{
  "timestamp": "2025-08-29T18:24:53.904627",
  "overall_quality": 1.0,
  "avg_latency": 153.1034948498303,
  "total_data_points": 2950,
  "valid_data_points": 2950,
  "data_sources": 4,
  "active_alerts": 2498359,
  "market_signals": 100
}