{
  "timestamp": "2025-08-30T02:21:48.756886",
  "overall_quality": 1.0,
  "avg_latency": 208.82607207252994,
  "total_data_points": 4150,
  "valid_data_points": 4150,
  "data_sources": 4,
  "active_alerts": 2707130,
  "market_signals": 102
}