{
  "timestamp": "2025-08-29T06:49:49.824569",
  "overall_quality": 1.0,
  "avg_latency": 155.2051482068402,
  "total_data_points": 3070,
  "valid_data_points": 3070,
  "data_sources": 4,
  "active_alerts": 2200996,
  "market_signals": 101
}