{
  "timestamp": "2025-08-27T00:40:58.160031",
  "overall_quality": 1.0,
  "avg_latency": 202.28480663256389,
  "total_data_points": 3900,
  "valid_data_points": 3900,
  "data_sources": 4,
  "active_alerts": 796364,
  "market_signals": 104
}