{
  "timestamp": "2025-08-26T21:26:51.896442",
  "overall_quality": 1.0,
  "avg_latency": 230.28829392415403,
  "total_data_points": 4430,
  "valid_data_points": 4430,
  "data_sources": 4,
  "active_alerts": 714333,
  "market_signals": 104
}