{
  "timestamp": "2025-08-27T05:22:47.587479",
  "overall_quality": 1.0,
  "avg_latency": 255.76260600794265,
  "total_data_points": 4910,
  "valid_data_points": 4910,
  "data_sources": 4,
  "active_alerts": 917210,
  "market_signals": 100
}