{
  "timestamp": "2025-08-25T18:59:54.376360",
  "overall_quality": 1.0,
  "avg_latency": 181.17720301166665,
  "total_data_points": 3600,
  "valid_data_points": 3600,
  "data_sources": 4,
  "active_alerts": 38418,
  "market_signals": 101
}