{
  "timestamp": "2025-08-28T11:45:45.687587",
  "overall_quality": 1.0,
  "avg_latency": 185.18445736128106,
  "total_data_points": 3590,
  "valid_data_points": 3590,
  "data_sources": 4,
  "active_alerts": 1700120,
  "market_signals": 100
}