{
  "timestamp": "2025-08-27T20:12:42.721240",
  "overall_quality": 1.0,
  "avg_latency": 248.35402584895454,
  "total_data_points": 4780,
  "valid_data_points": 4780,
  "data_sources": 4,
  "active_alerts": 1298747,
  "market_signals": 100
}