{
  "timestamp": "2025-08-28T05:44:43.927089",
  "overall_quality": 1.0,
  "avg_latency": 156.7024755384109,
  "total_data_points": 3020,
  "valid_data_points": 3020,
  "data_sources": 4,
  "active_alerts": 1548004,
  "market_signals": 100
}