{
  "timestamp": "2025-08-26T06:44:41.841004",
  "overall_quality": 1.0,
  "avg_latency": 170.57545212073174,
  "total_data_points": 3280,
  "valid_data_points": 3280,
  "data_sources": 4,
  "active_alerts": 336685,
  "market_signals": 102
}