{
  "timestamp": "2025-08-28T22:29:39.514563",
  "overall_quality": 1.0,
  "avg_latency": 151.0948328390001,
  "total_data_points": 3000,
  "valid_data_points": 3000,
  "data_sources": 4,
  "active_alerts": 1979513,
  "market_signals": 102
}