{
  "timestamp": "2025-08-28T13:05:47.037244",
  "overall_quality": 1.0,
  "avg_latency": 186.38329221486487,
  "total_data_points": 3700,
  "valid_data_points": 3700,
  "data_sources": 4,
  "active_alerts": 1734849,
  "market_signals": 102
}