{
  "timestamp": "2025-08-27T15:12:49.676527",
  "overall_quality": 1.0,
  "avg_latency": 253.6191810856557,
  "total_data_points": 4880,
  "valid_data_points": 4880,
  "data_sources": 4,
  "active_alerts": 1170891,
  "market_signals": 101
}