{
  "timestamp": "2025-08-28T23:23:40.615642",
  "overall_quality": 1.0,
  "avg_latency": 271.13828717944494,
  "total_data_points": 5400,
  "valid_data_points": 5400,
  "data_sources": 4,
  "active_alerts": 2003923,
  "market_signals": 100
}