{
  "timestamp": "2025-08-30T01:01:47.036587",
  "overall_quality": 1.0,
  "avg_latency": 208.22725761183688,
  "total_data_points": 4140,
  "valid_data_points": 4140,
  "data_sources": 4,
  "active_alerts": 2672298,
  "market_signals": 101
}