{
  "timestamp": "2025-08-28T05:13:40.593670",
  "overall_quality": 1.0,
  "avg_latency": 275.16119113804103,
  "total_data_points": 5310,
  "valid_data_points": 5310,
  "data_sources": 4,
  "active_alerts": 1534303,
  "market_signals": 103
}