{
  "timestamp": "2025-08-28T18:44:35.317474",
  "overall_quality": 1.0,
  "avg_latency": 298.7753728759666,
  "total_data_points": 5950,
  "valid_data_points": 5950,
  "data_sources": 4,
  "active_alerts": 1880737,
  "market_signals": 103
}