{
  "timestamp": "2025-08-26T12:33:42.796082",
  "overall_quality": 1.0,
  "avg_latency": 289.5236125735242,
  "total_data_points": 5590,
  "valid_data_points": 5590,
  "data_sources": 4,
  "active_alerts": 486476,
  "market_signals": 102
}