{
  "timestamp": "2025-08-30T08:06:55.094259",
  "overall_quality": 1.0,
  "avg_latency": 211.55443993064125,
  "total_data_points": 4210,
  "valid_data_points": 4210,
  "data_sources": 4,
  "active_alerts": 2858716,
  "market_signals": 101
}