{
  "timestamp": "2025-08-27T19:42:36.810510",
  "overall_quality": 1.0,
  "avg_latency": 245.6286887496826,
  "total_data_points": 4730,
  "valid_data_points": 4730,
  "data_sources": 4,
  "active_alerts": 1285959,
  "market_signals": 102
}