{
  "timestamp": "2025-08-30T07:07:54.076879",
  "overall_quality": 1.0,
  "avg_latency": 240.98884335062525,
  "total_data_points": 4800,
  "valid_data_points": 4800,
  "data_sources": 4,
  "active_alerts": 2832319,
  "market_signals": 102
}