{
  "timestamp": "2025-08-30T03:06:49.529050",
  "overall_quality": 1.0,
  "avg_latency": 209.3134817973551,
  "total_data_points": 4160,
  "valid_data_points": 4160,
  "data_sources": 4,
  "active_alerts": 2727067,
  "market_signals": 102
}