{
  "timestamp": "2025-08-26T09:32:42.232709",
  "overall_quality": 1.0,
  "avg_latency": 259.95602023426915,
  "total_data_points": 4990,
  "valid_data_points": 4990,
  "data_sources": 4,
  "active_alerts": 408985,
  "market_signals": 100
}