{
  "timestamp": "2025-08-26T04:47:49.993774",
  "overall_quality": 1.0,
  "avg_latency": 265.0345691703925,
  "total_data_points": 5100,
  "valid_data_points": 5100,
  "data_sources": 4,
  "active_alerts": 287481,
  "market_signals": 100
}