{
  "timestamp": "2025-08-26T14:55:38.758691",
  "overall_quality": 1.0,
  "avg_latency": 196.71259980712392,
  "total_data_points": 3790,
  "valid_data_points": 3790,
  "data_sources": 4,
  "active_alerts": 547123,
  "market_signals": 101
}