{
  "timestamp": "2025-08-29T21:57:43.117895",
  "overall_quality": 1.0,
  "avg_latency": 236.550299464544,
  "total_data_points": 4710,
  "valid_data_points": 4710,
  "data_sources": 4,
  "active_alerts": 2589577,
  "market_signals": 103
}