{
  "timestamp": "2025-08-30T05:49:52.665271",
  "overall_quality": 1.0,
  "avg_latency": 150.59692710100015,
  "total_data_points": 3000,
  "valid_data_points": 3000,
  "data_sources": 4,
  "active_alerts": 2798089,
  "market_signals": 100
}