{
  "timestamp": "2025-08-29T13:55:54.401282",
  "overall_quality": 1.0,
  "avg_latency": 184.77621509353892,
  "total_data_points": 3560,
  "valid_data_points": 3560,
  "data_sources": 4,
  "active_alerts": 2384053,
  "market_signals": 101
}