{
  "timestamp": "2025-08-28T14:45:48.986441",
  "overall_quality": 1.0,
  "avg_latency": 186.80737382473185,
  "total_data_points": 3720,
  "valid_data_points": 3720,
  "data_sources": 4,
  "active_alerts": 1778857,
  "market_signals": 100
}