{
  "timestamp": "2025-08-28T22:08:39.088950",
  "overall_quality": 1.0,
  "avg_latency": 270.6950238141006,
  "total_data_points": 5390,
  "valid_data_points": 5390,
  "data_sources": 4,
  "active_alerts": 1970267,
  "market_signals": 102
}