{
  "timestamp": "2025-08-26T05:57:33.751826",
  "overall_quality": 1.0,
  "avg_latency": 257.3200481712554,
  "total_data_points": 4940,
  "valid_data_points": 4940,
  "data_sources": 4,
  "active_alerts": 316888,
  "market_signals": 100
}