{
  "timestamp": "2025-08-29T15:40:33.911480",
  "overall_quality": 1.0,
  "avg_latency": 173.88471711701476,
  "total_data_points": 3350,
  "valid_data_points": 3350,
  "data_sources": 4,
  "active_alerts": 2428556,
  "market_signals": 100
}