{
  "timestamp": "2025-08-26T15:00:39.661507",
  "overall_quality": 1.0,
  "avg_latency": 196.5511776218426,
  "total_data_points": 3800,
  "valid_data_points": 3800,
  "data_sources": 4,
  "active_alerts": 549337,
  "market_signals": 104
}