{
  "timestamp": "2025-08-27T12:47:56.705246",
  "overall_quality": 1.0,
  "avg_latency": 257.5623908903224,
  "total_data_points": 4960,
  "valid_data_points": 4960,
  "data_sources": 4,
  "active_alerts": 1108729,
  "market_signals": 101
}