{
  "timestamp": "2025-08-26T17:28:36.392274",
  "overall_quality": 1.0,
  "avg_latency": 283.67560092564116,
  "total_data_points": 5460,
  "valid_data_points": 5460,
  "data_sources": 4,
  "active_alerts": 612683,
  "market_signals": 102
}