{
  "timestamp": "2025-08-27T18:30:55.845836",
  "overall_quality": 1.0,
  "avg_latency": 195.5833224603722,
  "total_data_points": 3760,
  "valid_data_points": 3760,
  "data_sources": 4,
  "active_alerts": 1255603,
  "market_signals": 100
}