{
  "timestamp": "2025-08-26T16:51:30.238990",
  "overall_quality": 1.0,
  "avg_latency": 220.83645405165103,
  "total_data_points": 4240,
  "valid_data_points": 4240,
  "data_sources": 4,
  "active_alerts": 596976,
  "market_signals": 103
}