{
  "timestamp": "2025-08-27T12:28:53.109808",
  "overall_quality": 1.0,
  "avg_latency": 286.3656556112724,
  "total_data_points": 5500,
  "valid_data_points": 5500,
  "data_sources": 4,
  "active_alerts": 1100614,
  "market_signals": 101
}