{
  "timestamp": "2025-08-28T07:22:53.623012",
  "overall_quality": 1.0,
  "avg_latency": 251.20189646956513,
  "total_data_points": 4830,
  "valid_data_points": 4830,
  "data_sources": 4,
  "active_alerts": 1588810,
  "market_signals": 101
}