{
  "timestamp": "2025-08-30T08:34:55.660229",
  "overall_quality": 1.0,
  "avg_latency": 151.82654889437046,
  "total_data_points": 3020,
  "valid_data_points": 3020,
  "data_sources": 4,
  "active_alerts": 2870473,
  "market_signals": 103
}