{
  "timestamp": "2025-08-29T00:33:41.843663",
  "overall_quality": 1.0,
  "avg_latency": 271.94523169260583,
  "total_data_points": 5410,
  "valid_data_points": 5410,
  "data_sources": 4,
  "active_alerts": 2035338,
  "market_signals": 102
}