{
  "timestamp": "2025-08-27T21:53:53.891020",
  "overall_quality": 1.0,
  "avg_latency": 281.2811953252708,
  "total_data_points": 5540,
  "valid_data_points": 5540,
  "data_sources": 4,
  "active_alerts": 1341745,
  "market_signals": 100
}