{
  "timestamp": "2025-08-26T03:56:40.230970",
  "overall_quality": 1.0,
  "avg_latency": 230.8215571262923,
  "total_data_points": 4450,
  "valid_data_points": 4450,
  "data_sources": 4,
  "active_alerts": 265945,
  "market_signals": 100
}