{
  "timestamp": "2025-08-29T05:09:47.335053",
  "overall_quality": 1.0,
  "avg_latency": 153.64949278169902,
  "total_data_points": 3060,
  "valid_data_points": 3060,
  "data_sources": 4,
  "active_alerts": 2156730,
  "market_signals": 102
}