{
  "timestamp": "2025-08-27T13:36:34.720770",
  "overall_quality": 1.0,
  "avg_latency": 216.5208041360581,
  "total_data_points": 4160,
  "valid_data_points": 4160,
  "data_sources": 4,
  "active_alerts": 1129940,
  "market_signals": 101
}