{
  "timestamp": "2025-08-29T08:48:56.711805",
  "overall_quality": 1.0,
  "avg_latency": 278.09185875861385,
  "total_data_points": 5340,
  "valid_data_points": 5340,
  "data_sources": 4,
  "active_alerts": 2252535,
  "market_signals": 102
}