{
  "timestamp": "2025-08-26T09:39:43.585282",
  "overall_quality": 1.0,
  "avg_latency": 170.28195324648362,
  "total_data_points": 3270,
  "valid_data_points": 3270,
  "data_sources": 4,
  "active_alerts": 411868,
  "market_signals": 100
}