{
  "timestamp": "2025-08-30T00:28:46.334639",
  "overall_quality": 1.0,
  "avg_latency": 267.77594366904356,
  "total_data_points": 5330,
  "valid_data_points": 5330,
  "data_sources": 4,
  "active_alerts": 2657286,
  "market_signals": 102
}