{
  "timestamp": "2025-08-26T21:34:53.342975",
  "overall_quality": 1.0,
  "avg_latency": 170.9766748407293,
  "total_data_points": 3290,
  "valid_data_points": 3290,
  "data_sources": 4,
  "active_alerts": 717716,
  "market_signals": 101
}