{
  "timestamp": "2025-08-25T22:37:41.167173",
  "overall_quality": 1.0,
  "avg_latency": 262.9962688867066,
  "total_data_points": 5040,
  "valid_data_points": 5040,
  "data_sources": 4,
  "active_alerts": 130899,
  "market_signals": 101
}