{
  "timestamp": "2025-08-26T05:40:29.983675",
  "overall_quality": 1.0,
  "avg_latency": 195.08053595679996,
  "total_data_points": 3750,
  "valid_data_points": 3750,
  "data_sources": 4,
  "active_alerts": 309706,
  "market_signals": 102
}