{
  "timestamp": "2025-08-27T12:51:57.267308",
  "overall_quality": 1.0,
  "avg_latency": 228.24377758291567,
  "total_data_points": 4390,
  "valid_data_points": 4390,
  "data_sources": 4,
  "active_alerts": 1110429,
  "market_signals": 101
}