{
  "timestamp": "2025-08-26T05:20:56.636442",
  "overall_quality": 1.0,
  "avg_latency": 208.47086864525014,
  "total_data_points": 4000,
  "valid_data_points": 4000,
  "data_sources": 4,
  "active_alerts": 301430,
  "market_signals": 102
}