{
  "timestamp": "2025-08-29T10:54:37.513119",
  "overall_quality": 1.0,
  "avg_latency": 297.6523119811183,
  "total_data_points": 5720,
  "valid_data_points": 5720,
  "data_sources": 4,
  "active_alerts": 2306541,
  "market_signals": 102
}