{
  "timestamp": "2025-08-28T20:52:37.661994",
  "overall_quality": 1.0,
  "avg_latency": 239.98705185083722,
  "total_data_points": 4780,
  "valid_data_points": 4780,
  "data_sources": 4,
  "active_alerts": 1936343,
  "market_signals": 100
}