{
  "timestamp": "2025-08-29T08:40:56.056449",
  "overall_quality": 1.0,
  "avg_latency": 188.3324358063537,
  "total_data_points": 3620,
  "valid_data_points": 3620,
  "data_sources": 4,
  "active_alerts": 2249231,
  "market_signals": 101
}