{
  "timestamp": "2025-08-28T06:24:48.393070",
  "overall_quality": 1.0,
  "avg_latency": 158.9424119437906,
  "total_data_points": 3060,
  "valid_data_points": 3060,
  "data_sources": 4,
  "active_alerts": 1564704,
  "market_signals": 103
}