{
  "timestamp": "2025-08-25T18:57:54.328009",
  "overall_quality": 1.0,
  "avg_latency": 270.65769104025964,
  "total_data_points": 5390,
  "valid_data_points": 5390,
  "data_sources": 4,
  "active_alerts": 37522,
  "market_signals": 101
}