{
  "timestamp": "2025-08-26T22:04:59.191002",
  "overall_quality": 1.0,
  "avg_latency": 173.72384292754475,
  "total_data_points": 3340,
  "valid_data_points": 3340,
  "data_sources": 4,
  "active_alerts": 730834,
  "market_signals": 102
}