{
  "timestamp": "2025-08-26T11:14:59.025757",
  "overall_quality": 1.0,
  "avg_latency": 177.71354241169573,
  "total_data_points": 3420,
  "valid_data_points": 3420,
  "data_sources": 4,
  "active_alerts": 453012,
  "market_signals": 103
}