{
  "timestamp": "2025-08-28T08:19:59.187253",
  "overall_quality": 1.0,
  "avg_latency": 163.44333291841272,
  "total_data_points": 3150,
  "valid_data_points": 3150,
  "data_sources": 4,
  "active_alerts": 1613222,
  "market_signals": 103
}