{
  "timestamp": "2025-08-28T06:40:50.008573",
  "overall_quality": 1.0,
  "avg_latency": 189.88255292301352,
  "total_data_points": 3650,
  "valid_data_points": 3650,
  "data_sources": 4,
  "active_alerts": 1571525,
  "market_signals": 103
}