{
  "timestamp": "2025-08-29T14:14:56.168158",
  "overall_quality": 1.0,
  "avg_latency": 155.9321120555186,
  "total_data_points": 2990,
  "valid_data_points": 2990,
  "data_sources": 4,
  "active_alerts": 2392420,
  "market_signals": 100
}