{
  "timestamp": "2025-08-25T23:46:53.472722",
  "overall_quality": 1.0,
  "avg_latency": 238.77124686113547,
  "total_data_points": 4580,
  "valid_data_points": 4580,
  "data_sources": 4,
  "active_alerts": 161083,
  "market_signals": 101
}