{
  "timestamp": "2025-08-27T00:30:56.649506",
  "overall_quality": 1.0,
  "avg_latency": 202.1128344272497,
  "total_data_points": 3890,
  "valid_data_points": 3890,
  "data_sources": 4,
  "active_alerts": 791732,
  "market_signals": 102
}