{
  "timestamp": "2025-08-29T23:17:44.989089",
  "overall_quality": 1.0,
  "avg_latency": 237.64399018050787,
  "total_data_points": 4720,
  "valid_data_points": 4720,
  "data_sources": 4,
  "active_alerts": 2626280,
  "market_signals": 103
}