{
  "timestamp": "2025-08-26T22:50:37.586445",
  "overall_quality": 1.0,
  "avg_latency": 192.74919439675696,
  "total_data_points": 3700,
  "valid_data_points": 3700,
  "data_sources": 4,
  "active_alerts": 749589,
  "market_signals": 101
}