{
  "timestamp": "2025-08-27T09:02:49.596206",
  "overall_quality": 1.0,
  "avg_latency": 255.61269767780038,
  "total_data_points": 4910,
  "valid_data_points": 4910,
  "data_sources": 4,
  "active_alerts": 1012222,
  "market_signals": 100
}