{
  "timestamp": "2025-08-28T09:06:33.767751",
  "overall_quality": 1.0,
  "avg_latency": 210.47885322463057,
  "total_data_points": 4060,
  "valid_data_points": 4060,
  "data_sources": 4,
  "active_alerts": 1633067,
  "market_signals": 101
}