{
  "timestamp": "2025-08-30T07:01:53.960106",
  "overall_quality": 1.0,
  "avg_latency": 210.6406119264284,
  "total_data_points": 4200,
  "valid_data_points": 4200,
  "data_sources": 4,
  "active_alerts": 2829596,
  "market_signals": 101
}