{
  "timestamp": "2025-08-27T07:14:33.918297",
  "overall_quality": 1.0,
  "avg_latency": 158.21681312796048,
  "total_data_points": 3040,
  "valid_data_points": 3040,
  "data_sources": 4,
  "active_alerts": 966122,
  "market_signals": 101
}