{
  "timestamp": "2025-08-27T03:30:58.951586",
  "overall_quality": 1.0,
  "avg_latency": 201.33285658556693,
  "total_data_points": 3880,
  "valid_data_points": 3880,
  "data_sources": 4,
  "active_alerts": 869411,
  "market_signals": 101
}