{
  "timestamp": "2025-08-27T19:16:33.273162",
  "overall_quality": 1.0,
  "avg_latency": 213.8300841364084,
  "total_data_points": 4120,
  "valid_data_points": 4120,
  "data_sources": 4,
  "active_alerts": 1274881,
  "market_signals": 101
}