{
  "timestamp": "2025-08-26T22:07:59.910342",
  "overall_quality": 1.0,
  "avg_latency": 264.1993406138068,
  "total_data_points": 5070,
  "valid_data_points": 5070,
  "data_sources": 4,
  "active_alerts": 732172,
  "market_signals": 100
}