{
  "timestamp": "2025-08-27T20:24:44.964690",
  "overall_quality": 1.0,
  "avg_latency": 159.86261663529427,
  "total_data_points": 3060,
  "valid_data_points": 3060,
  "data_sources": 4,
  "active_alerts": 1303460,
  "market_signals": 102
}