{
  "timestamp": "2025-08-27T01:51:40.786528",
  "overall_quality": 1.0,
  "avg_latency": 223.25032667036967,
  "total_data_points": 4320,
  "valid_data_points": 4320,
  "data_sources": 4,
  "active_alerts": 827000,
  "market_signals": 105
}