{
  "timestamp": "2025-08-27T23:09:55.263580",
  "overall_quality": 1.0,
  "avg_latency": 163.71616935317533,
  "total_data_points": 3259,
  "valid_data_points": 3259,
  "data_sources": 4,
  "active_alerts": 1375424,
  "market_signals": 101
}