{
  "timestamp": "2025-08-30T03:00:49.430760",
  "overall_quality": 1.0,
  "avg_latency": 178.98868114522415,
  "total_data_points": 3560,
  "valid_data_points": 3560,
  "data_sources": 4,
  "active_alerts": 2724526,
  "market_signals": 102
}