{
  "timestamp": "2025-08-26T06:09:35.764485",
  "overall_quality": 1.0,
  "avg_latency": 167.96125816925473,
  "total_data_points": 3220,
  "valid_data_points": 3220,
  "data_sources": 4,
  "active_alerts": 322023,
  "market_signals": 102
}