{
  "timestamp": "2025-08-26T00:00:57.268259",
  "overall_quality": 1.0,
  "avg_latency": 210.47085393391123,
  "total_data_points": 4040,
  "valid_data_points": 4040,
  "data_sources": 4,
  "active_alerts": 167021,
  "market_signals": 104
}