{
  "timestamp": "2025-08-28T10:33:40.144121",
  "overall_quality": 1.0,
  "avg_latency": 273.4814144166989,
  "total_data_points": 5270,
  "valid_data_points": 5270,
  "data_sources": 4,
  "active_alerts": 1669828,
  "market_signals": 101
}