{
  "timestamp": "2025-08-27T13:42:35.595974",
  "overall_quality": 1.0,
  "avg_latency": 247.1282957888422,
  "total_data_points": 4750,
  "valid_data_points": 4750,
  "data_sources": 4,
  "active_alerts": 1132362,
  "market_signals": 100
}