{
  "timestamp": "2025-08-27T11:44:45.281601",
  "overall_quality": 1.0,
  "avg_latency": 162.69996755480733,
  "total_data_points": 3120,
  "valid_data_points": 3120,
  "data_sources": 4,
  "active_alerts": 1082087,
  "market_signals": 101
}