{
  "timestamp": "2025-08-28T16:07:56.009098",
  "overall_quality": 1.0,
  "avg_latency": 250.5851844609156,
  "total_data_points": 4810,
  "valid_data_points": 4810,
  "data_sources": 4,
  "active_alerts": 1813774,
  "market_signals": 102
}