{
  "timestamp": "2025-08-29T22:01:43.204088",
  "overall_quality": 1.0,
  "avg_latency": 207.07885778321142,
  "total_data_points": 4110,
  "valid_data_points": 4110,
  "data_sources": 4,
  "active_alerts": 2591484,
  "market_signals": 101
}