{
  "timestamp": "2025-08-27T01:33:37.914444",
  "overall_quality": 1.0,
  "avg_latency": 282.25432031410224,
  "total_data_points": 5460,
  "valid_data_points": 5460,
  "data_sources": 4,
  "active_alerts": 819181,
  "market_signals": 102
}