{
  "timestamp": "2025-08-29T10:22:34.784258",
  "overall_quality": 1.0,
  "avg_latency": 237.921665538913,
  "total_data_points": 4600,
  "valid_data_points": 4600,
  "data_sources": 4,
  "active_alerts": 2292710,
  "market_signals": 101
}