{
  "timestamp": "2025-08-27T14:07:39.107201",
  "overall_quality": 1.0,
  "avg_latency": 249.03290729121287,
  "total_data_points": 4780,
  "valid_data_points": 4780,
  "data_sources": 4,
  "active_alerts": 1143175,
  "market_signals": 101
}