{
  "timestamp": "2025-08-25T18:15:53.212589",
  "overall_quality": 1.0,
  "avg_latency": 210.7142896928403,
  "total_data_points": 4190,
  "valid_data_points": 4190,
  "data_sources": 4,
  "active_alerts": 18646,
  "market_signals": 101
}