{
  "timestamp": "2025-08-26T19:24:58.957381",
  "overall_quality": 1.0,
  "avg_latency": 174.52291965820893,
  "total_data_points": 3350,
  "valid_data_points": 3350,
  "data_sources": 4,
  "active_alerts": 662152,
  "market_signals": 102
}