{
  "timestamp": "2025-08-27T19:36:35.990714",
  "overall_quality": 1.0,
  "avg_latency": 215.0076783060386,
  "total_data_points": 4140,
  "valid_data_points": 4140,
  "data_sources": 4,
  "active_alerts": 1283475,
  "market_signals": 101
}