{
  "timestamp": "2025-08-28T15:34:53.367660",
  "overall_quality": 1.0,
  "avg_latency": 159.11770731862777,
  "total_data_points": 3060,
  "valid_data_points": 3060,
  "data_sources": 4,
  "active_alerts": 1799361,
  "market_signals": 100
}