{
  "timestamp": "2025-08-27T22:05:54.079685",
  "overall_quality": 1.0,
  "avg_latency": 193.63222641688313,
  "total_data_points": 3850,
  "valid_data_points": 3850,
  "data_sources": 4,
  "active_alerts": 1347141,
  "market_signals": 100
}