{
  "timestamp": "2025-08-27T20:57:47.978784",
  "overall_quality": 1.0,
  "avg_latency": 250.84553431552825,
  "total_data_points": 4830,
  "valid_data_points": 4830,
  "data_sources": 4,
  "active_alerts": 1317385,
  "market_signals": 102
}