{
  "timestamp": "2025-08-27T06:35:57.821867",
  "overall_quality": 1.0,
  "avg_latency": 200.40115663688314,
  "total_data_points": 3850,
  "valid_data_points": 3850,
  "data_sources": 4,
  "active_alerts": 949719,
  "market_signals": 102
}