{
  "timestamp": "2025-08-26T20:23:40.464500",
  "overall_quality": 1.0,
  "avg_latency": 285.2284171484468,
  "total_data_points": 5470,
  "valid_data_points": 5470,
  "data_sources": 4,
  "active_alerts": 687408,
  "market_signals": 100
}