{
  "timestamp": "2025-08-28T13:45:47.815531",
  "overall_quality": 1.0,
  "avg_latency": 186.44896573396264,
  "total_data_points": 3710,
  "valid_data_points": 3710,
  "data_sources": 4,
  "active_alerts": 1752588,
  "market_signals": 102
}