{
  "timestamp": "2025-08-29T04:27:46.396249",
  "overall_quality": 1.0,
  "avg_latency": 243.76048432845295,
  "total_data_points": 4850,
  "valid_data_points": 4850,
  "data_sources": 4,
  "active_alerts": 2138388,
  "market_signals": 101
}