{
  "timestamp": "2025-08-27T05:33:49.184433",
  "overall_quality": 1.0,
  "avg_latency": 286.0515568477322,
  "total_data_points": 5510,
  "valid_data_points": 5510,
  "data_sources": 4,
  "active_alerts": 921986,
  "market_signals": 104
}