{
  "timestamp": "2025-08-30T08:31:55.586621",
  "overall_quality": 1.0,
  "avg_latency": 211.60156467529694,
  "total_data_points": 4210,
  "valid_data_points": 4210,
  "data_sources": 4,
  "active_alerts": 2869451,
  "market_signals": 102
}