{
  "timestamp": "2025-08-27T00:16:54.471325",
  "overall_quality": 1.0,
  "avg_latency": 230.56154570406324,
  "total_data_points": 4430,
  "valid_data_points": 4430,
  "data_sources": 4,
  "active_alerts": 786054,
  "market_signals": 100
}