{
  "timestamp": "2025-08-28T02:26:59.193179",
  "overall_quality": 1.0,
  "avg_latency": 225.80029215011228,
  "total_data_points": 4470,
  "valid_data_points": 4470,
  "data_sources": 4,
  "active_alerts": 1462254,
  "market_signals": 100
}