{
  "timestamp": "2025-08-27T16:50:39.184405",
  "overall_quality": 1.0,
  "avg_latency": 187.91739709806114,
  "total_data_points": 3610,
  "valid_data_points": 3610,
  "data_sources": 4,
  "active_alerts": 1212769,
  "market_signals": 100
}