{
  "timestamp": "2025-08-29T10:42:36.399703",
  "overall_quality": 1.0,
  "avg_latency": 237.0146500554816,
  "total_data_points": 4560,
  "valid_data_points": 4560,
  "data_sources": 4,
  "active_alerts": 2301342,
  "market_signals": 103
}