{
  "timestamp": "2025-08-29T04:50:46.896006",
  "overall_quality": 1.0,
  "avg_latency": 183.74954182322406,
  "total_data_points": 3660,
  "valid_data_points": 3660,
  "data_sources": 4,
  "active_alerts": 2148491,
  "market_signals": 102
}