{
  "timestamp": "2025-08-29T08:02:53.605728",
  "overall_quality": 1.0,
  "avg_latency": 246.03633328396597,
  "total_data_points": 4740,
  "valid_data_points": 4740,
  "data_sources": 4,
  "active_alerts": 2233003,
  "market_signals": 103
}