{
  "timestamp": "2025-08-28T22:02:38.967066",
  "overall_quality": 1.0,
  "avg_latency": 240.3763595421706,
  "total_data_points": 4790,
  "valid_data_points": 4790,
  "data_sources": 4,
  "active_alerts": 1967629,
  "market_signals": 103
}