{
  "timestamp": "2025-08-28T09:52:37.277777",
  "overall_quality": 1.0,
  "avg_latency": 242.14971942403454,
  "total_data_points": 4660,
  "valid_data_points": 4660,
  "data_sources": 4,
  "active_alerts": 1652723,
  "market_signals": 101
}