{
  "timestamp": "2025-08-27T22:32:54.582016",
  "overall_quality": 1.0,
  "avg_latency": 253.64877335277754,
  "total_data_points": 5040,
  "valid_data_points": 5040,
  "data_sources": 4,
  "active_alerts": 1359374,
  "market_signals": 102
}