{
  "timestamp": "2025-08-29T10:49:37.039277",
  "overall_quality": 1.0,
  "avg_latency": 297.81206957412587,
  "total_data_points": 5720,
  "valid_data_points": 5720,
  "data_sources": 4,
  "active_alerts": 2304342,
  "market_signals": 101
}