{
  "timestamp": "2025-08-29T20:39:37.977925",
  "overall_quality": 1.0,
  "avg_latency": 294.69833123392164,
  "total_data_points": 5660,
  "valid_data_points": 5660,
  "data_sources": 4,
  "active_alerts": 2555962,
  "market_signals": 103
}