{
  "timestamp": "2025-08-25T21:31:54.683800",
  "overall_quality": 1.0,
  "avg_latency": 240.63081018643206,
  "total_data_points": 4570,
  "valid_data_points": 4570,
  "data_sources": 4,
  "active_alerts": 103174,
  "market_signals": 102
}