{
  "timestamp": "2025-08-26T03:52:39.336515",
  "overall_quality": 1.0,
  "avg_latency": 259.9524921149713,
  "total_data_points": 5010,
  "valid_data_points": 5010,
  "data_sources": 4,
  "active_alerts": 264149,
  "market_signals": 103
}