{
  "timestamp": "2025-08-27T03:14:55.993632",
  "overall_quality": 1.0,
  "avg_latency": 170.39496282560995,
  "total_data_points": 3280,
  "valid_data_points": 3280,
  "data_sources": 4,
  "active_alerts": 862376,
  "market_signals": 105
}