{
  "timestamp": "2025-08-27T04:49:42.159700",
  "overall_quality": 1.0,
  "avg_latency": 162.81708210063684,
  "total_data_points": 3140,
  "valid_data_points": 3140,
  "data_sources": 4,
  "active_alerts": 903253,
  "market_signals": 101
}