{
  "timestamp": "2025-08-25T18:35:53.733930",
  "overall_quality": 1.0,
  "avg_latency": 210.84451672000017,
  "total_data_points": 4200,
  "valid_data_points": 4200,
  "data_sources": 4,
  "active_alerts": 27614,
  "market_signals": 102
}