{
  "timestamp": "2025-08-26T22:05:59.502325",
  "overall_quality": 1.0,
  "avg_latency": 204.2811399905369,
  "total_data_points": 3910,
  "valid_data_points": 3910,
  "data_sources": 4,
  "active_alerts": 731309,
  "market_signals": 100
}