{
  "timestamp": "2025-08-26T02:45:57.660326",
  "overall_quality": 1.0,
  "avg_latency": 209.70683741311922,
  "total_data_points": 4040,
  "valid_data_points": 4040,
  "data_sources": 4,
  "active_alerts": 236322,
  "market_signals": 103
}