{
  "timestamp": "2025-08-26T15:55:48.967560",
  "overall_quality": 1.0,
  "avg_latency": 201.20258324051895,
  "total_data_points": 3850,
  "valid_data_points": 3850,
  "data_sources": 4,
  "active_alerts": 572552,
  "market_signals": 100
}