{
  "timestamp": "2025-08-26T12:44:45.345922",
  "overall_quality": 1.0,
  "avg_latency": 170.0936564487802,
  "total_data_points": 3280,
  "valid_data_points": 3280,
  "data_sources": 4,
  "active_alerts": 490718,
  "market_signals": 102
}