{
  "timestamp": "2025-08-26T23:58:50.893892",
  "overall_quality": 1.0,
  "avg_latency": 288.75902693327373,
  "total_data_points": 5560,
  "valid_data_points": 5560,
  "data_sources": 4,
  "active_alerts": 778043,
  "market_signals": 102
}