{
  "timestamp": "2025-08-27T08:02:41.354211",
  "overall_quality": 1.0,
  "avg_latency": 251.61540423119834,
  "total_data_points": 4840,
  "valid_data_points": 4840,
  "data_sources": 4,
  "active_alerts": 986461,
  "market_signals": 106
}