{
  "timestamp": "2025-08-27T15:02:48.008203",
  "overall_quality": 1.0,
  "avg_latency": 252.381483097326,
  "total_data_points": 4860,
  "valid_data_points": 4860,
  "data_sources": 4,
  "active_alerts": 1166590,
  "market_signals": 102
}