{
  "timestamp": "2025-08-30T00:08:45.954031",
  "overall_quality": 1.0,
  "avg_latency": 267.91934248007533,
  "total_data_points": 5320,
  "valid_data_points": 5320,
  "data_sources": 4,
  "active_alerts": 2648597,
  "market_signals": 102
}