{
  "timestamp": "2025-08-29T12:43:47.930047",
  "overall_quality": 1.0,
  "avg_latency": 272.63815425334565,
  "total_data_points": 5230,
  "valid_data_points": 5230,
  "data_sources": 4,
  "active_alerts": 2353229,
  "market_signals": 100
}