{
  "timestamp": "2025-08-30T05:16:51.956119",
  "overall_quality": 1.0,
  "avg_latency": 209.93048908205765,
  "total_data_points": 4180,
  "valid_data_points": 4180,
  "data_sources": 4,
  "active_alerts": 2783497,
  "market_signals": 101
}