{
  "timestamp": "2025-08-26T23:37:47.030672",
  "overall_quality": 1.0,
  "avg_latency": 256.93668282206454,
  "total_data_points": 4940,
  "valid_data_points": 4940,
  "data_sources": 4,
  "active_alerts": 769234,
  "market_signals": 100
}