{
  "timestamp": "2025-08-26T06:05:34.951366",
  "overall_quality": 1.0,
  "avg_latency": 197.60275666578923,
  "total_data_points": 3800,
  "valid_data_points": 3800,
  "data_sources": 4,
  "active_alerts": 320256,
  "market_signals": 101
}