{
  "timestamp": "2025-08-25T21:44:57.958715",
  "overall_quality": 1.0,
  "avg_latency": 182.0051419382604,
  "total_data_points": 3450,
  "valid_data_points": 3450,
  "data_sources": 4,
  "active_alerts": 108562,
  "market_signals": 101
}