{
  "timestamp": "2025-08-26T01:35:44.239796",
  "overall_quality": 1.0,
  "avg_latency": 203.53075068542176,
  "total_data_points": 3910,
  "valid_data_points": 3910,
  "data_sources": 4,
  "active_alerts": 206717,
  "market_signals": 101
}