{
  "timestamp": "2025-08-27T07:35:37.103083",
  "overall_quality": 1.0,
  "avg_latency": 189.36075439369836,
  "total_data_points": 3650,
  "valid_data_points": 3650,
  "data_sources": 4,
  "active_alerts": 975092,
  "market_signals": 101
}