{
  "timestamp": "2025-08-27T21:32:51.928804",
  "overall_quality": 1.0,
  "avg_latency": 252.4661552987655,
  "total_data_points": 4860,
  "valid_data_points": 4860,
  "data_sources": 4,
  "active_alerts": 1332485,
  "market_signals": 100
}