{
  "timestamp": "2025-08-27T13:18:31.985056",
  "overall_quality": 1.0,
  "avg_latency": 275.3883470283554,
  "total_data_points": 5290,
  "valid_data_points": 5290,
  "data_sources": 4,
  "active_alerts": 1122089,
  "market_signals": 101
}