{
  "timestamp": "2025-08-29T02:20:43.984044",
  "overall_quality": 1.0,
  "avg_latency": 183.0037831016524,
  "total_data_points": 3630,
  "valid_data_points": 3630,
  "data_sources": 4,
  "active_alerts": 2081951,
  "market_signals": 100
}