{
  "timestamp": "2025-08-30T06:12:53.123104",
  "overall_quality": 1.0,
  "avg_latency": 240.50722830563677,
  "total_data_points": 4790,
  "valid_data_points": 4790,
  "data_sources": 4,
  "active_alerts": 2808360,
  "market_signals": 102
}