{
  "timestamp": "2025-08-29T03:14:45.052386",
  "overall_quality": 1.0,
  "avg_latency": 152.8631693078949,
  "total_data_points": 3040,
  "valid_data_points": 3040,
  "data_sources": 4,
  "active_alerts": 2106276,
  "market_signals": 100
}