{
  "timestamp": "2025-08-27T14:32:43.428443",
  "overall_quality": 1.0,
  "avg_latency": 250.80440341076604,
  "total_data_points": 4830,
  "valid_data_points": 4830,
  "data_sources": 4,
  "active_alerts": 1153909,
  "market_signals": 103
}