{
  "timestamp": "2025-08-26T14:58:39.428220",
  "overall_quality": 1.0,
  "avg_latency": 287.2261688915005,
  "total_data_points": 5530,
  "valid_data_points": 5530,
  "data_sources": 4,
  "active_alerts": 548465,
  "market_signals": 101
}