{
  "timestamp": "2025-08-28T08:20:59.209179",
  "overall_quality": 1.0,
  "avg_latency": 193.82657527795712,
  "total_data_points": 3720,
  "valid_data_points": 3720,
  "data_sources": 4,
  "active_alerts": 1613674,
  "market_signals": 105
}