{
  "timestamp": "2025-08-30T06:48:53.731280",
  "overall_quality": 1.0,
  "avg_latency": 270.49140747662295,
  "total_data_points": 5390,
  "valid_data_points": 5390,
  "data_sources": 4,
  "active_alerts": 2823789,
  "market_signals": 101
}