{
  "timestamp": "2025-08-25T19:38:31.261948",
  "overall_quality": 1.0,
  "avg_latency": 289.32815875909813,
  "total_data_points": 5550,
  "valid_data_points": 5550,
  "data_sources": 4,
  "active_alerts": 55046,
  "market_signals": 102
}