{
  "timestamp": "2025-08-28T19:24:36.053287",
  "overall_quality": 1.0,
  "avg_latency": 299.681071161176,
  "total_data_points": 5950,
  "valid_data_points": 5950,
  "data_sources": 4,
  "active_alerts": 1898105,
  "market_signals": 102
}