{
  "timestamp": "2025-08-26T16:10:51.741893",
  "overall_quality": 1.0,
  "avg_latency": 202.44475101675295,
  "total_data_points": 3880,
  "valid_data_points": 3880,
  "data_sources": 4,
  "active_alerts": 579115,
  "market_signals": 100
}