{
  "timestamp": "2025-08-27T11:43:45.193088",
  "overall_quality": 1.0,
  "avg_latency": 282.12671880828754,
  "total_data_points": 5430,
  "valid_data_points": 5430,
  "data_sources": 4,
  "active_alerts": 1081742,
  "market_signals": 101
}