{
  "timestamp": "2025-08-28T13:44:47.799619",
  "overall_quality": 1.0,
  "avg_latency": 156.61557862861753,
  "total_data_points": 3110,
  "valid_data_points": 3110,
  "data_sources": 4,
  "active_alerts": 1752237,
  "market_signals": 102
}