{
  "timestamp": "2025-08-26T16:37:57.028240",
  "overall_quality": 1.0,
  "avg_latency": 264.57308867263856,
  "total_data_points": 5080,
  "valid_data_points": 5080,
  "data_sources": 4,
  "active_alerts": 590951,
  "market_signals": 103
}