{
  "timestamp": "2025-08-26T06:16:36.483491",
  "overall_quality": 1.0,
  "avg_latency": 228.1013652883823,
  "total_data_points": 4390,
  "valid_data_points": 4390,
  "data_sources": 4,
  "active_alerts": 325025,
  "market_signals": 101
}