{
  "timestamp": "2025-08-26T18:08:43.897800",
  "overall_quality": 1.0,
  "avg_latency": 287.139750144927,
  "total_data_points": 5520,
  "valid_data_points": 5520,
  "data_sources": 4,
  "active_alerts": 629698,
  "market_signals": 100
}