{
  "timestamp": "2025-08-28T18:05:34.597552",
  "overall_quality": 1.0,
  "avg_latency": 178.56298310786508,
  "total_data_points": 3560,
  "valid_data_points": 3560,
  "data_sources": 4,
  "active_alerts": 1864094,
  "market_signals": 102
}