{
  "timestamp": "2025-08-29T05:41:48.049400",
  "overall_quality": 1.0,
  "avg_latency": 214.23403831247097,
  "total_data_points": 4250,
  "valid_data_points": 4250,
  "data_sources": 4,
  "active_alerts": 2170817,
  "market_signals": 102
}