{
  "timestamp": "2025-08-30T05:47:52.612354",
  "overall_quality": 1.0,
  "avg_latency": 240.75407738514625,
  "total_data_points": 4780,
  "valid_data_points": 4780,
  "data_sources": 4,
  "active_alerts": 2797343,
  "market_signals": 101
}