{
  "timestamp": "2025-08-26T05:56:33.507830",
  "overall_quality": 1.0,
  "avg_latency": 226.74426640915323,
  "total_data_points": 4370,
  "valid_data_points": 4370,
  "data_sources": 4,
  "active_alerts": 316517,
  "market_signals": 103
}