{
  "timestamp": "2025-08-29T10:23:34.866233",
  "overall_quality": 1.0,
  "avg_latency": 268.0491908619693,
  "total_data_points": 5180,
  "valid_data_points": 5180,
  "data_sources": 4,
  "active_alerts": 2293101,
  "market_signals": 100
}