{
  "timestamp": "2025-08-27T09:52:58.227680",
  "overall_quality": 1.0,
  "avg_latency": 259.12385312905803,
  "total_data_points": 4990,
  "valid_data_points": 4990,
  "data_sources": 4,
  "active_alerts": 1033816,
  "market_signals": 102
}