{
  "timestamp": "2025-08-27T13:21:32.323647",
  "overall_quality": 1.0,
  "avg_latency": 215.45974001590423,
  "total_data_points": 4150,
  "valid_data_points": 4150,
  "data_sources": 4,
  "active_alerts": 1123242,
  "market_signals": 103
}