{
  "timestamp": "2025-08-30T01:50:48.086402",
  "overall_quality": 1.0,
  "avg_latency": 178.5507642890452,
  "total_data_points": 3560,
  "valid_data_points": 3560,
  "data_sources": 4,
  "active_alerts": 2693283,
  "market_signals": 103
}