{
  "timestamp": "2025-08-26T01:17:41.117943",
  "overall_quality": 1.0,
  "avg_latency": 261.9950092835325,
  "total_data_points": 5040,
  "valid_data_points": 5040,
  "data_sources": 4,
  "active_alerts": 198684,
  "market_signals": 101
}