{
  "timestamp": "2025-08-28T13:24:47.452497",
  "overall_quality": 1.0,
  "avg_latency": 156.470197027974,
  "total_data_points": 3110,
  "valid_data_points": 3110,
  "data_sources": 4,
  "active_alerts": 1743319,
  "market_signals": 101
}