{
  "timestamp": "2025-08-29T23:24:45.138434",
  "overall_quality": 1.0,
  "avg_latency": 297.7266966163842,
  "total_data_points": 5920,
  "valid_data_points": 5920,
  "data_sources": 4,
  "active_alerts": 2629347,
  "market_signals": 103
}