{
  "timestamp": "2025-08-28T08:34:31.128225",
  "overall_quality": 1.0,
  "avg_latency": 299.02456094027724,
  "total_data_points": 5760,
  "valid_data_points": 5760,
  "data_sources": 4,
  "active_alerts": 1619612,
  "market_signals": 102
}