{
  "timestamp": "2025-08-28T06:20:47.983979",
  "overall_quality": 1.0,
  "avg_latency": 189.09514117664855,
  "total_data_points": 3640,
  "valid_data_points": 3640,
  "data_sources": 4,
  "active_alerts": 1563190,
  "market_signals": 100
}