{
  "timestamp": "2025-08-26T14:07:59.692390",
  "overall_quality": 1.0,
  "avg_latency": 267.429970280157,
  "total_data_points": 5140,
  "valid_data_points": 5140,
  "data_sources": 4,
  "active_alerts": 526705,
  "market_signals": 101
}