{
  "timestamp": "2025-08-26T02:35:55.846107",
  "overall_quality": 1.0,
  "avg_latency": 209.10157069203967,
  "total_data_points": 4020,
  "valid_data_points": 4020,
  "data_sources": 4,
  "active_alerts": 232140,
  "market_signals": 102
}