{
  "timestamp": "2025-08-25T21:50:59.246218",
  "overall_quality": 1.0,
  "avg_latency": 212.37917899306925,
  "total_data_points": 4040,
  "valid_data_points": 4040,
  "data_sources": 4,
  "active_alerts": 111010,
  "market_signals": 100
}