{
  "timestamp": "2025-08-26T02:39:56.552990",
  "overall_quality": 1.0,
  "avg_latency": 178.88970569971033,
  "total_data_points": 3450,
  "valid_data_points": 3450,
  "data_sources": 4,
  "active_alerts": 233930,
  "market_signals": 100
}