{
  "timestamp": "2025-08-28T03:49:33.107209",
  "overall_quality": 1.0,
  "avg_latency": 151.9108903607504,
  "total_data_points": 2930,
  "valid_data_points": 2930,
  "data_sources": 4,
  "active_alerts": 1498448,
  "market_signals": 101
}