{
  "timestamp": "2025-08-26T03:50:38.946889",
  "overall_quality": 1.0,
  "avg_latency": 199.8639952742858,
  "total_data_points": 3850,
  "valid_data_points": 3850,
  "data_sources": 4,
  "active_alerts": 263382,
  "market_signals": 102
}