{
  "timestamp": "2025-08-26T16:25:54.867451",
  "overall_quality": 1.0,
  "avg_latency": 203.53271912358983,
  "total_data_points": 3900,
  "valid_data_points": 3900,
  "data_sources": 4,
  "active_alerts": 585836,
  "market_signals": 102
}