{
  "timestamp": "2025-08-25T22:46:42.666195",
  "overall_quality": 1.0,
  "avg_latency": 233.70115175933364,
  "total_data_points": 4500,
  "valid_data_points": 4500,
  "data_sources": 4,
  "active_alerts": 134844,
  "market_signals": 101
}