{
  "timestamp": "2025-08-28T18:04:34.581747",
  "overall_quality": 1.0,
  "avg_latency": 298.603597413299,
  "total_data_points": 5940,
  "valid_data_points": 5940,
  "data_sources": 4,
  "active_alerts": 1863686,
  "market_signals": 101
}