{
  "timestamp": "2025-08-26T06:36:40.083033",
  "overall_quality": 1.0,
  "avg_latency": 229.75709465746587,
  "total_data_points": 4420,
  "valid_data_points": 4420,
  "data_sources": 4,
  "active_alerts": 333527,
  "market_signals": 102
}