{
  "timestamp": "2025-08-26T08:08:56.940751",
  "overall_quality": 1.0,
  "avg_latency": 297.5993345576926,
  "total_data_points": 5720,
  "valid_data_points": 5720,
  "data_sources": 4,
  "active_alerts": 373787,
  "market_signals": 102
}