{
  "timestamp": "2025-08-27T23:43:55.911803",
  "overall_quality": 1.0,
  "avg_latency": 284.0772565369914,
  "total_data_points": 5650,
  "valid_data_points": 5650,
  "data_sources": 4,
  "active_alerts": 1390680,
  "market_signals": 102
}