{
  "timestamp": "2025-08-28T04:23:36.195207",
  "overall_quality": 1.0,
  "avg_latency": 273.59140717821987,
  "total_data_points": 5280,
  "valid_data_points": 5280,
  "data_sources": 4,
  "active_alerts": 1512694,
  "market_signals": 101
}