{
  "timestamp": "2025-08-29T17:36:47.769963",
  "overall_quality": 1.0,
  "avg_latency": 210.52565958341637,
  "total_data_points": 4040,
  "valid_data_points": 4040,
  "data_sources": 4,
  "active_alerts": 2477755,
  "market_signals": 105
}