{
  "timestamp": "2025-08-29T00:08:41.384901",
  "overall_quality": 1.0,
  "avg_latency": 271.26966511611045,
  "total_data_points": 5400,
  "valid_data_points": 5400,
  "data_sources": 4,
  "active_alerts": 2024067,
  "market_signals": 100
}