{
  "timestamp": "2025-08-28T15:28:52.626350",
  "overall_quality": 1.0,
  "avg_latency": 279.00256058768673,
  "total_data_points": 5360,
  "valid_data_points": 5360,
  "data_sources": 4,
  "active_alerts": 1796953,
  "market_signals": 102
}