{
  "timestamp": "2025-08-26T10:24:50.422357",
  "overall_quality": 1.0,
  "avg_latency": 173.7679442534332,
  "total_data_points": 3350,
  "valid_data_points": 3350,
  "data_sources": 4,
  "active_alerts": 431376,
  "market_signals": 102
}