{
  "timestamp": "2025-08-27T03:38:30.310627",
  "overall_quality": 1.0,
  "avg_latency": 277.5732572395868,
  "total_data_points": 5330,
  "valid_data_points": 5330,
  "data_sources": 4,
  "active_alerts": 872662,
  "market_signals": 101
}