{
  "timestamp": "2025-08-26T11:01:56.551446",
  "overall_quality": 1.0,
  "avg_latency": 236.7729287481315,
  "total_data_points": 4550,
  "valid_data_points": 4550,
  "data_sources": 4,
  "active_alerts": 447170,
  "market_signals": 101
}