{
  "timestamp": "2025-08-27T16:19:33.269469",
  "overall_quality": 1.0,
  "avg_latency": 154.67888856632965,
  "total_data_points": 2970,
  "valid_data_points": 2970,
  "data_sources": 4,
  "active_alerts": 1199564,
  "market_signals": 104
}