{
  "timestamp": "2025-08-30T07:55:54.902043",
  "overall_quality": 1.0,
  "avg_latency": 181.4915202211111,
  "total_data_points": 3600,
  "valid_data_points": 3600,
  "data_sources": 4,
  "active_alerts": 2853637,
  "market_signals": 101
}