{
  "timestamp": "2025-08-28T00:43:57.011008",
  "overall_quality": 1.0,
  "avg_latency": 284.8984571171379,
  "total_data_points": 5660,
  "valid_data_points": 5660,
  "data_sources": 4,
  "active_alerts": 1416771,
  "market_signals": 101
}