{
  "timestamp": "2025-08-28T05:21:41.208305",
  "overall_quality": 1.0,
  "avg_latency": 215.0897432750004,
  "total_data_points": 4160,
  "valid_data_points": 4160,
  "data_sources": 4,
  "active_alerts": 1537770,
  "market_signals": 101
}