{
  "timestamp": "2025-08-28T17:32:32.961514",
  "overall_quality": 1.0,
  "avg_latency": 238.24031196441058,
  "total_data_points": 4580,
  "valid_data_points": 4580,
  "data_sources": 4,
  "active_alerts": 1850007,
  "market_signals": 101
}