{
  "timestamp": "2025-08-27T06:39:58.724216",
  "overall_quality": 1.0,
  "avg_latency": 170.38296785061,
  "total_data_points": 3280,
  "valid_data_points": 3280,
  "data_sources": 4,
  "active_alerts": 951478,
  "market_signals": 100
}