{
  "timestamp": "2025-08-27T19:57:39.912970",
  "overall_quality": 1.0,
  "avg_latency": 247.06845598839743,
  "total_data_points": 4740,
  "valid_data_points": 4740,
  "data_sources": 4,
  "active_alerts": 1292243,
  "market_signals": 100
}