{
  "timestamp": "2025-08-27T12:15:51.199479",
  "overall_quality": 1.0,
  "avg_latency": 195.09707976010554,
  "total_data_points": 3760,
  "valid_data_points": 3760,
  "data_sources": 4,
  "active_alerts": 1095377,
  "market_signals": 101
}