{
  "timestamp": "2025-08-29T19:28:31.598669",
  "overall_quality": 1.0,
  "avg_latency": 261.93330008668016,
  "total_data_points": 5030,
  "valid_data_points": 5030,
  "data_sources": 4,
  "active_alerts": 2525438,
  "market_signals": 100
}