{
  "timestamp": "2025-08-25T21:22:52.675326",
  "overall_quality": 1.0,
  "avg_latency": 269.8105208152047,
  "total_data_points": 5130,
  "valid_data_points": 5130,
  "data_sources": 4,
  "active_alerts": 99381,
  "market_signals": 102
}