{
  "timestamp": "2025-08-26T11:33:32.578352",
  "overall_quality": 1.0,
  "avg_latency": 284.2814817169714,
  "total_data_points": 5480,
  "valid_data_points": 5480,
  "data_sources": 4,
  "active_alerts": 461361,
  "market_signals": 100
}