{
  "timestamp": "2025-08-26T15:23:43.033506",
  "overall_quality": 1.0,
  "avg_latency": 288.374508315913,
  "total_data_points": 5530,
  "valid_data_points": 5530,
  "data_sources": 4,
  "active_alerts": 559009,
  "market_signals": 100
}