{
  "timestamp": "2025-08-29T19:51:33.669928",
  "overall_quality": 1.0,
  "avg_latency": 202.50038591850844,
  "total_data_points": 3890,
  "valid_data_points": 3890,
  "data_sources": 4,
  "active_alerts": 2535265,
  "market_signals": 100
}