{
  "timestamp": "2025-08-30T05:58:52.847723",
  "overall_quality": 1.0,
  "avg_latency": 270.46949818940453,
  "total_data_points": 5380,
  "valid_data_points": 5380,
  "data_sources": 4,
  "active_alerts": 2802150,
  "market_signals": 100
}