{
  "timestamp": "2025-08-29T23:45:45.528809",
  "overall_quality": 1.0,
  "avg_latency": 177.51245706204006,
  "total_data_points": 3530,
  "valid_data_points": 3530,
  "data_sources": 4,
  "active_alerts": 2638472,
  "market_signals": 101
}