{
  "timestamp": "2025-08-29T13:45:53.344059",
  "overall_quality": 1.0,
  "avg_latency": 184.35715261999982,
  "total_data_points": 3550,
  "valid_data_points": 3550,
  "data_sources": 4,
  "active_alerts": 2379880,
  "market_signals": 101
}