{
  "timestamp": "2025-08-27T03:20:57.070100",
  "overall_quality": 1.0,
  "avg_latency": 200.7390900259069,
  "total_data_points": 3860,
  "valid_data_points": 3860,
  "data_sources": 4,
  "active_alerts": 865092,
  "market_signals": 101
}