{
  "timestamp": "2025-08-26T12:17:39.873586",
  "overall_quality": 1.0,
  "avg_latency": 257.1022746593554,
  "total_data_points": 4970,
  "valid_data_points": 4970,
  "data_sources": 4,
  "active_alerts": 479683,
  "market_signals": 101
}