{
  "timestamp": "2025-08-26T20:17:39.422049",
  "overall_quality": 1.0,
  "avg_latency": 254.22643543292472,
  "total_data_points": 4890,
  "valid_data_points": 4890,
  "data_sources": 4,
  "active_alerts": 684997,
  "market_signals": 102
}