{
  "timestamp": "2025-08-26T15:06:40.416649",
  "overall_quality": 1.0,
  "avg_latency": 227.0019243144168,
  "total_data_points": 4370,
  "valid_data_points": 4370,
  "data_sources": 4,
  "active_alerts": 551809,
  "market_signals": 100
}