{
  "timestamp": "2025-08-29T23:09:44.824697",
  "overall_quality": 1.0,
  "avg_latency": 297.06837093891664,
  "total_data_points": 5910,
  "valid_data_points": 5910,
  "data_sources": 4,
  "active_alerts": 2622791,
  "market_signals": 101
}