{
  "timestamp": "2025-08-30T00:38:46.543780",
  "overall_quality": 1.0,
  "avg_latency": 268.0229687530076,
  "total_data_points": 5320,
  "valid_data_points": 5320,
  "data_sources": 4,
  "active_alerts": 2661844,
  "market_signals": 101
}