{
  "timestamp": "2025-08-25T19:28:58.820405",
  "overall_quality": 1.0,
  "avg_latency": 153.09531665102057,
  "total_data_points": 2940,
  "valid_data_points": 2940,
  "data_sources": 4,
  "active_alerts": 51051,
  "market_signals": 103
}