{
  "timestamp": "2025-08-29T08:21:54.787453",
  "overall_quality": 1.0,
  "avg_latency": 217.04350541148386,
  "total_data_points": 4180,
  "valid_data_points": 4180,
  "data_sources": 4,
  "active_alerts": 2241205,
  "market_signals": 102
}