{
  "timestamp": "2025-08-29T23:23:45.110622",
  "overall_quality": 1.0,
  "avg_latency": 267.87318459774406,
  "total_data_points": 5320,
  "valid_data_points": 5320,
  "data_sources": 4,
  "active_alerts": 2628978,
  "market_signals": 101
}