{
  "timestamp": "2025-08-29T18:01:51.367767",
  "overall_quality": 1.0,
  "avg_latency": 211.76306827936125,
  "total_data_points": 4070,
  "valid_data_points": 4070,
  "data_sources": 4,
  "active_alerts": 2488046,
  "market_signals": 101
}