{
  "timestamp": "2025-08-30T02:25:48.830370",
  "overall_quality": 1.0,
  "avg_latency": 178.93360376881947,
  "total_data_points": 3560,
  "valid_data_points": 3560,
  "data_sources": 4,
  "active_alerts": 2709120,
  "market_signals": 100
}