{
  "timestamp": "2025-08-28T07:33:54.707509",
  "overall_quality": 1.0,
  "avg_latency": 281.54623339077546,
  "total_data_points": 5420,
  "valid_data_points": 5420,
  "data_sources": 4,
  "active_alerts": 1593693,
  "market_signals": 101
}