{
  "timestamp": "2025-08-29T22:15:43.677579",
  "overall_quality": 1.0,
  "avg_latency": 177.02967149204517,
  "total_data_points": 3520,
  "valid_data_points": 3520,
  "data_sources": 4,
  "active_alerts": 2597840,
  "market_signals": 101
}