{
  "timestamp": "2025-08-27T21:09:49.427628",
  "overall_quality": 1.0,
  "avg_latency": 161.49852757387083,
  "total_data_points": 3100,
  "valid_data_points": 3100,
  "data_sources": 4,
  "active_alerts": 1322705,
  "market_signals": 103
}