{
  "timestamp": "2025-08-28T13:18:47.320733",
  "overall_quality": 1.0,
  "avg_latency": 276.69083124690843,
  "total_data_points": 5500,
  "valid_data_points": 5500,
  "data_sources": 4,
  "active_alerts": 1740553,
  "market_signals": 101
}