{
  "timestamp": "2025-08-29T02:13:43.859719",
  "overall_quality": 1.0,
  "avg_latency": 272.60805413628003,
  "total_data_points": 5430,
  "valid_data_points": 5430,
  "data_sources": 4,
  "active_alerts": 2078936,
  "market_signals": 101
}