{
  "timestamp": "2025-08-27T18:03:50.959522",
  "overall_quality": 1.0,
  "avg_latency": 283.23062586103043,
  "total_data_points": 5440,
  "valid_data_points": 5440,
  "data_sources": 4,
  "active_alerts": 1244010,
  "market_signals": 101
}