{
  "timestamp": "2025-08-28T20:27:37.220719",
  "overall_quality": 1.0,
  "avg_latency": 239.54086724444414,
  "total_data_points": 4770,
  "valid_data_points": 4770,
  "data_sources": 4,
  "active_alerts": 1925350,
  "market_signals": 101
}