{
  "timestamp": "2025-08-28T02:10:58.786033",
  "overall_quality": 1.0,
  "avg_latency": 195.6539808030928,
  "total_data_points": 3880,
  "valid_data_points": 3880,
  "data_sources": 4,
  "active_alerts": 1455391,
  "market_signals": 101
}