{
  "timestamp": "2025-08-30T00:59:47.000155",
  "overall_quality": 1.0,
  "avg_latency": 297.8944148251259,
  "total_data_points": 5930,
  "valid_data_points": 5930,
  "data_sources": 4,
  "active_alerts": 2671241,
  "market_signals": 102
}