{
  "timestamp": "2025-08-27T20:35:46.222854",
  "overall_quality": 1.0,
  "avg_latency": 189.752107621644,
  "total_data_points": 3650,
  "valid_data_points": 3650,
  "data_sources": 4,
  "active_alerts": 1308188,
  "market_signals": 103
}