{
  "timestamp": "2025-08-26T04:20:45.038322",
  "overall_quality": 1.0,
  "avg_latency": 203.42979325178553,
  "total_data_points": 3920,
  "valid_data_points": 3920,
  "data_sources": 4,
  "active_alerts": 276103,
  "market_signals": 102
}