{
  "timestamp": "2025-08-28T09:34:35.898328",
  "overall_quality": 1.0,
  "avg_latency": 151.73101978253416,
  "total_data_points": 2920,
  "valid_data_points": 2920,
  "data_sources": 4,
  "active_alerts": 1645273,
  "market_signals": 101
}