{
  "timestamp": "2025-08-25T21:45:58.349832",
  "overall_quality": 1.0,
  "avg_latency": 211.87249059106696,
  "total_data_points": 4030,
  "valid_data_points": 4030,
  "data_sources": 4,
  "active_alerts": 108950,
  "market_signals": 102
}