{
  "timestamp": "2025-08-29T00:43:42.040305",
  "overall_quality": 1.0,
  "avg_latency": 271.898977896487,
  "total_data_points": 5410,
  "valid_data_points": 5410,
  "data_sources": 4,
  "active_alerts": 2040102,
  "market_signals": 101
}