{
  "timestamp": "2025-08-25T18:52:54.198360",
  "overall_quality": 1.0,
  "avg_latency": 271.1399276087193,
  "total_data_points": 5390,
  "valid_data_points": 5390,
  "data_sources": 4,
  "active_alerts": 35367,
  "market_signals": 103
}