{
  "timestamp": "2025-08-29T05:23:47.650779",
  "overall_quality": 1.0,
  "avg_latency": 273.91486571431165,
  "total_data_points": 5450,
  "valid_data_points": 5450,
  "data_sources": 4,
  "active_alerts": 2162949,
  "market_signals": 104
}