{
  "timestamp": "2025-08-28T06:36:49.538768",
  "overall_quality": 1.0,
  "avg_latency": 219.4525644186766,
  "total_data_points": 4230,
  "valid_data_points": 4230,
  "data_sources": 4,
  "active_alerts": 1569826,
  "market_signals": 101
}