{
  "timestamp": "2025-08-27T20:02:40.717704",
  "overall_quality": 1.0,
  "avg_latency": 247.52559851810577,
  "total_data_points": 4750,
  "valid_data_points": 4750,
  "data_sources": 4,
  "active_alerts": 1294296,
  "market_signals": 102
}