{
  "timestamp": "2025-08-29T09:24:30.145205",
  "overall_quality": 1.0,
  "avg_latency": 294.81266979116623,
  "total_data_points": 5660,
  "valid_data_points": 5660,
  "data_sources": 4,
  "active_alerts": 2267978,
  "market_signals": 100
}