{
  "timestamp": "2025-08-29T20:54:39.179557",
  "overall_quality": 1.0,
  "avg_latency": 294.73682234197474,
  "total_data_points": 5670,
  "valid_data_points": 5670,
  "data_sources": 4,
  "active_alerts": 2562396,
  "market_signals": 103
}