{
  "timestamp": "2025-08-27T09:28:54.003804",
  "overall_quality": 1.0,
  "avg_latency": 287.7543755793853,
  "total_data_points": 5530,
  "valid_data_points": 5530,
  "data_sources": 4,
  "active_alerts": 1023436,
  "market_signals": 101
}