{
  "timestamp": "2025-08-28T01:44:58.234008",
  "overall_quality": 1.0,
  "avg_latency": 165.36205562439036,
  "total_data_points": 3280,
  "valid_data_points": 3280,
  "data_sources": 4,
  "active_alerts": 1443724,
  "market_signals": 100
}