{
  "timestamp": "2025-08-28T14:04:48.206797",
  "overall_quality": 1.0,
  "avg_latency": 156.84354965865342,
  "total_data_points": 3120,
  "valid_data_points": 3120,
  "data_sources": 4,
  "active_alerts": 1761341,
  "market_signals": 102
}