{
  "timestamp": "2025-08-27T04:58:43.931056",
  "overall_quality": 1.0,
  "avg_latency": 283.7824746049533,
  "total_data_points": 5450,
  "valid_data_points": 5450,
  "data_sources": 4,
  "active_alerts": 906960,
  "market_signals": 105
}