{
  "timestamp": "2025-08-29T12:41:47.355688",
  "overall_quality": 1.0,
  "avg_latency": 211.9700496401967,
  "total_data_points": 4080,
  "valid_data_points": 4080,
  "data_sources": 4,
  "active_alerts": 2352310,
  "market_signals": 100
}