{
  "timestamp": "2025-08-26T14:49:37.931648",
  "overall_quality": 1.0,
  "avg_latency": 165.69484185531252,
  "total_data_points": 3200,
  "valid_data_points": 3200,
  "data_sources": 4,
  "active_alerts": 544774,
  "market_signals": 101
}