{
  "timestamp": "2025-08-30T00:14:46.081965",
  "overall_quality": 1.0,
  "avg_latency": 298.12528184594544,
  "total_data_points": 5920,
  "valid_data_points": 5920,
  "data_sources": 4,
  "active_alerts": 2651178,
  "market_signals": 103
}