{
  "timestamp": "2025-08-26T22:18:32.243655",
  "overall_quality": 1.0,
  "avg_latency": 279.8630754234206,
  "total_data_points": 5380,
  "valid_data_points": 5380,
  "data_sources": 4,
  "active_alerts": 736112,
  "market_signals": 101
}