{
  "timestamp": "2025-08-29T03:23:45.231483",
  "overall_quality": 1.0,
  "avg_latency": 273.23471614438296,
  "total_data_points": 5430,
  "valid_data_points": 5430,
  "data_sources": 4,
  "active_alerts": 2110267,
  "market_signals": 100
}