{
  "timestamp": "2025-08-26T01:27:42.881430",
  "overall_quality": 1.0,
  "avg_latency": 263.0164220588114,
  "total_data_points": 5050,
  "valid_data_points": 5050,
  "data_sources": 4,
  "active_alerts": 203083,
  "market_signals": 100
}