{
  "timestamp": "2025-08-29T21:02:39.989859",
  "overall_quality": 1.0,
  "avg_latency": 235.303088048009,
  "total_data_points": 4520,
  "valid_data_points": 4520,
  "data_sources": 4,
  "active_alerts": 2565804,
  "market_signals": 100
}