{
  "timestamp": "2025-08-28T14:05:48.219852",
  "overall_quality": 1.0,
  "avg_latency": 187.15352130242545,
  "total_data_points": 3710,
  "valid_data_points": 3710,
  "data_sources": 4,
  "active_alerts": 1761765,
  "market_signals": 100
}