{
  "timestamp": "2025-08-27T20:52:47.608280",
  "overall_quality": 1.0,
  "avg_latency": 250.54669859979265,
  "total_data_points": 4820,
  "valid_data_points": 4820,
  "data_sources": 4,
  "active_alerts": 1315198,
  "market_signals": 101
}