{
  "timestamp": "2025-08-29T04:43:46.742675",
  "overall_quality": 1.0,
  "avg_latency": 273.75526956231664,
  "total_data_points": 5440,
  "valid_data_points": 5440,
  "data_sources": 4,
  "active_alerts": 2145324,
  "market_signals": 101
}