{
  "timestamp": "2025-08-28T08:48:32.153167",
  "overall_quality": 1.0,
  "avg_latency": 270.22637234634686,
  "total_data_points": 5200,
  "valid_data_points": 5200,
  "data_sources": 4,
  "active_alerts": 1625345,
  "market_signals": 102
}