{
  "timestamp": "2025-08-26T23:22:44.227575",
  "overall_quality": 1.0,
  "avg_latency": 255.46601510975555,
  "total_data_points": 4920,
  "valid_data_points": 4920,
  "data_sources": 4,
  "active_alerts": 763112,
  "market_signals": 102
}