{
  "timestamp": "2025-08-26T07:12:46.393338",
  "overall_quality": 1.0,
  "avg_latency": 262.27142748475245,
  "total_data_points": 5050,
  "valid_data_points": 5050,
  "data_sources": 4,
  "active_alerts": 349032,
  "market_signals": 101
}