{
  "timestamp": "2025-08-27T07:45:38.864653",
  "overall_quality": 1.0,
  "avg_latency": 190.46530766748637,
  "total_data_points": 3660,
  "valid_data_points": 3660,
  "data_sources": 4,
  "active_alerts": 979572,
  "market_signals": 101
}