{
  "timestamp": "2025-08-26T08:38:32.630090",
  "overall_quality": 1.0,
  "avg_latency": 285.4447618859748,
  "total_data_points": 5490,
  "valid_data_points": 5490,
  "data_sources": 4,
  "active_alerts": 385821,
  "market_signals": 101
}