{
  "timestamp": "2025-08-28T07:15:53.048318",
  "overall_quality": 1.0,
  "avg_latency": 190.67328977847365,
  "total_data_points": 3670,
  "valid_data_points": 3670,
  "data_sources": 4,
  "active_alerts": 1585927,
  "market_signals": 103
}