{
  "timestamp": "2025-08-26T13:27:52.572083",
  "overall_quality": 1.0,
  "avg_latency": 263.8163688049323,
  "total_data_points": 5070,
  "valid_data_points": 5070,
  "data_sources": 4,
  "active_alerts": 509176,
  "market_signals": 102
}