{
  "timestamp": "2025-08-29T21:08:40.488875",
  "overall_quality": 1.0,
  "avg_latency": 265.5323608706462,
  "total_data_points": 5110,
  "valid_data_points": 5110,
  "data_sources": 4,
  "active_alerts": 2568307,
  "market_signals": 101
}