{
  "timestamp": "2025-08-25T22:29:39.571699",
  "overall_quality": 1.0,
  "avg_latency": 172.51895252628424,
  "total_data_points": 3310,
  "valid_data_points": 3310,
  "data_sources": 4,
  "active_alerts": 127332,
  "market_signals": 100
}