{
  "timestamp": "2025-08-30T07:43:54.684894",
  "overall_quality": 1.0,
  "avg_latency": 271.26734031929476,
  "total_data_points": 5390,
  "valid_data_points": 5390,
  "data_sources": 4,
  "active_alerts": 2848059,
  "market_signals": 101
}