{
  "timestamp": "2025-08-30T06:38:53.561879",
  "overall_quality": 1.0,
  "avg_latency": 270.6036523354355,
  "total_data_points": 5390,
  "valid_data_points": 5390,
  "data_sources": 4,
  "active_alerts": 2819475,
  "market_signals": 101
}