{
  "timestamp": "2025-08-28T07:36:55.112617",
  "overall_quality": 1.0,
  "avg_latency": 221.64615329624382,
  "total_data_points": 4260,
  "valid_data_points": 4260,
  "data_sources": 4,
  "active_alerts": 1595036,
  "market_signals": 100
}