{
  "timestamp": "2025-08-28T15:36:53.606225",
  "overall_quality": 1.0,
  "avg_latency": 219.50681511092588,
  "total_data_points": 4210,
  "valid_data_points": 4210,
  "data_sources": 4,
  "active_alerts": 1800264,
  "market_signals": 100
}