{
  "timestamp": "2025-08-30T06:18:53.221859",
  "overall_quality": 1.0,
  "avg_latency": 270.81280741298684,
  "total_data_points": 5390,
  "valid_data_points": 5390,
  "data_sources": 4,
  "active_alerts": 2810908,
  "market_signals": 101
}