{
  "timestamp": "2025-08-25T23:56:56.247746",
  "overall_quality": 1.0,
  "avg_latency": 239.833200010195,
  "total_data_points": 4610,
  "valid_data_points": 4610,
  "data_sources": 4,
  "active_alerts": 165265,
  "market_signals": 101
}