{
  "timestamp": "2025-08-29T00:28:41.735134",
  "overall_quality": 1.0,
  "avg_latency": 271.94693495037075,
  "total_data_points": 5400,
  "valid_data_points": 5400,
  "data_sources": 4,
  "active_alerts": 2033123,
  "market_signals": 101
}