{
  "timestamp": "2025-08-29T07:52:52.865526",
  "overall_quality": 1.0,
  "avg_latency": 246.4805617885832,
  "total_data_points": 4730,
  "valid_data_points": 4730,
  "data_sources": 4,
  "active_alerts": 2228689,
  "market_signals": 100
}