{
  "timestamp": "2025-08-30T03:04:49.500088",
  "overall_quality": 1.0,
  "avg_latency": 298.91119955899256,
  "total_data_points": 5950,
  "valid_data_points": 5950,
  "data_sources": 4,
  "active_alerts": 2726234,
  "market_signals": 103
}