{
  "timestamp": "2025-08-29T01:08:42.524568",
  "overall_quality": 1.0,
  "avg_latency": 272.2470688772648,
  "total_data_points": 5410,
  "valid_data_points": 5410,
  "data_sources": 4,
  "active_alerts": 2050826,
  "market_signals": 101
}