{
  "timestamp": "2025-08-27T18:55:30.631644",
  "overall_quality": 1.0,
  "avg_latency": 182.33545070569824,
  "total_data_points": 3510,
  "valid_data_points": 3510,
  "data_sources": 4,
  "active_alerts": 1265799,
  "market_signals": 102
}