{
  "timestamp": "2025-08-27T02:22:45.842403",
  "overall_quality": 1.0,
  "avg_latency": 255.61544001054753,
  "total_data_points": 4930,
  "valid_data_points": 4930,
  "data_sources": 4,
  "active_alerts": 840073,
  "market_signals": 100
}