{
  "timestamp": "2025-08-26T03:07:31.098275",
  "overall_quality": 1.0,
  "avg_latency": 256.568771489451,
  "total_data_points": 4930,
  "valid_data_points": 4930,
  "data_sources": 4,
  "active_alerts": 245596,
  "market_signals": 103
}