{
  "timestamp": "2025-08-28T19:47:36.479629",
  "overall_quality": 1.0,
  "avg_latency": 239.23284445021022,
  "total_data_points": 4760,
  "valid_data_points": 4760,
  "data_sources": 4,
  "active_alerts": 1907983,
  "market_signals": 102
}