{
  "timestamp": "2025-08-29T02:27:44.101406",
  "overall_quality": 1.0,
  "avg_latency": 242.65801408547745,
  "total_data_points": 4820,
  "valid_data_points": 4820,
  "data_sources": 4,
  "active_alerts": 2085090,
  "market_signals": 100
}