{
  "timestamp": "2025-08-30T01:45:47.984336",
  "overall_quality": 1.0,
  "avg_latency": 178.54091481718345,
  "total_data_points": 3550,
  "valid_data_points": 3550,
  "data_sources": 4,
  "active_alerts": 2691065,
  "market_signals": 102
}