{
  "timestamp": "2025-08-28T12:30:46.418069",
  "overall_quality": 1.0,
  "avg_latency": 186.3977373886482,
  "total_data_points": 3700,
  "valid_data_points": 3700,
  "data_sources": 4,
  "active_alerts": 1719640,
  "market_signals": 102
}