{
  "timestamp": "2025-08-25T19:56:34.269194",
  "overall_quality": 1.0,
  "avg_latency": 230.33673396681831,
  "total_data_points": 4400,
  "valid_data_points": 4400,
  "data_sources": 4,
  "active_alerts": 62627,
  "market_signals": 100
}