{
  "timestamp": "2025-08-26T09:58:46.709732",
  "overall_quality": 1.0,
  "avg_latency": 291.5161785170818,
  "total_data_points": 5620,
  "valid_data_points": 5620,
  "data_sources": 4,
  "active_alerts": 419833,
  "market_signals": 101
}