{
  "timestamp": "2025-08-27T03:59:33.906668",
  "overall_quality": 1.0,
  "avg_latency": 159.05323085522866,
  "total_data_points": 3060,
  "valid_data_points": 3060,
  "data_sources": 4,
  "active_alerts": 881486,
  "market_signals": 102
}