{
  "timestamp": "2025-08-26T03:20:33.202839",
  "overall_quality": 1.0,
  "avg_latency": 196.9014645049998,
  "total_data_points": 3800,
  "valid_data_points": 3800,
  "data_sources": 4,
  "active_alerts": 250831,
  "market_signals": 101
}