{
  "timestamp": "2025-08-26T06:14:36.311379",
  "overall_quality": 1.0,
  "avg_latency": 168.2528193123835,
  "total_data_points": 3230,
  "valid_data_points": 3230,
  "data_sources": 4,
  "active_alerts": 324139,
  "market_signals": 101
}