{
  "timestamp": "2025-08-29T04:24:46.344852",
  "overall_quality": 1.0,
  "avg_latency": 153.74461368888916,
  "total_data_points": 3060,
  "valid_data_points": 3060,
  "data_sources": 4,
  "active_alerts": 2137130,
  "market_signals": 102
}