{
  "timestamp": "2025-08-27T19:43:36.955219",
  "overall_quality": 1.0,
  "avg_latency": 275.61109352184485,
  "total_data_points": 5310,
  "valid_data_points": 5310,
  "data_sources": 4,
  "active_alerts": 1286404,
  "market_signals": 102
}