{
  "timestamp": "2025-08-29T02:28:44.121791",
  "overall_quality": 1.0,
  "avg_latency": 272.5128992826583,
  "total_data_points": 5420,
  "valid_data_points": 5420,
  "data_sources": 4,
  "active_alerts": 2085614,
  "market_signals": 102
}