{
  "timestamp": "2025-08-27T15:21:50.874205",
  "overall_quality": 1.0,
  "avg_latency": 224.31422147494175,
  "total_data_points": 4310,
  "valid_data_points": 4310,
  "data_sources": 4,
  "active_alerts": 1174782,
  "market_signals": 103
}