{
  "timestamp": "2025-08-28T07:13:52.876736",
  "overall_quality": 1.0,
  "avg_latency": 281.2634129779624,
  "total_data_points": 5400,
  "valid_data_points": 5400,
  "data_sources": 4,
  "active_alerts": 1585050,
  "market_signals": 100
}