{
  "timestamp": "2025-08-25T20:23:39.750682",
  "overall_quality": 1.0,
  "avg_latency": 293.5202788374991,
  "total_data_points": 5600,
  "valid_data_points": 5600,
  "data_sources": 4,
  "active_alerts": 74004,
  "market_signals": 100
}