{
  "timestamp": "2025-08-26T02:16:52.067050",
  "overall_quality": 1.0,
  "avg_latency": 237.40906783991198,
  "total_data_points": 4560,
  "valid_data_points": 4560,
  "data_sources": 4,
  "active_alerts": 223805,
  "market_signals": 101
}