{
  "timestamp": "2025-08-25T21:57:31.368949",
  "overall_quality": 1.0,
  "avg_latency": 259.1118144050825,
  "total_data_points": 4920,
  "valid_data_points": 4920,
  "data_sources": 4,
  "active_alerts": 113751,
  "market_signals": 101
}