{
  "timestamp": "2025-08-27T09:53:58.302131",
  "overall_quality": 1.0,
  "avg_latency": 289.5393054904691,
  "total_data_points": 5560,
  "valid_data_points": 5560,
  "data_sources": 4,
  "active_alerts": 1034228,
  "market_signals": 101
}