{
  "timestamp": "2025-08-25T19:35:30.752496",
  "overall_quality": 1.0,
  "avg_latency": 199.10487740628292,
  "total_data_points": 3820,
  "valid_data_points": 3820,
  "data_sources": 4,
  "active_alerts": 53684,
  "market_signals": 101
}