{
  "timestamp": "2025-08-26T04:16:44.065391",
  "overall_quality": 1.0,
  "avg_latency": 232.49478900177826,
  "total_data_points": 4500,
  "valid_data_points": 4500,
  "data_sources": 4,
  "active_alerts": 274520,
  "market_signals": 100
}