{
  "timestamp": "2025-08-27T20:04:41.202471",
  "overall_quality": 1.0,
  "avg_latency": 157.71373693993402,
  "total_data_points": 3030,
  "valid_data_points": 3030,
  "data_sources": 4,
  "active_alerts": 1295188,
  "market_signals": 102
}