{
  "timestamp": "2025-08-27T12:37:54.945761",
  "overall_quality": 1.0,
  "avg_latency": 256.9653618226715,
  "total_data_points": 4940,
  "valid_data_points": 4940,
  "data_sources": 4,
  "active_alerts": 1104458,
  "market_signals": 101
}