{
  "timestamp": "2025-08-28T22:28:39.490518",
  "overall_quality": 1.0,
  "avg_latency": 270.5494523018553,
  "total_data_points": 5390,
  "valid_data_points": 5390,
  "data_sources": 4,
  "active_alerts": 1979054,
  "market_signals": 103
}