{
  "timestamp": "2025-08-27T09:21:53.102996",
  "overall_quality": 1.0,
  "avg_latency": 227.13437851284414,
  "total_data_points": 4360,
  "valid_data_points": 4360,
  "data_sources": 4,
  "active_alerts": 1020569,
  "market_signals": 103
}