{
  "timestamp": "2025-08-27T12:17:51.433905",
  "overall_quality": 1.0,
  "avg_latency": 255.515959997964,
  "total_data_points": 4910,
  "valid_data_points": 4910,
  "data_sources": 4,
  "active_alerts": 1096065,
  "market_signals": 101
}