{
  "timestamp": "2025-08-28T09:04:33.680108",
  "overall_quality": 1.0,
  "avg_latency": 150.66010380068897,
  "total_data_points": 2900,
  "valid_data_points": 2900,
  "data_sources": 4,
  "active_alerts": 1632228,
  "market_signals": 101
}