{
  "timestamp": "2025-08-27T15:49:56.478646",
  "overall_quality": 1.0,
  "avg_latency": 166.6538390263327,
  "total_data_points": 3190,
  "valid_data_points": 3190,
  "data_sources": 4,
  "active_alerts": 1186815,
  "market_signals": 101
}