{
  "timestamp": "2025-08-30T03:08:49.567461",
  "overall_quality": 1.0,
  "avg_latency": 269.02413875690195,
  "total_data_points": 5360,
  "valid_data_points": 5360,
  "data_sources": 4,
  "active_alerts": 2727926,
  "market_signals": 101
}