{
  "timestamp": "2025-08-26T03:44:37.928435",
  "overall_quality": 1.0,
  "avg_latency": 169.55909859571875,
  "total_data_points": 3270,
  "valid_data_points": 3270,
  "data_sources": 4,
  "active_alerts": 261063,
  "market_signals": 102
}