{
  "timestamp": "2025-08-25T23:13:46.843097",
  "overall_quality": 1.0,
  "avg_latency": 295.15202381212555,
  "total_data_points": 5690,
  "valid_data_points": 5690,
  "data_sources": 4,
  "active_alerts": 146728,
  "market_signals": 101
}