{
  "timestamp": "2025-08-25T23:07:45.945805",
  "overall_quality": 1.0,
  "avg_latency": 265.2697578166663,
  "total_data_points": 5100,
  "valid_data_points": 5100,
  "data_sources": 4,
  "active_alerts": 144061,
  "market_signals": 101
}