{
  "timestamp": "2025-08-26T19:20:58.480596",
  "overall_quality": 1.0,
  "avg_latency": 204.22503264081638,
  "total_data_points": 3920,
  "valid_data_points": 3920,
  "data_sources": 4,
  "active_alerts": 660517,
  "market_signals": 100
}