{
  "timestamp": "2025-08-30T07:23:54.341492",
  "overall_quality": 1.0,
  "avg_latency": 271.0966496922222,
  "total_data_points": 5400,
  "valid_data_points": 5400,
  "data_sources": 4,
  "active_alerts": 2839320,
  "market_signals": 100
}