{
  "timestamp": "2025-08-28T14:23:48.574035",
  "overall_quality": 1.0,
  "avg_latency": 276.60428207999973,
  "total_data_points": 5500,
  "valid_data_points": 5500,
  "data_sources": 4,
  "active_alerts": 1769335,
  "market_signals": 102
}