{
  "timestamp": "2025-08-27T08:33:45.687206",
  "overall_quality": 1.0,
  "avg_latency": 283.53820191684997,
  "total_data_points": 5460,
  "valid_data_points": 5460,
  "data_sources": 4,
  "active_alerts": 999607,
  "market_signals": 101
}