{
  "timestamp": "2025-08-26T04:44:49.686517",
  "overall_quality": 1.0,
  "avg_latency": 175.18653654821406,
  "total_data_points": 3360,
  "valid_data_points": 3360,
  "data_sources": 4,
  "active_alerts": 286191,
  "market_signals": 101
}