{
  "timestamp": "2025-08-28T02:01:58.571899",
  "overall_quality": 1.0,
  "avg_latency": 225.0464449803576,
  "total_data_points": 4480,
  "valid_data_points": 4480,
  "data_sources": 4,
  "active_alerts": 1451404,
  "market_signals": 101
}