{
  "timestamp": "2025-08-27T15:34:53.102354",
  "overall_quality": 1.0,
  "avg_latency": 165.1311100794954,
  "total_data_points": 3170,
  "valid_data_points": 3170,
  "data_sources": 4,
  "active_alerts": 1180441,
  "market_signals": 100
}