{
  "timestamp": "2025-08-27T14:46:45.360312",
  "overall_quality": 1.0,
  "avg_latency": 221.73741843896772,
  "total_data_points": 4260,
  "valid_data_points": 4260,
  "data_sources": 4,
  "active_alerts": 1159623,
  "market_signals": 100
}