{
  "timestamp": "2025-08-26T11:32:32.458974",
  "overall_quality": 1.0,
  "avg_latency": 254.26647324306148,
  "total_data_points": 4900,
  "valid_data_points": 4900,
  "data_sources": 4,
  "active_alerts": 460963,
  "market_signals": 100
}