{
  "timestamp": "2025-08-27T21:40:52.881487",
  "overall_quality": 1.0,
  "avg_latency": 192.740926436657,
  "total_data_points": 3710,
  "valid_data_points": 3710,
  "data_sources": 4,
  "active_alerts": 1335738,
  "market_signals": 104
}