{
  "timestamp": "2025-08-26T02:24:53.668257",
  "overall_quality": 1.0,
  "avg_latency": 178.2161582798246,
  "total_data_points": 3420,
  "valid_data_points": 3420,
  "data_sources": 4,
  "active_alerts": 227315,
  "market_signals": 102
}