{
  "timestamp": "2025-08-27T03:58:33.691231",
  "overall_quality": 1.0,
  "avg_latency": 278.84644404626823,
  "total_data_points": 5360,
  "valid_data_points": 5360,
  "data_sources": 4,
  "active_alerts": 881030,
  "market_signals": 102
}