{
  "timestamp": "2025-08-27T09:19:52.704653",
  "overall_quality": 1.0,
  "avg_latency": 166.53350023894126,
  "total_data_points": 3210,
  "valid_data_points": 3210,
  "data_sources": 4,
  "active_alerts": 1019650,
  "market_signals": 102
}