{
  "timestamp": "2025-08-30T07:35:54.544385",
  "overall_quality": 1.0,
  "avg_latency": 181.30670215373917,
  "total_data_points": 3610,
  "valid_data_points": 3610,
  "data_sources": 4,
  "active_alerts": 2844305,
  "market_signals": 104
}