{
  "timestamp": "2025-08-27T04:10:35.506646",
  "overall_quality": 1.0,
  "avg_latency": 189.64694210109585,
  "total_data_points": 3650,
  "valid_data_points": 3650,
  "data_sources": 4,
  "active_alerts": 886127,
  "market_signals": 102
}