{
  "timestamp": "2025-08-27T19:59:40.234400",
  "overall_quality": 1.0,
  "avg_latency": 157.11980083741705,
  "total_data_points": 3020,
  "valid_data_points": 3020,
  "data_sources": 4,
  "active_alerts": 1293013,
  "market_signals": 102
}