{
  "timestamp": "2025-08-28T14:07:48.270962",
  "overall_quality": 1.0,
  "avg_latency": 246.80261007596852,
  "total_data_points": 4910,
  "valid_data_points": 4910,
  "data_sources": 4,
  "active_alerts": 1762675,
  "market_signals": 103
}