{
  "timestamp": "2025-08-28T06:01:45.849711",
  "overall_quality": 1.0,
  "avg_latency": 217.97415923293553,
  "total_data_points": 4190,
  "valid_data_points": 4190,
  "data_sources": 4,
  "active_alerts": 1555309,
  "market_signals": 103
}