{
  "timestamp": "2025-08-28T09:38:36.072587",
  "overall_quality": 1.0,
  "avg_latency": 271.68661391870205,
  "total_data_points": 5240,
  "valid_data_points": 5240,
  "data_sources": 4,
  "active_alerts": 1646948,
  "market_signals": 101
}