{
  "timestamp": "2025-08-30T04:53:51.497999",
  "overall_quality": 1.0,
  "avg_latency": 269.68452994264555,
  "total_data_points": 5370,
  "valid_data_points": 5370,
  "data_sources": 4,
  "active_alerts": 2773192,
  "market_signals": 100
}