{
  "timestamp": "2025-08-28T08:22:59.841062",
  "overall_quality": 1.0,
  "avg_latency": 254.06711439958914,
  "total_data_points": 4880,
  "valid_data_points": 4880,
  "data_sources": 4,
  "active_alerts": 1614621,
  "market_signals": 101
}