{
  "timestamp": "2025-08-27T23:41:55.859753",
  "overall_quality": 1.0,
  "avg_latency": 223.84804892623362,
  "total_data_points": 4460,
  "valid_data_points": 4460,
  "data_sources": 4,
  "active_alerts": 1389662,
  "market_signals": 100
}