{
  "timestamp": "2025-08-29T18:28:54.629805",
  "overall_quality": 1.0,
  "avg_latency": 273.5852636127371,
  "total_data_points": 5260,
  "valid_data_points": 5260,
  "data_sources": 4,
  "active_alerts": 2500208,
  "market_signals": 101
}