{
  "timestamp": "2025-08-29T16:57:42.969980",
  "overall_quality": 1.0,
  "avg_latency": 237.94760439999982,
  "total_data_points": 4580,
  "valid_data_points": 4580,
  "data_sources": 4,
  "active_alerts": 2460812,
  "market_signals": 102
}