{
  "timestamp": "2025-08-26T17:21:35.116397",
  "overall_quality": 1.0,
  "avg_latency": 223.14799697645734,
  "total_data_points": 4290,
  "valid_data_points": 4290,
  "data_sources": 4,
  "active_alerts": 609691,
  "market_signals": 101
}