{
  "timestamp": "2025-08-29T12:48:48.481720",
  "overall_quality": 1.0,
  "avg_latency": 272.24849969923474,
  "total_data_points": 5230,
  "valid_data_points": 5230,
  "data_sources": 4,
  "active_alerts": 2355454,
  "market_signals": 101
}