{
  "timestamp": "2025-08-26T14:16:31.518492",
  "overall_quality": 1.0,
  "avg_latency": 222.38951069254088,
  "total_data_points": 4290,
  "valid_data_points": 4290,
  "data_sources": 4,
  "active_alerts": 530359,
  "market_signals": 102
}