{
  "timestamp": "2025-08-25T22:31:39.895222",
  "overall_quality": 1.0,
  "avg_latency": 232.45727251991082,
  "total_data_points": 4470,
  "valid_data_points": 4470,
  "data_sources": 4,
  "active_alerts": 128249,
  "market_signals": 101
}