{
  "timestamp": "2025-08-28T00:16:56.514969",
  "overall_quality": 1.0,
  "avg_latency": 224.52754602937253,
  "total_data_points": 4460,
  "valid_data_points": 4460,
  "data_sources": 4,
  "active_alerts": 1404723,
  "market_signals": 100
}