{
  "timestamp": "2025-08-27T13:24:32.782516",
  "overall_quality": 1.0,
  "avg_latency": 155.60114560267527,
  "total_data_points": 2990,
  "valid_data_points": 2990,
  "data_sources": 4,
  "active_alerts": 1124457,
  "market_signals": 102
}