{
  "timestamp": "2025-08-29T14:00:54.860319",
  "overall_quality": 1.0,
  "avg_latency": 185.63972378342706,
  "total_data_points": 3560,
  "valid_data_points": 3560,
  "data_sources": 4,
  "active_alerts": 2386078,
  "market_signals": 100
}