{
  "timestamp": "2025-08-28T06:21:48.012053",
  "overall_quality": 1.0,
  "avg_latency": 219.0531693274885,
  "total_data_points": 4220,
  "valid_data_points": 4220,
  "data_sources": 4,
  "active_alerts": 1563663,
  "market_signals": 100
}