{
  "timestamp": "2025-08-26T09:20:40.800876",
  "overall_quality": 1.0,
  "avg_latency": 198.98246519007864,
  "total_data_points": 3830,
  "valid_data_points": 3830,
  "data_sources": 4,
  "active_alerts": 403770,
  "market_signals": 102
}