{
  "timestamp": "2025-08-29T15:35:33.434319",
  "overall_quality": 1.0,
  "avg_latency": 174.00925827552206,
  "total_data_points": 3350,
  "valid_data_points": 3350,
  "data_sources": 4,
  "active_alerts": 2426447,
  "market_signals": 101
}