{
  "timestamp": "2025-08-30T03:22:49.810293",
  "overall_quality": 1.0,
  "avg_latency": 239.63809986764622,
  "total_data_points": 4760,
  "valid_data_points": 4760,
  "data_sources": 4,
  "active_alerts": 2733876,
  "market_signals": 100
}