{
  "timestamp": "2025-08-26T15:33:44.562855",
  "overall_quality": 1.0,
  "avg_latency": 289.115590870915,
  "total_data_points": 5570,
  "valid_data_points": 5570,
  "data_sources": 4,
  "active_alerts": 563289,
  "market_signals": 102
}