{
  "timestamp": "2025-08-25T18:58:54.349630",
  "overall_quality": 1.0,
  "avg_latency": 151.36993336599994,
  "total_data_points": 3000,
  "valid_data_points": 3000,
  "data_sources": 4,
  "active_alerts": 37951,
  "market_signals": 100
}