{
  "timestamp": "2025-08-27T06:44:59.360456",
  "overall_quality": 1.0,
  "avg_latency": 170.97862959999978,
  "total_data_points": 3290,
  "valid_data_points": 3290,
  "data_sources": 4,
  "active_alerts": 953541,
  "market_signals": 102
}