{
  "timestamp": "2025-08-28T07:14:53.026228",
  "overall_quality": 1.0,
  "avg_latency": 160.8565656245954,
  "total_data_points": 3090,
  "valid_data_points": 3090,
  "data_sources": 4,
  "active_alerts": 1585466,
  "market_signals": 100
}