{
  "timestamp": "2025-08-28T02:13:58.882483",
  "overall_quality": 1.0,
  "avg_latency": 285.87127444293355,
  "total_data_points": 5660,
  "valid_data_points": 5660,
  "data_sources": 4,
  "active_alerts": 1456704,
  "market_signals": 101
}