{
  "timestamp": "2025-08-26T01:30:43.499165",
  "overall_quality": 1.0,
  "avg_latency": 203.3276149739131,
  "total_data_points": 3910,
  "valid_data_points": 3910,
  "data_sources": 4,
  "active_alerts": 204462,
  "market_signals": 102
}