{
  "timestamp": "2025-08-28T16:14:56.478854",
  "overall_quality": 1.0,
  "avg_latency": 160.53749224045325,
  "total_data_points": 3090,
  "valid_data_points": 3090,
  "data_sources": 4,
  "active_alerts": 1816889,
  "market_signals": 101
}