{
  "timestamp": "2025-08-29T17:13:44.719985",
  "overall_quality": 1.0,
  "avg_latency": 269.4453717478756,
  "total_data_points": 5180,
  "valid_data_points": 5180,
  "data_sources": 4,
  "active_alerts": 2467600,
  "market_signals": 101
}