{
  "timestamp": "2025-08-27T16:45:38.142170",
  "overall_quality": 1.0,
  "avg_latency": 187.18825075611133,
  "total_data_points": 3600,
  "valid_data_points": 3600,
  "data_sources": 4,
  "active_alerts": 1210661,
  "market_signals": 100
}