{
  "timestamp": "2025-08-28T13:16:47.278452",
  "overall_quality": 1.0,
  "avg_latency": 216.4911407125295,
  "total_data_points": 4310,
  "valid_data_points": 4310,
  "data_sources": 4,
  "active_alerts": 1739669,
  "market_signals": 102
}