{
  "timestamp": "2025-08-25T19:01:54.429009",
  "overall_quality": 1.0,
  "avg_latency": 241.23482305782815,
  "total_data_points": 4790,
  "valid_data_points": 4790,
  "data_sources": 4,
  "active_alerts": 39297,
  "market_signals": 101
}