{
  "timestamp": "2025-08-26T14:36:35.629909",
  "overall_quality": 1.0,
  "avg_latency": 224.24709869377946,
  "total_data_points": 4340,
  "valid_data_points": 4340,
  "data_sources": 4,
  "active_alerts": 539227,
  "market_signals": 102
}