{
  "timestamp": "2025-08-27T17:53:49.736604",
  "overall_quality": 1.0,
  "avg_latency": 283.02851199557216,
  "total_data_points": 5420,
  "valid_data_points": 5420,
  "data_sources": 4,
  "active_alerts": 1239569,
  "market_signals": 101
}