{
  "timestamp": "2025-08-29T19:58:34.069100",
  "overall_quality": 1.0,
  "avg_latency": 263.04324676693057,
  "total_data_points": 5050,
  "valid_data_points": 5050,
  "data_sources": 4,
  "active_alerts": 2538343,
  "market_signals": 101
}