{
  "timestamp": "2025-08-29T17:02:43.625860",
  "overall_quality": 1.0,
  "avg_latency": 238.62826114487993,
  "total_data_points": 4590,
  "valid_data_points": 4590,
  "data_sources": 4,
  "active_alerts": 2463129,
  "market_signals": 103
}