{
  "timestamp": "2025-08-30T04:54:51.519617",
  "overall_quality": 1.0,
  "avg_latency": 150.25362448120794,
  "total_data_points": 2980,
  "valid_data_points": 2980,
  "data_sources": 4,
  "active_alerts": 2773615,
  "market_signals": 100
}