{
  "timestamp": "2025-08-30T00:24:46.263812",
  "overall_quality": 1.0,
  "avg_latency": 297.79537058614926,
  "total_data_points": 5920,
  "valid_data_points": 5920,
  "data_sources": 4,
  "active_alerts": 2655603,
  "market_signals": 101
}