{
  "timestamp": "2025-08-27T09:29:54.161069",
  "overall_quality": 1.0,
  "avg_latency": 167.46303556211168,
  "total_data_points": 3220,
  "valid_data_points": 3220,
  "data_sources": 4,
  "active_alerts": 1023874,
  "market_signals": 101
}