{
  "timestamp": "2025-08-27T04:47:41.899678",
  "overall_quality": 1.0,
  "avg_latency": 252.6386276868312,
  "total_data_points": 4860,
  "valid_data_points": 4860,
  "data_sources": 4,
  "active_alerts": 902375,
  "market_signals": 103
}