{
  "timestamp": "2025-08-26T18:07:43.757022",
  "overall_quality": 1.0,
  "avg_latency": 257.2405847931162,
  "total_data_points": 4940,
  "valid_data_points": 4940,
  "data_sources": 4,
  "active_alerts": 629200,
  "market_signals": 100
}