{
  "timestamp": "2025-08-30T07:41:54.654902",
  "overall_quality": 1.0,
  "avg_latency": 211.0638555540472,
  "total_data_points": 4200,
  "valid_data_points": 4200,
  "data_sources": 4,
  "active_alerts": 2847216,
  "market_signals": 104
}