{
  "timestamp": "2025-08-27T06:22:55.844527",
  "overall_quality": 1.0,
  "avg_latency": 259.3256453787153,
  "total_data_points": 4980,
  "valid_data_points": 4980,
  "data_sources": 4,
  "active_alerts": 943969,
  "market_signals": 101
}