{
  "timestamp": "2025-08-30T02:36:49.012446",
  "overall_quality": 1.0,
  "avg_latency": 208.70673892716295,
  "total_data_points": 4160,
  "valid_data_points": 4160,
  "data_sources": 4,
  "active_alerts": 2714081,
  "market_signals": 102
}