{
  "timestamp": "2025-08-29T15:52:35.209562",
  "overall_quality": 1.0,
  "avg_latency": 235.02460569355503,
  "total_data_points": 4500,
  "valid_data_points": 4500,
  "data_sources": 4,
  "active_alerts": 2433482,
  "market_signals": 101
}