{
  "timestamp": "2025-08-25T21:38:56.122803",
  "overall_quality": 1.0,
  "avg_latency": 150.53097413055613,
  "total_data_points": 2880,
  "valid_data_points": 2880,
  "data_sources": 4,
  "active_alerts": 106195,
  "market_signals": 102
}