{
  "timestamp": "2025-08-29T19:00:58.711040",
  "overall_quality": 1.0,
  "avg_latency": 185.1915339424164,
  "total_data_points": 3560,
  "valid_data_points": 3560,
  "data_sources": 4,
  "active_alerts": 2513757,
  "market_signals": 100
}