{
  "timestamp": "2025-08-27T08:39:46.569569",
  "overall_quality": 1.0,
  "avg_latency": 163.90915284905054,
  "total_data_points": 3160,
  "valid_data_points": 3160,
  "data_sources": 4,
  "active_alerts": 1002214,
  "market_signals": 101
}