{
  "timestamp": "2025-08-27T05:24:47.763239",
  "overall_quality": 1.0,
  "avg_latency": 165.86087801974912,
  "total_data_points": 3190,
  "valid_data_points": 3190,
  "data_sources": 4,
  "active_alerts": 918062,
  "market_signals": 100
}