{
  "timestamp": "2025-08-27T02:43:50.010040",
  "overall_quality": 1.0,
  "avg_latency": 287.74888799927515,
  "total_data_points": 5520,
  "valid_data_points": 5520,
  "data_sources": 4,
  "active_alerts": 848981,
  "market_signals": 101
}