{
  "timestamp": "2025-08-28T09:44:36.457383",
  "overall_quality": 1.0,
  "avg_latency": 151.42227774280826,
  "total_data_points": 2920,
  "valid_data_points": 2920,
  "data_sources": 4,
  "active_alerts": 1649399,
  "market_signals": 101
}