{
  "timestamp": "2025-08-28T03:24:30.866423",
  "overall_quality": 1.0,
  "avg_latency": 151.31789241504995,
  "total_data_points": 2990,
  "valid_data_points": 2990,
  "data_sources": 4,
  "active_alerts": 1487802,
  "market_signals": 100
}