{
  "timestamp": "2025-08-29T21:38:42.765965",
  "overall_quality": 1.0,
  "avg_latency": 264.45068807036415,
  "total_data_points": 5230,
  "valid_data_points": 5230,
  "data_sources": 4,
  "active_alerts": 2581374,
  "market_signals": 102
}