{
  "timestamp": "2025-08-26T20:16:39.185566",
  "overall_quality": 1.0,
  "avg_latency": 224.23555297842265,
  "total_data_points": 4310,
  "valid_data_points": 4310,
  "data_sources": 4,
  "active_alerts": 684515,
  "market_signals": 102
}