{
  "timestamp": "2025-08-26T06:04:34.798676",
  "overall_quality": 1.0,
  "avg_latency": 167.61720518881938,
  "total_data_points": 3220,
  "valid_data_points": 3220,
  "data_sources": 4,
  "active_alerts": 319932,
  "market_signals": 102
}