{
  "timestamp": "2025-08-29T12:56:49.038950",
  "overall_quality": 1.0,
  "avg_latency": 212.76691294449932,
  "total_data_points": 4090,
  "valid_data_points": 4090,
  "data_sources": 4,
  "active_alerts": 2358817,
  "market_signals": 102
}