{
  "timestamp": "2025-08-28T19:51:36.553789",
  "overall_quality": 1.0,
  "avg_latency": 209.71528787548084,
  "total_data_points": 4160,
  "valid_data_points": 4160,
  "data_sources": 4,
  "active_alerts": 1909782,
  "market_signals": 100
}