{
  "timestamp": "2025-08-26T00:37:34.631556",
  "overall_quality": 1.0,
  "avg_latency": 259.3661695961026,
  "total_data_points": 4979,
  "valid_data_points": 4979,
  "data_sources": 4,
  "active_alerts": 181997,
  "market_signals": 101
}