{
  "timestamp": "2025-08-26T03:09:31.443056",
  "overall_quality": 1.0,
  "avg_latency": 166.31002091124978,
  "total_data_points": 3200,
  "valid_data_points": 3200,
  "data_sources": 4,
  "active_alerts": 246407,
  "market_signals": 101
}