{
  "timestamp": "2025-08-30T07:21:54.307921",
  "overall_quality": 1.0,
  "avg_latency": 211.40632946452465,
  "total_data_points": 4200,
  "valid_data_points": 4200,
  "data_sources": 4,
  "active_alerts": 2838512,
  "market_signals": 100
}