{
  "timestamp": "2025-08-26T01:26:42.786630",
  "overall_quality": 1.0,
  "avg_latency": 232.56844500959818,
  "total_data_points": 4480,
  "valid_data_points": 4480,
  "data_sources": 4,
  "active_alerts": 202608,
  "market_signals": 103
}