{
  "timestamp": "2025-08-30T06:59:53.923669",
  "overall_quality": 1.0,
  "avg_latency": 150.91653430000034,
  "total_data_points": 3000,
  "valid_data_points": 3000,
  "data_sources": 4,
  "active_alerts": 2828728,
  "market_signals": 101
}