{
  "timestamp": "2025-08-26T11:35:32.965472",
  "overall_quality": 1.0,
  "avg_latency": 194.76032096283447,
  "total_data_points": 3740,
  "valid_data_points": 3740,
  "data_sources": 4,
  "active_alerts": 462306,
  "market_signals": 100
}