{
  "timestamp": "2025-08-28T08:58:33.280607",
  "overall_quality": 1.0,
  "avg_latency": 270.3665403716754,
  "total_data_points": 5190,
  "valid_data_points": 5190,
  "data_sources": 4,
  "active_alerts": 1629785,
  "market_signals": 100
}