{
  "timestamp": "2025-08-28T23:47:41.034953",
  "overall_quality": 1.0,
  "avg_latency": 241.61835712479166,
  "total_data_points": 4800,
  "valid_data_points": 4800,
  "data_sources": 4,
  "active_alerts": 2014450,
  "market_signals": 101
}