{
  "timestamp": "2025-08-28T13:19:47.351961",
  "overall_quality": 1.0,
  "avg_latency": 156.19365500643062,
  "total_data_points": 3110,
  "valid_data_points": 3110,
  "data_sources": 4,
  "active_alerts": 1740989,
  "market_signals": 103
}