{
  "timestamp": "2025-08-30T01:57:48.240159",
  "overall_quality": 1.0,
  "avg_latency": 238.71645980696223,
  "total_data_points": 4740,
  "valid_data_points": 4740,
  "data_sources": 4,
  "active_alerts": 2696551,
  "market_signals": 102
}