{
  "timestamp": "2025-08-26T14:46:37.360637",
  "overall_quality": 1.0,
  "avg_latency": 225.8759484356978,
  "total_data_points": 4370,
  "valid_data_points": 4370,
  "data_sources": 4,
  "active_alerts": 543434,
  "market_signals": 102
}