{
  "timestamp": "2025-08-26T08:52:35.042801",
  "overall_quality": 1.0,
  "avg_latency": 256.7667153847866,
  "total_data_points": 4930,
  "valid_data_points": 4930,
  "data_sources": 4,
  "active_alerts": 391551,
  "market_signals": 100
}