{
  "timestamp": "2025-08-30T06:28:53.395894",
  "overall_quality": 1.0,
  "avg_latency": 270.7123205426705,
  "total_data_points": 5390,
  "valid_data_points": 5390,
  "data_sources": 4,
  "active_alerts": 2815181,
  "market_signals": 101
}