{
  "timestamp": "2025-08-29T15:17:31.746701",
  "overall_quality": 1.0,
  "avg_latency": 233.12116069576876,
  "total_data_points": 4490,
  "valid_data_points": 4490,
  "data_sources": 4,
  "active_alerts": 2418707,
  "market_signals": 100
}