{
  "timestamp": "2025-08-29T09:25:30.295771",
  "overall_quality": 1.0,
  "avg_latency": 174.42689705492535,
  "total_data_points": 3350,
  "valid_data_points": 3350,
  "data_sources": 4,
  "active_alerts": 2268324,
  "market_signals": 101
}