{
  "timestamp": "2025-08-27T13:59:38.004720",
  "overall_quality": 1.0,
  "avg_latency": 158.1433858638159,
  "total_data_points": 3040,
  "valid_data_points": 3040,
  "data_sources": 4,
  "active_alerts": 1139768,
  "market_signals": 100
}