{
  "timestamp": "2025-08-26T11:19:30.072410",
  "overall_quality": 1.0,
  "avg_latency": 162.949984758917,
  "total_data_points": 3140,
  "valid_data_points": 3140,
  "data_sources": 4,
  "active_alerts": 455006,
  "market_signals": 102
}