{
  "timestamp": "2025-08-29T12:10:44.307830",
  "overall_quality": 1.0,
  "avg_latency": 180.97795361181568,
  "total_data_points": 3470,
  "valid_data_points": 3470,
  "data_sources": 4,
  "active_alerts": 2339074,
  "market_signals": 101
}