{
  "timestamp": "2025-08-28T08:38:31.427330",
  "overall_quality": 1.0,
  "avg_latency": 269.44180792273534,
  "total_data_points": 5190,
  "valid_data_points": 5190,
  "data_sources": 4,
  "active_alerts": 1621153,
  "market_signals": 100
}