{
  "timestamp": "2025-08-26T06:03:34.719060",
  "overall_quality": 1.0,
  "avg_latency": 287.5308288697457,
  "total_data_points": 5520,
  "valid_data_points": 5520,
  "data_sources": 4,
  "active_alerts": 319499,
  "market_signals": 100
}