{
  "timestamp": "2025-08-26T18:14:44.647633",
  "overall_quality": 1.0,
  "avg_latency": 167.82546513602475,
  "total_data_points": 3220,
  "valid_data_points": 3220,
  "data_sources": 4,
  "active_alerts": 632291,
  "market_signals": 101
}