{
  "timestamp": "2025-08-27T01:52:40.913730",
  "overall_quality": 1.0,
  "avg_latency": 253.38426822693918,
  "total_data_points": 4900,
  "valid_data_points": 4900,
  "data_sources": 4,
  "active_alerts": 827464,
  "market_signals": 101
}