{
  "timestamp": "2025-08-26T22:09:29.996669",
  "overall_quality": 1.0,
  "avg_latency": 159.22387264688527,
  "total_data_points": 3050,
  "valid_data_points": 3050,
  "data_sources": 4,
  "active_alerts": 732684,
  "market_signals": 101
}