{
  "timestamp": "2025-08-29T11:37:41.184276",
  "overall_quality": 1.0,
  "avg_latency": 239.22637156052056,
  "total_data_points": 4610,
  "valid_data_points": 4610,
  "data_sources": 4,
  "active_alerts": 2325205,
  "market_signals": 100
}