{
  "timestamp": "2025-08-26T10:46:54.563453",
  "overall_quality": 1.0,
  "avg_latency": 235.88654089055066,
  "total_data_points": 4550,
  "valid_data_points": 4550,
  "data_sources": 4,
  "active_alerts": 440666,
  "market_signals": 100
}