{
  "timestamp": "2025-08-27T16:26:35.045799",
  "overall_quality": 1.0,
  "avg_latency": 216.35764349009713,
  "total_data_points": 4140,
  "valid_data_points": 4140,
  "data_sources": 4,
  "active_alerts": 1202493,
  "market_signals": 101
}