{
  "timestamp": "2025-08-28T08:33:31.095816",
  "overall_quality": 1.0,
  "avg_latency": 269.1090238428574,
  "total_data_points": 5180,
  "valid_data_points": 5180,
  "data_sources": 4,
  "active_alerts": 1619175,
  "market_signals": 100
}