{
  "timestamp": "2025-08-29T16:05:36.709936",
  "overall_quality": 1.0,
  "avg_latency": 175.01325923092827,
  "total_data_points": 3369,
  "valid_data_points": 3369,
  "data_sources": 4,
  "active_alerts": 2438857,
  "market_signals": 102
}