{
  "timestamp": "2025-08-29T11:02:38.239175",
  "overall_quality": 1.0,
  "avg_latency": 237.96402109496756,
  "total_data_points": 4570,
  "valid_data_points": 4570,
  "data_sources": 4,
  "active_alerts": 2310123,
  "market_signals": 100
}