{
  "timestamp": "2025-08-26T12:52:47.029878",
  "overall_quality": 1.0,
  "avg_latency": 260.69687319561757,
  "total_data_points": 5020,
  "valid_data_points": 5020,
  "data_sources": 4,
  "active_alerts": 494247,
  "market_signals": 100
}