{
  "timestamp": "2025-08-26T10:21:50.151659",
  "overall_quality": 1.0,
  "avg_latency": 233.62894450044462,
  "total_data_points": 4500,
  "valid_data_points": 4500,
  "data_sources": 4,
  "active_alerts": 430028,
  "market_signals": 101
}