{
  "timestamp": "2025-08-29T12:08:44.137951",
  "overall_quality": 1.0,
  "avg_latency": 270.4193479876926,
  "total_data_points": 5200,
  "valid_data_points": 5200,
  "data_sources": 4,
  "active_alerts": 2338291,
  "market_signals": 102
}