{
  "timestamp": "2025-08-28T09:53:37.364415",
  "overall_quality": 1.0,
  "avg_latency": 272.0748629803425,
  "total_data_points": 5240,
  "valid_data_points": 5240,
  "data_sources": 4,
  "active_alerts": 1653247,
  "market_signals": 101
}