{
  "timestamp": "2025-08-27T15:13:49.901385",
  "overall_quality": 1.0,
  "avg_latency": 283.6253241890113,
  "total_data_points": 5460,
  "valid_data_points": 5460,
  "data_sources": 4,
  "active_alerts": 1171281,
  "market_signals": 100
}