{
  "timestamp": "2025-08-29T13:34:52.476281",
  "overall_quality": 1.0,
  "avg_latency": 154.3864806679053,
  "total_data_points": 2960,
  "valid_data_points": 2960,
  "data_sources": 4,
  "active_alerts": 2375229,
  "market_signals": 101
}