{
  "timestamp": "2025-08-26T22:47:36.975053",
  "overall_quality": 1.0,
  "avg_latency": 252.36066517160492,
  "total_data_points": 4860,
  "valid_data_points": 4860,
  "data_sources": 4,
  "active_alerts": 748432,
  "market_signals": 100
}