{
  "timestamp": "2025-08-26T00:17:31.529637",
  "overall_quality": 1.0,
  "avg_latency": 257.49758206431363,
  "total_data_points": 4960,
  "valid_data_points": 4960,
  "data_sources": 4,
  "active_alerts": 174137,
  "market_signals": 101
}