{
  "timestamp": "2025-08-26T21:04:47.579868",
  "overall_quality": 1.0,
  "avg_latency": 168.33592374334378,
  "total_data_points": 3230,
  "valid_data_points": 3230,
  "data_sources": 4,
  "active_alerts": 705031,
  "market_signals": 102
}