{
  "timestamp": "2025-08-26T21:19:50.490186",
  "overall_quality": 1.0,
  "avg_latency": 169.37331475337473,
  "total_data_points": 3260,
  "valid_data_points": 3260,
  "data_sources": 4,
  "active_alerts": 711492,
  "market_signals": 101
}