{
  "timestamp": "2025-08-28T21:53:38.768297",
  "overall_quality": 1.0,
  "avg_latency": 270.76913244107857,
  "total_data_points": 5380,
  "valid_data_points": 5380,
  "data_sources": 4,
  "active_alerts": 1963979,
  "market_signals": 100
}