{
  "timestamp": "2025-08-27T15:54:57.924074",
  "overall_quality": 1.0,
  "avg_latency": 167.82442102616793,
  "total_data_points": 3210,
  "valid_data_points": 3210,
  "data_sources": 4,
  "active_alerts": 1189041,
  "market_signals": 101
}