{
  "timestamp": "2025-08-27T18:35:56.715835",
  "overall_quality": 1.0,
  "avg_latency": 195.9087459098408,
  "total_data_points": 3760,
  "valid_data_points": 3760,
  "data_sources": 4,
  "active_alerts": 1257737,
  "market_signals": 101
}