{
  "timestamp": "2025-08-28T07:54:56.790585",
  "overall_quality": 1.0,
  "avg_latency": 162.50762720448722,
  "total_data_points": 3120,
  "valid_data_points": 3120,
  "data_sources": 4,
  "active_alerts": 1602672,
  "market_signals": 101
}