{
  "timestamp": "2025-08-30T01:53:48.153015",
  "overall_quality": 1.0,
  "avg_latency": 268.61668782186916,
  "total_data_points": 5350,
  "valid_data_points": 5350,
  "data_sources": 4,
  "active_alerts": 2694634,
  "market_signals": 102
}