{
  "timestamp": "2025-08-29T06:51:49.893159",
  "overall_quality": 1.0,
  "avg_latency": 215.5621951487062,
  "total_data_points": 4250,
  "valid_data_points": 4250,
  "data_sources": 4,
  "active_alerts": 2201971,
  "market_signals": 103
}