{
  "timestamp": "2025-08-25T23:22:48.528944",
  "overall_quality": 1.0,
  "avg_latency": 266.5126731444451,
  "total_data_points": 5130,
  "valid_data_points": 5130,
  "data_sources": 4,
  "active_alerts": 150559,
  "market_signals": 101
}