{
  "timestamp": "2025-08-30T06:11:53.109680",
  "overall_quality": 1.0,
  "avg_latency": 210.65953781455855,
  "total_data_points": 4190,
  "valid_data_points": 4190,
  "data_sources": 4,
  "active_alerts": 2807886,
  "market_signals": 101
}