{
  "timestamp": "2025-08-28T20:16:37.027314",
  "overall_quality": 1.0,
  "avg_latency": 209.9290833069538,
  "total_data_points": 4170,
  "valid_data_points": 4170,
  "data_sources": 4,
  "active_alerts": 1920754,
  "market_signals": 101
}