{
  "timestamp": "2025-08-26T04:30:47.050725",
  "overall_quality": 1.0,
  "avg_latency": 203.8557348880408,
  "total_data_points": 3930,
  "valid_data_points": 3930,
  "data_sources": 4,
  "active_alerts": 280324,
  "market_signals": 103
}