{
  "timestamp": "2025-08-27T13:43:35.679317",
  "overall_quality": 1.0,
  "avg_latency": 277.04099555666033,
  "total_data_points": 5330,
  "valid_data_points": 5330,
  "data_sources": 4,
  "active_alerts": 1132765,
  "market_signals": 101
}