{
  "timestamp": "2025-08-28T18:54:35.498871",
  "overall_quality": 1.0,
  "avg_latency": 299.47855914386554,
  "total_data_points": 5950,
  "valid_data_points": 5950,
  "data_sources": 4,
  "active_alerts": 1885264,
  "market_signals": 102
}