{
  "timestamp": "2025-08-27T07:04:32.463912",
  "overall_quality": 1.0,
  "avg_latency": 157.38854905511565,
  "total_data_points": 3030,
  "valid_data_points": 3030,
  "data_sources": 4,
  "active_alerts": 961904,
  "market_signals": 102
}