{
  "timestamp": "2025-08-28T14:49:49.070116",
  "overall_quality": 1.0,
  "avg_latency": 157.1392921996793,
  "total_data_points": 3120,
  "valid_data_points": 3120,
  "data_sources": 4,
  "active_alerts": 1780688,
  "market_signals": 101
}