{
  "timestamp": "2025-08-26T03:00:30.151637",
  "overall_quality": 1.0,
  "avg_latency": 195.5461893124664,
  "total_data_points": 3770,
  "valid_data_points": 3770,
  "data_sources": 4,
  "active_alerts": 242601,
  "market_signals": 102
}