{
  "timestamp": "2025-08-29T00:29:41.758539",
  "overall_quality": 1.0,
  "avg_latency": 152.00590877947027,
  "total_data_points": 3020,
  "valid_data_points": 3020,
  "data_sources": 4,
  "active_alerts": 2033528,
  "market_signals": 102
}