{
  "timestamp": "2025-08-26T13:02:48.781110",
  "overall_quality": 1.0,
  "avg_latency": 262.27948720912724,
  "total_data_points": 5040,
  "valid_data_points": 5040,
  "data_sources": 4,
  "active_alerts": 498545,
  "market_signals": 100
}