{
  "timestamp": "2025-08-26T07:40:51.428710",
  "overall_quality": 1.0,
  "avg_latency": 205.31880810152282,
  "total_data_points": 3940,
  "valid_data_points": 3940,
  "data_sources": 4,
  "active_alerts": 361326,
  "market_signals": 100
}