{
  "timestamp": "2025-08-28T19:55:36.634563",
  "overall_quality": 1.0,
  "avg_latency": 179.67069165882342,
  "total_data_points": 3570,
  "valid_data_points": 3570,
  "data_sources": 4,
  "active_alerts": 1911476,
  "market_signals": 100
}