{
  "timestamp": "2025-08-28T16:24:57.428929",
  "overall_quality": 1.0,
  "avg_latency": 160.73106789642912,
  "total_data_points": 3080,
  "valid_data_points": 3080,
  "data_sources": 4,
  "active_alerts": 1821087,
  "market_signals": 101
}