{
  "timestamp": "2025-08-26T20:29:41.752030",
  "overall_quality": 1.0,
  "avg_latency": 165.6845295749219,
  "total_data_points": 3190,
  "valid_data_points": 3190,
  "data_sources": 4,
  "active_alerts": 690056,
  "market_signals": 100
}