{
  "timestamp": "2025-08-25T20:52:46.774275",
  "overall_quality": 1.0,
  "avg_latency": 266.719990982121,
  "total_data_points": 5090,
  "valid_data_points": 5090,
  "data_sources": 4,
  "active_alerts": 86661,
  "market_signals": 101
}