{
  "timestamp": "2025-08-29T15:53:35.348635",
  "overall_quality": 1.0,
  "avg_latency": 264.9117773399608,
  "total_data_points": 5080,
  "valid_data_points": 5080,
  "data_sources": 4,
  "active_alerts": 2433940,
  "market_signals": 102
}