{
  "timestamp": "2025-08-26T23:30:45.622032",
  "overall_quality": 1.0,
  "avg_latency": 196.15808765529113,
  "total_data_points": 3780,
  "valid_data_points": 3780,
  "data_sources": 4,
  "active_alerts": 766302,
  "market_signals": 102
}