{
  "timestamp": "2025-08-26T15:32:44.234766",
  "overall_quality": 1.0,
  "avg_latency": 258.8760405867742,
  "total_data_points": 4990,
  "valid_data_points": 4990,
  "data_sources": 4,
  "active_alerts": 562868,
  "market_signals": 100
}