{
  "timestamp": "2025-08-28T01:26:57.836675",
  "overall_quality": 1.0,
  "avg_latency": 224.9511551908275,
  "total_data_points": 4470,
  "valid_data_points": 4470,
  "data_sources": 4,
  "active_alerts": 1435792,
  "market_signals": 103
}