{
  "timestamp": "2025-08-28T08:26:30.396912",
  "overall_quality": 1.0,
  "avg_latency": 209.00679980399,
  "total_data_points": 4010,
  "valid_data_points": 4010,
  "data_sources": 4,
  "active_alerts": 1616122,
  "market_signals": 102
}