{
  "timestamp": "2025-08-28T05:19:41.068263",
  "overall_quality": 1.0,
  "avg_latency": 155.07834941366679,
  "total_data_points": 3000,
  "valid_data_points": 3000,
  "data_sources": 4,
  "active_alerts": 1536956,
  "market_signals": 100
}