{
  "timestamp": "2025-08-28T00:36:56.886951",
  "overall_quality": 1.0,
  "avg_latency": 224.36098417270634,
  "total_data_points": 4470,
  "valid_data_points": 4470,
  "data_sources": 4,
  "active_alerts": 1413676,
  "market_signals": 100
}