{
  "timestamp": "2025-08-29T13:23:51.427800",
  "overall_quality": 1.0,
  "avg_latency": 273.44136417490495,
  "total_data_points": 5260,
  "valid_data_points": 5260,
  "data_sources": 4,
  "active_alerts": 2370447,
  "market_signals": 101
}