{
  "timestamp": "2025-08-26T23:23:44.395596",
  "overall_quality": 1.0,
  "avg_latency": 286.0009780326045,
  "total_data_points": 5490,
  "valid_data_points": 5490,
  "data_sources": 4,
  "active_alerts": 763541,
  "market_signals": 101
}