{
  "timestamp": "2025-08-26T15:48:47.394968",
  "overall_quality": 1.0,
  "avg_latency": 290.1421468745522,
  "total_data_points": 5580,
  "valid_data_points": 5580,
  "data_sources": 4,
  "active_alerts": 569614,
  "market_signals": 101
}