{
  "timestamp": "2025-08-27T03:43:30.786729",
  "overall_quality": 1.0,
  "avg_latency": 278.041752059551,
  "total_data_points": 5340,
  "valid_data_points": 5340,
  "data_sources": 4,
  "active_alerts": 874695,
  "market_signals": 103
}