{
  "timestamp": "2025-08-26T05:19:56.392674",
  "overall_quality": 1.0,
  "avg_latency": 177.87488467696798,
  "total_data_points": 3430,
  "valid_data_points": 3430,
  "data_sources": 4,
  "active_alerts": 301027,
  "market_signals": 101
}