{
  "timestamp": "2025-08-27T17:57:50.150813",
  "overall_quality": 1.0,
  "avg_latency": 253.2391762419421,
  "total_data_points": 4840,
  "valid_data_points": 4840,
  "data_sources": 4,
  "active_alerts": 1241344,
  "market_signals": 101
}