{
  "timestamp": "2025-08-25T21:42:57.569367",
  "overall_quality": 1.0,
  "avg_latency": 271.81179029013487,
  "total_data_points": 5170,
  "valid_data_points": 5170,
  "data_sources": 4,
  "active_alerts": 107800,
  "market_signals": 100
}