{
  "timestamp": "2025-08-27T06:05:53.115077",
  "overall_quality": 1.0,
  "avg_latency": 198.4126630758533,
  "total_data_points": 3810,
  "valid_data_points": 3810,
  "data_sources": 4,
  "active_alerts": 936150,
  "market_signals": 102
}