{
  "timestamp": "2025-08-28T14:34:48.777547",
  "overall_quality": 1.0,
  "avg_latency": 156.65016920833298,
  "total_data_points": 3120,
  "valid_data_points": 3120,
  "data_sources": 4,
  "active_alerts": 1774175,
  "market_signals": 101
}