{
  "timestamp": "2025-08-30T04:24:50.940553",
  "overall_quality": 1.0,
  "avg_latency": 299.6328369939696,
  "total_data_points": 5970,
  "valid_data_points": 5970,
  "data_sources": 4,
  "active_alerts": 2760255,
  "market_signals": 101
}