{
  "timestamp": "2025-08-30T03:12:49.637798",
  "overall_quality": 1.0,
  "avg_latency": 239.64795278760525,
  "total_data_points": 4760,
  "valid_data_points": 4760,
  "data_sources": 4,
  "active_alerts": 2729451,
  "market_signals": 101
}