{
  "timestamp": "2025-08-29T08:06:53.703445",
  "overall_quality": 1.0,
  "avg_latency": 215.08423530188136,
  "total_data_points": 4250,
  "valid_data_points": 4250,
  "data_sources": 4,
  "active_alerts": 2235006,
  "market_signals": 102
}