{
  "timestamp": "2025-08-26T01:19:41.662559",
  "overall_quality": 1.0,
  "avg_latency": 171.91679845317208,
  "total_data_points": 3310,
  "valid_data_points": 3310,
  "data_sources": 4,
  "active_alerts": 199516,
  "market_signals": 101
}