{
  "timestamp": "2025-08-27T23:55:56.126313",
  "overall_quality": 1.0,
  "avg_latency": 194.3248545753882,
  "total_data_points": 3860,
  "valid_data_points": 3860,
  "data_sources": 4,
  "active_alerts": 1395789,
  "market_signals": 100
}