{
  "timestamp": "2025-08-26T22:19:32.392726",
  "overall_quality": 1.0,
  "avg_latency": 160.22773799739383,
  "total_data_points": 3070,
  "valid_data_points": 3070,
  "data_sources": 4,
  "active_alerts": 736511,
  "market_signals": 103
}