{
  "timestamp": "2025-08-28T22:45:39.848468",
  "overall_quality": 1.0,
  "avg_latency": 181.41604056055598,
  "total_data_points": 3600,
  "valid_data_points": 3600,
  "data_sources": 4,
  "active_alerts": 1986850,
  "market_signals": 102
}