{
  "timestamp": "2025-08-29T03:39:45.494774",
  "overall_quality": 1.0,
  "avg_latency": 153.52202702852466,
  "total_data_points": 3050,
  "valid_data_points": 3050,
  "data_sources": 4,
  "active_alerts": 2117420,
  "market_signals": 101
}