{
  "timestamp": "2025-08-27T23:28:55.627836",
  "overall_quality": 1.0,
  "avg_latency": 283.8617584833617,
  "total_data_points": 5650,
  "valid_data_points": 5650,
  "data_sources": 4,
  "active_alerts": 1384173,
  "market_signals": 101
}