{
  "timestamp": "2025-08-27T07:15:34.062724",
  "overall_quality": 1.0,
  "avg_latency": 188.20068426906101,
  "total_data_points": 3620,
  "valid_data_points": 3620,
  "data_sources": 4,
  "active_alerts": 966580,
  "market_signals": 102
}