{
  "timestamp": "2025-08-29T13:51:54.074850",
  "overall_quality": 1.0,
  "avg_latency": 214.85044055628023,
  "total_data_points": 4140,
  "valid_data_points": 4140,
  "data_sources": 4,
  "active_alerts": 2382436,
  "market_signals": 102
}