{
  "timestamp": "2025-08-26T14:28:33.854776",
  "overall_quality": 1.0,
  "avg_latency": 283.71360773071336,
  "total_data_points": 5470,
  "valid_data_points": 5470,
  "data_sources": 4,
  "active_alerts": 535547,
  "market_signals": 102
}