{
  "timestamp": "2025-08-29T15:08:30.799591",
  "overall_quality": 1.0,
  "avg_latency": 262.5805042853754,
  "total_data_points": 5060,
  "valid_data_points": 5060,
  "data_sources": 4,
  "active_alerts": 2414918,
  "market_signals": 103
}