{
  "timestamp": "2025-08-30T03:41:50.133631",
  "overall_quality": 1.0,
  "avg_latency": 209.20603478513155,
  "total_data_points": 4170,
  "valid_data_points": 4170,
  "data_sources": 4,
  "active_alerts": 2741874,
  "market_signals": 101
}