{
  "timestamp": "2025-08-30T02:50:49.241042",
  "overall_quality": 1.0,
  "avg_latency": 179.03243126179734,
  "total_data_points": 3560,
  "valid_data_points": 3560,
  "data_sources": 4,
  "active_alerts": 2720329,
  "market_signals": 102
}