{
  "timestamp": "2025-08-29T21:22:41.606389",
  "overall_quality": 1.0,
  "avg_latency": 236.10259191523096,
  "total_data_points": 4530,
  "valid_data_points": 4530,
  "data_sources": 4,
  "active_alerts": 2574641,
  "market_signals": 100
}