{
  "timestamp": "2025-08-28T14:24:48.588593",
  "overall_quality": 1.0,
  "avg_latency": 156.9565392996785,
  "total_data_points": 3110,
  "valid_data_points": 3110,
  "data_sources": 4,
  "active_alerts": 1769749,
  "market_signals": 100
}