{
  "timestamp": "2025-08-27T05:12:46.055872",
  "overall_quality": 1.0,
  "avg_latency": 254.77967382612138,
  "total_data_points": 4900,
  "valid_data_points": 4900,
  "data_sources": 4,
  "active_alerts": 912733,
  "market_signals": 102
}