{
  "timestamp": "2025-08-27T23:24:55.563998",
  "overall_quality": 1.0,
  "avg_latency": 163.98277868190144,
  "total_data_points": 3260,
  "valid_data_points": 3260,
  "data_sources": 4,
  "active_alerts": 1382336,
  "market_signals": 102
}