{
  "timestamp": "2025-08-28T14:42:48.929907",
  "overall_quality": 1.0,
  "avg_latency": 246.81027994908447,
  "total_data_points": 4910,
  "valid_data_points": 4910,
  "data_sources": 4,
  "active_alerts": 1777568,
  "market_signals": 101
}