{
  "timestamp": "2025-08-29T14:30:57.706492",
  "overall_quality": 1.0,
  "avg_latency": 186.6235144754187,
  "total_data_points": 3580,
  "valid_data_points": 3580,
  "data_sources": 4,
  "active_alerts": 2399297,
  "market_signals": 102
}