{
  "timestamp": "2025-08-28T11:13:43.441605",
  "overall_quality": 1.0,
  "avg_latency": 275.01684864640214,
  "total_data_points": 5280,
  "valid_data_points": 5280,
  "data_sources": 4,
  "active_alerts": 1686724,
  "market_signals": 100
}