{
  "timestamp": "2025-08-25T20:29:40.935201",
  "overall_quality": 1.0,
  "avg_latency": 173.77740852831306,
  "total_data_points": 3320,
  "valid_data_points": 3320,
  "data_sources": 4,
  "active_alerts": 76711,
  "market_signals": 104
}