{
  "timestamp": "2025-08-27T12:26:52.780026",
  "overall_quality": 1.0,
  "avg_latency": 225.813595232643,
  "total_data_points": 4350,
  "valid_data_points": 4350,
  "data_sources": 4,
  "active_alerts": 1099820,
  "market_signals": 101
}