{
  "timestamp": "2025-08-27T13:44:35.761313",
  "overall_quality": 1.0,
  "avg_latency": 157.16824901089117,
  "total_data_points": 3030,
  "valid_data_points": 3030,
  "data_sources": 4,
  "active_alerts": 1133201,
  "market_signals": 101
}