{
  "timestamp": "2025-08-29T17:29:46.938780",
  "overall_quality": 1.0,
  "avg_latency": 149.81744668298614,
  "total_data_points": 2880,
  "valid_data_points": 2880,
  "data_sources": 4,
  "active_alerts": 2474625,
  "market_signals": 100
}