{
  "timestamp": "2025-08-26T11:59:37.039421",
  "overall_quality": 1.0,
  "avg_latency": 166.77080563374994,
  "total_data_points": 3200,
  "valid_data_points": 3200,
  "data_sources": 4,
  "active_alerts": 472285,
  "market_signals": 101
}