{
  "timestamp": "2025-08-27T04:45:41.603620",
  "overall_quality": 1.0,
  "avg_latency": 192.70120459594577,
  "total_data_points": 3700,
  "valid_data_points": 3700,
  "data_sources": 4,
  "active_alerts": 901532,
  "market_signals": 104
}