{
  "timestamp": "2025-08-28T03:57:33.738618",
  "overall_quality": 1.0,
  "avg_latency": 242.7019254570213,
  "total_data_points": 4700,
  "valid_data_points": 4700,
  "data_sources": 4,
  "active_alerts": 1501760,
  "market_signals": 100
}