{
  "timestamp": "2025-08-27T01:26:36.671195",
  "overall_quality": 1.0,
  "avg_latency": 221.237747894172,
  "total_data_points": 4290,
  "valid_data_points": 4290,
  "data_sources": 4,
  "active_alerts": 816211,
  "market_signals": 101
}