{
  "timestamp": "2025-08-27T05:42:49.999407",
  "overall_quality": 1.0,
  "avg_latency": 256.453206082389,
  "total_data_points": 4940,
  "valid_data_points": 4940,
  "data_sources": 4,
  "active_alerts": 925955,
  "market_signals": 101
}