{
  "timestamp": "2025-08-29T05:46:48.161725",
  "overall_quality": 1.0,
  "avg_latency": 213.9520315880279,
  "total_data_points": 4260,
  "valid_data_points": 4260,
  "data_sources": 4,
  "active_alerts": 2173269,
  "market_signals": 104
}