{
  "timestamp": "2025-08-30T03:29:49.944681",
  "overall_quality": 1.0,
  "avg_latency": 299.33377013613375,
  "total_data_points": 5950,
  "valid_data_points": 5950,
  "data_sources": 4,
  "active_alerts": 2736900,
  "market_signals": 101
}