{
  "timestamp": "2025-08-26T10:45:54.475906",
  "overall_quality": 1.0,
  "avg_latency": 205.8826336090682,
  "total_data_points": 3970,
  "valid_data_points": 3970,
  "data_sources": 4,
  "active_alerts": 440339,
  "market_signals": 101
}