{
  "timestamp": "2025-08-30T04:28:51.003300",
  "overall_quality": 1.0,
  "avg_latency": 269.73741371324536,
  "total_data_points": 5360,
  "valid_data_points": 5360,
  "data_sources": 4,
  "active_alerts": 2761972,
  "market_signals": 101
}