{
  "timestamp": "2025-08-27T01:56:41.602447",
  "overall_quality": 1.0,
  "avg_latency": 224.03881568611138,
  "total_data_points": 4320,
  "valid_data_points": 4320,
  "data_sources": 4,
  "active_alerts": 829324,
  "market_signals": 101
}