{
  "timestamp": "2025-08-30T05:32:52.288261",
  "overall_quality": 1.0,
  "avg_latency": 240.28622228995792,
  "total_data_points": 4780,
  "valid_data_points": 4780,
  "data_sources": 4,
  "active_alerts": 2790702,
  "market_signals": 101
}