{
  "timestamp": "2025-08-26T15:34:44.655778",
  "overall_quality": 1.0,
  "avg_latency": 168.87278682159337,
  "total_data_points": 3251,
  "valid_data_points": 3251,
  "data_sources": 4,
  "active_alerts": 563677,
  "market_signals": 102
}