{
  "timestamp": "2025-08-26T08:35:32.231219",
  "overall_quality": 1.0,
  "avg_latency": 195.60182376160014,
  "total_data_points": 3750,
  "valid_data_points": 3750,
  "data_sources": 4,
  "active_alerts": 384686,
  "market_signals": 101
}