{
  "timestamp": "2025-08-27T05:39:49.662262",
  "overall_quality": 1.0,
  "avg_latency": 166.60034972874965,
  "total_data_points": 3200,
  "valid_data_points": 3200,
  "data_sources": 4,
  "active_alerts": 924635,
  "market_signals": 100
}