{
  "timestamp": "2025-08-28T21:52:38.739729",
  "overall_quality": 1.0,
  "avg_latency": 240.40817002588767,
  "total_data_points": 4790,
  "valid_data_points": 4790,
  "data_sources": 4,
  "active_alerts": 1963517,
  "market_signals": 102
}