{
  "timestamp": "2025-08-28T14:27:48.643659",
  "overall_quality": 1.0,
  "avg_latency": 246.92076163775548,
  "total_data_points": 4900,
  "valid_data_points": 4900,
  "data_sources": 4,
  "active_alerts": 1771084,
  "market_signals": 103
}