{
  "timestamp": "2025-08-26T10:34:52.543132",
  "overall_quality": 1.0,
  "avg_latency": 174.80666945119097,
  "total_data_points": 3360,
  "valid_data_points": 3360,
  "data_sources": 4,
  "active_alerts": 435876,
  "market_signals": 102
}