{
  "timestamp": "2025-08-30T02:12:48.576212",
  "overall_quality": 1.0,
  "avg_latency": 238.70717935473726,
  "total_data_points": 4750,
  "valid_data_points": 4750,
  "data_sources": 4,
  "active_alerts": 2703114,
  "market_signals": 101
}