{
  "timestamp": "2025-08-28T23:06:40.278073",
  "overall_quality": 1.0,
  "avg_latency": 211.05620670000044,
  "total_data_points": 4200,
  "valid_data_points": 4200,
  "data_sources": 4,
  "active_alerts": 1996332,
  "market_signals": 102
}