{
  "timestamp": "2025-08-27T05:14:46.393304",
  "overall_quality": 1.0,
  "avg_latency": 165.09094475754716,
  "total_data_points": 3180,
  "valid_data_points": 3180,
  "data_sources": 4,
  "active_alerts": 913679,
  "market_signals": 101
}