{
  "timestamp": "2025-08-27T07:17:34.314345",
  "overall_quality": 1.0,
  "avg_latency": 248.13084149539839,
  "total_data_points": 4780,
  "valid_data_points": 4780,
  "data_sources": 4,
  "active_alerts": 967484,
  "market_signals": 102
}