{
  "timestamp": "2025-08-27T09:25:53.667861",
  "overall_quality": 1.0,
  "avg_latency": 197.38733080131544,
  "total_data_points": 3800,
  "valid_data_points": 3800,
  "data_sources": 4,
  "active_alerts": 1022169,
  "market_signals": 101
}