{
  "timestamp": "2025-08-27T08:34:45.906667",
  "overall_quality": 1.0,
  "avg_latency": 163.775454432803,
  "total_data_points": 3140,
  "valid_data_points": 3140,
  "data_sources": 4,
  "active_alerts": 1000103,
  "market_signals": 100
}