{
  "timestamp": "2025-08-27T12:42:55.911448",
  "overall_quality": 1.0,
  "avg_latency": 257.83667721515104,
  "total_data_points": 4950,
  "valid_data_points": 4950,
  "data_sources": 4,
  "active_alerts": 1106642,
  "market_signals": 100
}