{
  "timestamp": "2025-08-28T21:57:38.846129",
  "overall_quality": 1.0,
  "avg_latency": 240.36563017447713,
  "total_data_points": 4780,
  "valid_data_points": 4780,
  "data_sources": 4,
  "active_alerts": 1965528,
  "market_signals": 103
}