{
  "timestamp": "2025-08-27T15:29:52.076855",
  "overall_quality": 1.0,
  "avg_latency": 164.99328038449372,
  "total_data_points": 3160,
  "valid_data_points": 3160,
  "data_sources": 4,
  "active_alerts": 1178161,
  "market_signals": 101
}