{
  "timestamp": "2025-08-27T07:00:31.916389",
  "overall_quality": 1.0,
  "avg_latency": 186.77442301083357,
  "total_data_points": 3600,
  "valid_data_points": 3600,
  "data_sources": 4,
  "active_alerts": 960149,
  "market_signals": 102
}