{
  "timestamp": "2025-08-26T23:24:44.546509",
  "overall_quality": 1.0,
  "avg_latency": 166.16589659184885,
  "total_data_points": 3190,
  "valid_data_points": 3190,
  "data_sources": 4,
  "active_alerts": 763931,
  "market_signals": 102
}