{
  "timestamp": "2025-08-27T23:32:55.699179",
  "overall_quality": 1.0,
  "avg_latency": 254.4056556261388,
  "total_data_points": 5050,
  "valid_data_points": 5050,
  "data_sources": 4,
  "active_alerts": 1385759,
  "market_signals": 101
}