{
  "timestamp": "2025-08-27T14:45:45.206842",
  "overall_quality": 1.0,
  "avg_latency": 191.74484182907617,
  "total_data_points": 3680,
  "valid_data_points": 3680,
  "data_sources": 4,
  "active_alerts": 1159280,
  "market_signals": 100
}