{
  "timestamp": "2025-08-27T18:58:30.963680",
  "overall_quality": 1.0,
  "avg_latency": 272.73775209656577,
  "total_data_points": 5240,
  "valid_data_points": 5240,
  "data_sources": 4,
  "active_alerts": 1267088,
  "market_signals": 102
}