{
  "timestamp": "2025-08-27T07:43:38.474586",
  "overall_quality": 1.0,
  "avg_latency": 280.7225998057517,
  "total_data_points": 5390,
  "valid_data_points": 5390,
  "data_sources": 4,
  "active_alerts": 978692,
  "market_signals": 101
}