{
  "timestamp": "2025-08-25T19:31:59.402303",
  "overall_quality": 1.0,
  "avg_latency": 243.63893289293455,
  "total_data_points": 4670,
  "valid_data_points": 4670,
  "data_sources": 4,
  "active_alerts": 52264,
  "market_signals": 103
}