{
  "timestamp": "2025-08-29T09:05:58.230009",
  "overall_quality": 1.0,
  "avg_latency": 188.6095586941989,
  "total_data_points": 3620,
  "valid_data_points": 3620,
  "data_sources": 4,
  "active_alerts": 2259634,
  "market_signals": 102
}