{
  "timestamp": "2025-08-26T23:50:49.101791",
  "overall_quality": 1.0,
  "avg_latency": 198.47790535564343,
  "total_data_points": 3810,
  "valid_data_points": 3810,
  "data_sources": 4,
  "active_alerts": 774616,
  "market_signals": 102
}