{
  "timestamp": "2025-08-26T00:06:59.342377",
  "overall_quality": 1.0,
  "avg_latency": 241.2677359415948,
  "total_data_points": 4640,
  "valid_data_points": 4640,
  "data_sources": 4,
  "active_alerts": 169791,
  "market_signals": 103
}