{
  "timestamp": "2025-08-26T01:42:45.528248",
  "overall_quality": 1.0,
  "avg_latency": 264.4009045987393,
  "total_data_points": 5079,
  "valid_data_points": 5079,
  "data_sources": 4,
  "active_alerts": 209420,
  "market_signals": 102
}