{
  "timestamp": "2025-08-27T11:54:47.176868",
  "overall_quality": 1.0,
  "avg_latency": 163.43400591273866,
  "total_data_points": 3140,
  "valid_data_points": 3140,
  "data_sources": 4,
  "active_alerts": 1086484,
  "market_signals": 102
}