{
  "timestamp": "2025-08-26T17:23:35.509675",
  "overall_quality": 1.0,
  "avg_latency": 283.67850045864014,
  "total_data_points": 5440,
  "valid_data_points": 5440,
  "data_sources": 4,
  "active_alerts": 610487,
  "market_signals": 101
}