{
  "timestamp": "2025-08-27T06:48:30.386306",
  "overall_quality": 1.0,
  "avg_latency": 276.44241158364645,
  "total_data_points": 5320,
  "valid_data_points": 5320,
  "data_sources": 4,
  "active_alerts": 955153,
  "market_signals": 101
}