{
  "timestamp": "2025-08-27T03:57:33.606414",
  "overall_quality": 1.0,
  "avg_latency": 248.93861887426672,
  "total_data_points": 4780,
  "valid_data_points": 4780,
  "data_sources": 4,
  "active_alerts": 880699,
  "market_signals": 101
}