{
  "timestamp": "2025-08-26T14:54:38.568472",
  "overall_quality": 1.0,
  "avg_latency": 166.59317941993814,
  "total_data_points": 3210,
  "valid_data_points": 3210,
  "data_sources": 4,
  "active_alerts": 546741,
  "market_signals": 101
}