{
  "timestamp": "2025-08-28T01:58:58.518503",
  "overall_quality": 1.0,
  "avg_latency": 284.93926139418016,
  "total_data_points": 5670,
  "valid_data_points": 5670,
  "data_sources": 4,
  "active_alerts": 1450168,
  "market_signals": 101
}