{
  "timestamp": "2025-08-29T22:31:43.961365",
  "overall_quality": 1.0,
  "avg_latency": 206.84789703907785,
  "total_data_points": 4120,
  "valid_data_points": 4120,
  "data_sources": 4,
  "active_alerts": 2605503,
  "market_signals": 101
}