{
  "timestamp": "2025-08-28T18:06:34.613886",
  "overall_quality": 1.0,
  "avg_latency": 208.90252890578287,
  "total_data_points": 4150,
  "valid_data_points": 4150,
  "data_sources": 4,
  "active_alerts": 1864509,
  "market_signals": 101
}