{
  "timestamp": "2025-08-26T19:40:31.751913",
  "overall_quality": 1.0,
  "avg_latency": 191.1781075108998,
  "total_data_points": 3670,
  "valid_data_points": 3670,
  "data_sources": 4,
  "active_alerts": 668935,
  "market_signals": 100
}