{
  "timestamp": "2025-08-28T03:33:31.442469",
  "overall_quality": 1.0,
  "avg_latency": 272.4280482053439,
  "total_data_points": 5240,
  "valid_data_points": 5240,
  "data_sources": 4,
  "active_alerts": 1491916,
  "market_signals": 100
}