{
  "timestamp": "2025-08-27T08:22:43.920062",
  "overall_quality": 1.0,
  "avg_latency": 253.21762714382604,
  "total_data_points": 4860,
  "valid_data_points": 4860,
  "data_sources": 4,
  "active_alerts": 994868,
  "market_signals": 102
}