{
  "timestamp": "2025-08-26T01:12:39.832294",
  "overall_quality": 1.0,
  "avg_latency": 261.36035010458164,
  "total_data_points": 5020,
  "valid_data_points": 5020,
  "data_sources": 4,
  "active_alerts": 196576,
  "market_signals": 100
}