{
  "timestamp": "2025-08-30T02:34:48.983299",
  "overall_quality": 1.0,
  "avg_latency": 299.312646402857,
  "total_data_points": 5950,
  "valid_data_points": 5950,
  "data_sources": 4,
  "active_alerts": 2713057,
  "market_signals": 102
}