{
  "timestamp": "2025-08-29T01:15:42.664915",
  "overall_quality": 1.0,
  "avg_latency": 182.17701388038634,
  "total_data_points": 3620,
  "valid_data_points": 3620,
  "data_sources": 4,
  "active_alerts": 2053768,
  "market_signals": 100
}