{
  "timestamp": "2025-08-27T09:31:54.402227",
  "overall_quality": 1.0,
  "avg_latency": 227.37137708972557,
  "total_data_points": 4380,
  "valid_data_points": 4380,
  "data_sources": 4,
  "active_alerts": 1024664,
  "market_signals": 101
}