{
  "timestamp": "2025-08-26T22:32:34.390502",
  "overall_quality": 1.0,
  "avg_latency": 250.88282480269177,
  "total_data_points": 4830,
  "valid_data_points": 4830,
  "data_sources": 4,
  "active_alerts": 742113,
  "market_signals": 103
}