{
  "timestamp": "2025-08-27T23:54:56.107848",
  "overall_quality": 1.0,
  "avg_latency": 163.97812925382277,
  "total_data_points": 3270,
  "valid_data_points": 3270,
  "data_sources": 4,
  "active_alerts": 1395330,
  "market_signals": 101
}