{
  "timestamp": "2025-08-25T20:26:40.288029",
  "overall_quality": 1.0,
  "avg_latency": 233.6949550195506,
  "total_data_points": 4450,
  "valid_data_points": 4450,
  "data_sources": 4,
  "active_alerts": 75336,
  "market_signals": 100
}