{
  "timestamp": "2025-08-27T10:51:37.445822",
  "overall_quality": 1.0,
  "avg_latency": 219.12697267125878,
  "total_data_points": 4210,
  "valid_data_points": 4210,
  "data_sources": 4,
  "active_alerts": 1058806,
  "market_signals": 102
}