{
  "timestamp": "2025-08-29T07:03:50.392257",
  "overall_quality": 1.0,
  "avg_latency": 275.4153772919116,
  "total_data_points": 5440,
  "valid_data_points": 5440,
  "data_sources": 4,
  "active_alerts": 2207231,
  "market_signals": 100
}