{
  "timestamp": "2025-08-28T07:00:51.817840",
  "overall_quality": 1.0,
  "avg_latency": 190.25286977780775,
  "total_data_points": 3668,
  "valid_data_points": 3668,
  "data_sources": 4,
  "active_alerts": 1579705,
  "market_signals": 101
}