{
  "timestamp": "2025-08-29T12:20:45.268120",
  "overall_quality": 1.0,
  "avg_latency": 181.3514176264367,
  "total_data_points": 3480,
  "valid_data_points": 3480,
  "data_sources": 4,
  "active_alerts": 2343157,
  "market_signals": 102
}