{
  "timestamp": "2025-08-26T06:26:38.329947",
  "overall_quality": 1.0,
  "avg_latency": 229.34021171499938,
  "total_data_points": 4400,
  "valid_data_points": 4400,
  "data_sources": 4,
  "active_alerts": 329341,
  "market_signals": 101
}