{
  "timestamp": "2025-08-27T06:57:31.675684",
  "overall_quality": 1.0,
  "avg_latency": 247.29248491094805,
  "total_data_points": 4750,
  "valid_data_points": 4750,
  "data_sources": 4,
  "active_alerts": 959007,
  "market_signals": 100
}