{
  "timestamp": "2025-08-26T15:14:41.430347",
  "overall_quality": 1.0,
  "avg_latency": 167.66095846801252,
  "total_data_points": 3220,
  "valid_data_points": 3220,
  "data_sources": 4,
  "active_alerts": 555245,
  "market_signals": 100
}