{
  "timestamp": "2025-08-26T22:21:32.556390",
  "overall_quality": 1.0,
  "avg_latency": 219.96580480874763,
  "total_data_points": 4230,
  "valid_data_points": 4230,
  "data_sources": 4,
  "active_alerts": 737436,
  "market_signals": 101
}