{
  "timestamp": "2025-08-29T20:28:36.466046",
  "overall_quality": 1.0,
  "avg_latency": 264.1138428061132,
  "total_data_points": 5070,
  "valid_data_points": 5070,
  "data_sources": 4,
  "active_alerts": 2551160,
  "market_signals": 101
}