{
  "timestamp": "2025-08-26T07:32:50.157465",
  "overall_quality": 1.0,
  "avg_latency": 264.53072054204324,
  "total_data_points": 5090,
  "valid_data_points": 5090,
  "data_sources": 4,
  "active_alerts": 357753,
  "market_signals": 102
}