{
  "timestamp": "2025-08-28T13:34:47.623557",
  "overall_quality": 1.0,
  "avg_latency": 155.98204618553044,
  "total_data_points": 3110,
  "valid_data_points": 3110,
  "data_sources": 4,
  "active_alerts": 1747627,
  "market_signals": 101
}