{
  "timestamp": "2025-08-30T02:37:49.027693",
  "overall_quality": 1.0,
  "avg_latency": 239.05962217473706,
  "total_data_points": 4750,
  "valid_data_points": 4750,
  "data_sources": 4,
  "active_alerts": 2714549,
  "market_signals": 102
}