{
  "timestamp": "2025-08-26T06:52:43.514345",
  "overall_quality": 1.0,
  "avg_latency": 261.6551526135182,
  "total_data_points": 5030,
  "valid_data_points": 5030,
  "data_sources": 4,
  "active_alerts": 340318,
  "market_signals": 101
}