{
  "timestamp": "2025-08-26T00:04:59.134336",
  "overall_quality": 1.0,
  "avg_latency": 181.4273819916664,
  "total_data_points": 3480,
  "valid_data_points": 3480,
  "data_sources": 4,
  "active_alerts": 168836,
  "market_signals": 101
}