{
  "timestamp": "2025-08-26T05:34:59.184506",
  "overall_quality": 1.0,
  "avg_latency": 179.8701403786125,
  "total_data_points": 3460,
  "valid_data_points": 3460,
  "data_sources": 4,
  "active_alerts": 307382,
  "market_signals": 101
}