{
  "timestamp": "2025-08-27T20:19:44.064018",
  "overall_quality": 1.0,
  "avg_latency": 158.6238495892161,
  "total_data_points": 3060,
  "valid_data_points": 3060,
  "data_sources": 4,
  "active_alerts": 1301453,
  "market_signals": 101
}