{
  "timestamp": "2025-08-26T22:52:37.912955",
  "overall_quality": 1.0,
  "avg_latency": 252.67893058827224,
  "total_data_points": 4860,
  "valid_data_points": 4860,
  "data_sources": 4,
  "active_alerts": 750482,
  "market_signals": 104
}