{
  "timestamp": "2025-08-27T02:19:45.270802",
  "overall_quality": 1.0,
  "avg_latency": 165.36292455642607,
  "total_data_points": 3190,
  "valid_data_points": 3190,
  "data_sources": 4,
  "active_alerts": 838895,
  "market_signals": 101
}