{
  "timestamp": "2025-08-27T17:18:44.151107",
  "overall_quality": 1.0,
  "avg_latency": 280.2286248126395,
  "total_data_points": 5380,
  "valid_data_points": 5380,
  "data_sources": 4,
  "active_alerts": 1224400,
  "market_signals": 100
}