{
  "timestamp": "2025-08-26T05:53:32.872530",
  "overall_quality": 1.0,
  "avg_latency": 286.343208953176,
  "total_data_points": 5510,
  "valid_data_points": 5510,
  "data_sources": 4,
  "active_alerts": 315232,
  "market_signals": 102
}