{
  "timestamp": "2025-08-28T10:58:42.222941",
  "overall_quality": 1.0,
  "avg_latency": 274.1338604304922,
  "total_data_points": 5280,
  "valid_data_points": 5280,
  "data_sources": 4,
  "active_alerts": 1680235,
  "market_signals": 102
}