{
  "timestamp": "2025-08-29T06:56:50.194840",
  "overall_quality": 1.0,
  "avg_latency": 215.22708733113257,
  "total_data_points": 4240,
  "valid_data_points": 4240,
  "data_sources": 4,
  "active_alerts": 2204158,
  "market_signals": 101
}