{
  "timestamp": "2025-08-27T09:49:57.824167",
  "overall_quality": 1.0,
  "avg_latency": 169.2020933513847,
  "total_data_points": 3250,
  "valid_data_points": 3250,
  "data_sources": 4,
  "active_alerts": 1032479,
  "market_signals": 103
}