{
  "timestamp": "2025-08-27T15:00:47.741640",
  "overall_quality": 1.0,
  "avg_latency": 192.4467378143241,
  "total_data_points": 3700,
  "valid_data_points": 3700,
  "data_sources": 4,
  "active_alerts": 1165726,
  "market_signals": 101
}