{
  "timestamp": "2025-08-26T08:11:57.503805",
  "overall_quality": 1.0,
  "avg_latency": 238.08549643632404,
  "total_data_points": 4570,
  "valid_data_points": 4570,
  "data_sources": 4,
  "active_alerts": 374978,
  "market_signals": 100
}