{
  "timestamp": "2025-08-28T11:50:45.776943",
  "overall_quality": 1.0,
  "avg_latency": 185.4546114813004,
  "total_data_points": 3690,
  "valid_data_points": 3690,
  "data_sources": 4,
  "active_alerts": 1702231,
  "market_signals": 101
}