{
  "timestamp": "2025-08-25T20:59:48.122243",
  "overall_quality": 1.0,
  "avg_latency": 177.1638772707965,
  "total_data_points": 3390,
  "valid_data_points": 3390,
  "data_sources": 4,
  "active_alerts": 89507,
  "market_signals": 100
}