{
  "timestamp": "2025-08-29T23:25:45.152423",
  "overall_quality": 1.0,
  "avg_latency": 177.20534920849832,
  "total_data_points": 3530,
  "valid_data_points": 3530,
  "data_sources": 4,
  "active_alerts": 2629723,
  "market_signals": 102
}