{
  "timestamp": "2025-08-28T06:56:51.296505",
  "overall_quality": 1.0,
  "avg_latency": 220.2719374626482,
  "total_data_points": 4230,
  "valid_data_points": 4230,
  "data_sources": 4,
  "active_alerts": 1578074,
  "market_signals": 101
}