{
  "timestamp": "2025-08-26T17:13:34.237231",
  "overall_quality": 1.0,
  "avg_latency": 282.6532706694301,
  "total_data_points": 5430,
  "valid_data_points": 5430,
  "data_sources": 4,
  "active_alerts": 606437,
  "market_signals": 100
}