{
  "timestamp": "2025-08-28T08:00:57.436988",
  "overall_quality": 1.0,
  "avg_latency": 193.06512758059344,
  "total_data_points": 3710,
  "valid_data_points": 3710,
  "data_sources": 4,
  "active_alerts": 1605187,
  "market_signals": 101
}