{
  "timestamp": "2025-08-27T09:06:50.312177",
  "overall_quality": 1.0,
  "avg_latency": 225.7735233282728,
  "total_data_points": 4347,
  "valid_data_points": 4347,
  "data_sources": 4,
  "active_alerts": 1013981,
  "market_signals": 103
}