{
  "timestamp": "2025-08-27T01:32:37.709617",
  "overall_quality": 1.0,
  "avg_latency": 252.02750233934393,
  "total_data_points": 4880,
  "valid_data_points": 4880,
  "data_sources": 4,
  "active_alerts": 818867,
  "market_signals": 101
}