{
  "timestamp": "2025-08-27T03:07:54.309559",
  "overall_quality": 1.0,
  "avg_latency": 259.59825975180706,
  "total_data_points": 4980,
  "valid_data_points": 4980,
  "data_sources": 4,
  "active_alerts": 859224,
  "market_signals": 100
}