{
  "timestamp": "2025-08-29T04:23:46.327711",
  "overall_quality": 1.0,
  "avg_latency": 273.3941178528544,
  "total_data_points": 5430,
  "valid_data_points": 5430,
  "data_sources": 4,
  "active_alerts": 2136680,
  "market_signals": 101
}