{
  "timestamp": "2025-08-29T14:57:59.832321",
  "overall_quality": 1.0,
  "avg_latency": 247.37992646680718,
  "total_data_points": 4760,
  "valid_data_points": 4760,
  "data_sources": 4,
  "active_alerts": 2410631,
  "market_signals": 101
}