{
  "timestamp": "2025-08-29T09:42:31.828674",
  "overall_quality": 1.0,
  "avg_latency": 235.00452455530944,
  "total_data_points": 4520,
  "valid_data_points": 4520,
  "data_sources": 4,
  "active_alerts": 2275641,
  "market_signals": 101
}