{
  "timestamp": "2025-08-30T01:49:48.070847",
  "overall_quality": 1.0,
  "avg_latency": 298.48653184293084,
  "total_data_points": 5940,
  "valid_data_points": 5940,
  "data_sources": 4,
  "active_alerts": 2692832,
  "market_signals": 101
}