{
  "timestamp": "2025-08-29T22:20:43.765447",
  "overall_quality": 1.0,
  "avg_latency": 176.84858248974368,
  "total_data_points": 3510,
  "valid_data_points": 3510,
  "data_sources": 4,
  "active_alerts": 2600273,
  "market_signals": 100
}