{
  "timestamp": "2025-08-26T20:13:38.536881",
  "overall_quality": 1.0,
  "avg_latency": 284.50681215494404,
  "total_data_points": 5460,
  "valid_data_points": 5460,
  "data_sources": 4,
  "active_alerts": 683238,
  "market_signals": 103
}