{
  "timestamp": "2025-08-26T22:35:34.786873",
  "overall_quality": 1.0,
  "avg_latency": 191.54142196521735,
  "total_data_points": 3680,
  "valid_data_points": 3680,
  "data_sources": 4,
  "active_alerts": 743313,
  "market_signals": 102
}