{
  "timestamp": "2025-08-28T00:20:56.599126",
  "overall_quality": 1.0,
  "avg_latency": 194.48827651782963,
  "total_data_points": 3870,
  "valid_data_points": 3870,
  "data_sources": 4,
  "active_alerts": 1406621,
  "market_signals": 101
}