{
  "timestamp": "2025-08-27T06:13:54.387163",
  "overall_quality": 1.0,
  "avg_latency": 288.52694129837784,
  "total_data_points": 5550,
  "valid_data_points": 5550,
  "data_sources": 4,
  "active_alerts": 939868,
  "market_signals": 103
}