{
  "timestamp": "2025-08-27T15:46:55.827173",
  "overall_quality": 1.0,
  "avg_latency": 226.38346884193493,
  "total_data_points": 4340,
  "valid_data_points": 4340,
  "data_sources": 4,
  "active_alerts": 1185528,
  "market_signals": 102
}