{
  "timestamp": "2025-08-26T07:07:45.437278",
  "overall_quality": 1.0,
  "avg_latency": 262.4713140307531,
  "total_data_points": 5040,
  "valid_data_points": 5040,
  "data_sources": 4,
  "active_alerts": 346789,
  "market_signals": 100
}