{
  "timestamp": "2025-08-27T08:27:44.720659",
  "overall_quality": 1.0,
  "avg_latency": 252.82404776817265,
  "total_data_points": 4870,
  "valid_data_points": 4870,
  "data_sources": 4,
  "active_alerts": 997058,
  "market_signals": 100
}