{
  "timestamp": "2025-08-25T22:09:35.478882",
  "overall_quality": 1.0,
  "avg_latency": 170.63621033179004,
  "total_data_points": 3240,
  "valid_data_points": 3240,
  "data_sources": 4,
  "active_alerts": 119092,
  "market_signals": 102
}