{
  "timestamp": "2025-08-25T19:00:54.401874",
  "overall_quality": 1.0,
  "avg_latency": 211.46176972816193,
  "total_data_points": 4190,
  "valid_data_points": 4190,
  "data_sources": 4,
  "active_alerts": 38833,
  "market_signals": 102
}