{
  "timestamp": "2025-08-30T00:13:46.052210",
  "overall_quality": 1.0,
  "avg_latency": 267.775157713508,
  "total_data_points": 5330,
  "valid_data_points": 5330,
  "data_sources": 4,
  "active_alerts": 2650700,
  "market_signals": 102
}