{
  "timestamp": "2025-08-30T00:22:46.222720",
  "overall_quality": 1.0,
  "avg_latency": 237.61640897949175,
  "total_data_points": 4730,
  "valid_data_points": 4730,
  "data_sources": 4,
  "active_alerts": 2654701,
  "market_signals": 101
}