{
  "timestamp": "2025-08-29T08:39:55.994492",
  "overall_quality": 1.0,
  "avg_latency": 157.92317934655745,
  "total_data_points": 3050,
  "valid_data_points": 3050,
  "data_sources": 4,
  "active_alerts": 2248847,
  "market_signals": 102
}