{
  "timestamp": "2025-08-28T06:32:49.217503",
  "overall_quality": 1.0,
  "avg_latency": 249.63142036374938,
  "total_data_points": 4800,
  "valid_data_points": 4800,
  "data_sources": 4,
  "active_alerts": 1568089,
  "market_signals": 101
}