{
  "timestamp": "2025-08-28T02:07:58.703550",
  "overall_quality": 1.0,
  "avg_latency": 255.22139690275543,
  "total_data_points": 5080,
  "valid_data_points": 5080,
  "data_sources": 4,
  "active_alerts": 1454017,
  "market_signals": 101
}