{
  "timestamp": "2025-08-28T16:43:58.883402",
  "overall_quality": 1.0,
  "avg_latency": 281.2808378493915,
  "total_data_points": 5418,
  "valid_data_points": 5418,
  "data_sources": 4,
  "active_alerts": 1829462,
  "market_signals": 100
}