{
  "timestamp": "2025-08-27T21:29:51.735997",
  "overall_quality": 1.0,
  "avg_latency": 162.76326649551268,
  "total_data_points": 3120,
  "valid_data_points": 3120,
  "data_sources": 4,
  "active_alerts": 1331220,
  "market_signals": 102
}