{
  "timestamp": "2025-08-27T09:50:57.921471",
  "overall_quality": 1.0,
  "avg_latency": 199.13867551279367,
  "total_data_points": 3830,
  "valid_data_points": 3830,
  "data_sources": 4,
  "active_alerts": 1032996,
  "market_signals": 101
}