{
  "timestamp": "2025-08-29T18:29:54.705177",
  "overall_quality": 1.0,
  "avg_latency": 153.06483951288155,
  "total_data_points": 2950,
  "valid_data_points": 2950,
  "data_sources": 4,
  "active_alerts": 2500771,
  "market_signals": 101
}