{
  "timestamp": "2025-08-29T00:27:41.714445",
  "overall_quality": 1.0,
  "avg_latency": 241.5857781135129,
  "total_data_points": 4810,
  "valid_data_points": 4810,
  "data_sources": 4,
  "active_alerts": 2032681,
  "market_signals": 101
}