{
  "timestamp": "2025-08-27T20:34:46.061700",
  "overall_quality": 1.0,
  "avg_latency": 159.76499675472328,
  "total_data_points": 3070,
  "valid_data_points": 3070,
  "data_sources": 4,
  "active_alerts": 1307751,
  "market_signals": 101
}