{
  "timestamp": "2025-08-26T09:01:36.796270",
  "overall_quality": 1.0,
  "avg_latency": 227.51630001235773,
  "total_data_points": 4370,
  "valid_data_points": 4370,
  "data_sources": 4,
  "active_alerts": 395239,
  "market_signals": 102
}