{
  "timestamp": "2025-08-29T01:23:42.828722",
  "overall_quality": 1.0,
  "avg_latency": 272.2621373649455,
  "total_data_points": 5420,
  "valid_data_points": 5420,
  "data_sources": 4,
  "active_alerts": 2057283,
  "market_signals": 100
}