{
  "timestamp": "2025-08-30T01:48:48.047155",
  "overall_quality": 1.0,
  "avg_latency": 268.6241223882015,
  "total_data_points": 5340,
  "valid_data_points": 5340,
  "data_sources": 4,
  "active_alerts": 2692385,
  "market_signals": 101
}