{
  "timestamp": "2025-08-26T05:28:58.250655",
  "overall_quality": 1.0,
  "avg_latency": 299.1632534293397,
  "total_data_points": 5760,
  "valid_data_points": 5760,
  "data_sources": 4,
  "active_alerts": 304636,
  "market_signals": 101
}