{
  "timestamp": "2025-08-27T02:59:52.716303",
  "overall_quality": 1.0,
  "avg_latency": 169.10752602615366,
  "total_data_points": 3250,
  "valid_data_points": 3250,
  "data_sources": 4,
  "active_alerts": 855878,
  "market_signals": 100
}