{
  "timestamp": "2025-08-26T17:11:33.856854",
  "overall_quality": 1.0,
  "avg_latency": 222.67217600398084,
  "total_data_points": 4270,
  "valid_data_points": 4270,
  "data_sources": 4,
  "active_alerts": 605495,
  "market_signals": 100
}