{
  "timestamp": "2025-08-26T08:18:58.480378",
  "overall_quality": 1.0,
  "avg_latency": 298.78407273821904,
  "total_data_points": 5730,
  "valid_data_points": 5730,
  "data_sources": 4,
  "active_alerts": 377831,
  "market_signals": 100
}