{
  "timestamp": "2025-08-29T15:54:35.508470",
  "overall_quality": 1.0,
  "avg_latency": 294.8775563862195,
  "total_data_points": 5660,
  "valid_data_points": 5660,
  "data_sources": 4,
  "active_alerts": 2434319,
  "market_signals": 102
}