{
  "timestamp": "2025-08-27T05:23:47.610956",
  "overall_quality": 1.0,
  "avg_latency": 285.628471137705,
  "total_data_points": 5490,
  "valid_data_points": 5490,
  "data_sources": 4,
  "active_alerts": 917646,
  "market_signals": 100
}