{
  "timestamp": "2025-08-28T19:11:35.819252",
  "overall_quality": 1.0,
  "avg_latency": 209.39858602278122,
  "total_data_points": 4170,
  "valid_data_points": 4170,
  "data_sources": 4,
  "active_alerts": 1892644,
  "market_signals": 103
}