{
  "timestamp": "2025-08-30T00:40:46.585322",
  "overall_quality": 1.0,
  "avg_latency": 177.8382686412434,
  "total_data_points": 3540,
  "valid_data_points": 3540,
  "data_sources": 4,
  "active_alerts": 2662767,
  "market_signals": 101
}