{
  "timestamp": "2025-08-27T17:58:50.307607",
  "overall_quality": 1.0,
  "avg_latency": 283.08072250977796,
  "total_data_points": 5420,
  "valid_data_points": 5420,
  "data_sources": 4,
  "active_alerts": 1241767,
  "market_signals": 101
}