{
  "timestamp": "2025-08-28T00:04:56.298678",
  "overall_quality": 1.0,
  "avg_latency": 164.71880158990797,
  "total_data_points": 3270,
  "valid_data_points": 3270,
  "data_sources": 4,
  "active_alerts": 1399369,
  "market_signals": 102
}