{
  "timestamp": "2025-08-29T01:52:43.423000",
  "overall_quality": 1.0,
  "avg_latency": 242.30751945995894,
  "total_data_points": 4820,
  "valid_data_points": 4820,
  "data_sources": 4,
  "active_alerts": 2069853,
  "market_signals": 103
}