{
  "timestamp": "2025-08-29T11:14:39.122761",
  "overall_quality": 1.0,
  "avg_latency": 298.0321960832467,
  "total_data_points": 5730,
  "valid_data_points": 5730,
  "data_sources": 4,
  "active_alerts": 2315246,
  "market_signals": 100
}