{
  "timestamp": "2025-08-27T11:04:39.432530",
  "overall_quality": 1.0,
  "avg_latency": 159.38414123094498,
  "total_data_points": 3070,
  "valid_data_points": 3070,
  "data_sources": 4,
  "active_alerts": 1064629,
  "market_signals": 102
}