{
  "timestamp": "2025-08-30T05:51:52.697783",
  "overall_quality": 1.0,
  "avg_latency": 210.79299103436702,
  "total_data_points": 4190,
  "valid_data_points": 4190,
  "data_sources": 4,
  "active_alerts": 2798869,
  "market_signals": 102
}