{
  "timestamp": "2025-08-26T05:15:55.669431",
  "overall_quality": 1.0,
  "avg_latency": 208.02730171750034,
  "total_data_points": 4000,
  "valid_data_points": 4000,
  "data_sources": 4,
  "active_alerts": 299312,
  "market_signals": 103
}