{
  "timestamp": "2025-08-27T12:54:57.928927",
  "overall_quality": 1.0,
  "avg_latency": 168.1462030641971,
  "total_data_points": 3240,
  "valid_data_points": 3240,
  "data_sources": 4,
  "active_alerts": 1111700,
  "market_signals": 102
}