{
  "timestamp": "2025-08-25T23:00:44.526018",
  "overall_quality": 1.0,
  "avg_latency": 204.57502261979738,
  "total_data_points": 3940,
  "valid_data_points": 3940,
  "data_sources": 4,
  "active_alerts": 140964,
  "market_signals": 102
}