{
  "timestamp": "2025-08-26T10:47:54.627698",
  "overall_quality": 1.0,
  "avg_latency": 265.8567399358676,
  "total_data_points": 5130,
  "valid_data_points": 5130,
  "data_sources": 4,
  "active_alerts": 441067,
  "market_signals": 100
}