{
  "timestamp": "2025-08-27T07:24:35.522503",
  "overall_quality": 1.0,
  "avg_latency": 159.0609229055733,
  "total_data_points": 3050,
  "valid_data_points": 3050,
  "data_sources": 4,
  "active_alerts": 970423,
  "market_signals": 102
}