{
  "timestamp": "2025-08-29T14:34:58.006948",
  "overall_quality": 1.0,
  "avg_latency": 156.54435865231812,
  "total_data_points": 3020,
  "valid_data_points": 3020,
  "data_sources": 4,
  "active_alerts": 2400839,
  "market_signals": 103
}