{
  "timestamp": "2025-08-29T17:27:46.473268",
  "overall_quality": 1.0,
  "avg_latency": 240.04897311108692,
  "total_data_points": 4600,
  "valid_data_points": 4600,
  "data_sources": 4,
  "active_alerts": 2473719,
  "market_signals": 100
}