{
  "timestamp": "2025-08-26T04:03:41.511120",
  "overall_quality": 1.0,
  "avg_latency": 291.8604828467031,
  "total_data_points": 5610,
  "valid_data_points": 5610,
  "data_sources": 4,
  "active_alerts": 269054,
  "market_signals": 100
}