{
  "timestamp": "2025-08-29T13:43:53.121657",
  "overall_quality": 1.0,
  "avg_latency": 274.5488414870145,
  "total_data_points": 5275,
  "valid_data_points": 5275,
  "data_sources": 4,
  "active_alerts": 2378968,
  "market_signals": 102
}