{
  "timestamp": "2025-08-26T22:25:33.200381",
  "overall_quality": 1.0,
  "avg_latency": 190.24991353961732,
  "total_data_points": 3660,
  "valid_data_points": 3660,
  "data_sources": 4,
  "active_alerts": 739192,
  "market_signals": 100
}