{
  "timestamp": "2025-08-28T16:51:59.668333",
  "overall_quality": 1.0,
  "avg_latency": 222.03816345586907,
  "total_data_points": 4260,
  "valid_data_points": 4260,
  "data_sources": 4,
  "active_alerts": 1832849,
  "market_signals": 102
}