{
  "timestamp": "2025-08-27T00:21:55.201641",
  "overall_quality": 1.0,
  "avg_latency": 230.76597050314595,
  "total_data_points": 4450,
  "valid_data_points": 4450,
  "data_sources": 4,
  "active_alerts": 787955,
  "market_signals": 104
}