{
  "timestamp": "2025-08-29T11:01:38.154402",
  "overall_quality": 1.0,
  "avg_latency": 207.52383950150005,
  "total_data_points": 4000,
  "valid_data_points": 4000,
  "data_sources": 4,
  "active_alerts": 2309684,
  "market_signals": 100
}