{
  "timestamp": "2025-08-29T23:55:45.709380",
  "overall_quality": 1.0,
  "avg_latency": 177.70691956299456,
  "total_data_points": 3540,
  "valid_data_points": 3540,
  "data_sources": 4,
  "active_alerts": 2642850,
  "market_signals": 101
}