{
  "timestamp": "2025-08-27T04:40:40.959538",
  "overall_quality": 1.0,
  "avg_latency": 192.66438330567584,
  "total_data_points": 3700,
  "valid_data_points": 3700,
  "data_sources": 4,
  "active_alerts": 899441,
  "market_signals": 100
}