{
  "timestamp": "2025-08-26T12:59:48.169114",
  "overall_quality": 1.0,
  "avg_latency": 171.70263044441091,
  "total_data_points": 3310,
  "valid_data_points": 3310,
  "data_sources": 4,
  "active_alerts": 497173,
  "market_signals": 100
}