{
  "timestamp": "2025-08-27T15:23:51.048072",
  "overall_quality": 1.0,
  "avg_latency": 284.1438854725792,
  "total_data_points": 5470,
  "valid_data_points": 5470,
  "data_sources": 4,
  "active_alerts": 1175540,
  "market_signals": 102
}