{
  "timestamp": "2025-08-27T19:34:35.755260",
  "overall_quality": 1.0,
  "avg_latency": 155.09326929395954,
  "total_data_points": 2980,
  "valid_data_points": 2980,
  "data_sources": 4,
  "active_alerts": 1282662,
  "market_signals": 102
}