{
  "timestamp": "2025-08-28T17:41:33.595074",
  "overall_quality": 1.0,
  "avg_latency": 208.4919931029931,
  "total_data_points": 4010,
  "valid_data_points": 4010,
  "data_sources": 4,
  "active_alerts": 1853755,
  "market_signals": 103
}