{
  "timestamp": "2025-08-26T08:13:57.849029",
  "overall_quality": 1.0,
  "avg_latency": 298.0409954263517,
  "total_data_points": 5730,
  "valid_data_points": 5730,
  "data_sources": 4,
  "active_alerts": 375874,
  "market_signals": 102
}