{
  "timestamp": "2025-08-28T07:27:54.151677",
  "overall_quality": 1.0,
  "avg_latency": 251.2814754987578,
  "total_data_points": 4830,
  "valid_data_points": 4830,
  "data_sources": 4,
  "active_alerts": 1590860,
  "market_signals": 101
}