{
  "timestamp": "2025-08-30T05:12:51.878930",
  "overall_quality": 1.0,
  "avg_latency": 240.29401742845172,
  "total_data_points": 4780,
  "valid_data_points": 4780,
  "data_sources": 4,
  "active_alerts": 2781682,
  "market_signals": 102
}