{
  "timestamp": "2025-08-28T21:31:38.372302",
  "overall_quality": 1.0,
  "avg_latency": 210.35449336961705,
  "total_data_points": 4180,
  "valid_data_points": 4180,
  "data_sources": 4,
  "active_alerts": 1954063,
  "market_signals": 100
}