{
  "timestamp": "2025-08-29T20:07:34.878266",
  "overall_quality": 1.0,
  "avg_latency": 233.37922916607164,
  "total_data_points": 4480,
  "valid_data_points": 4480,
  "data_sources": 4,
  "active_alerts": 2542444,
  "market_signals": 101
}