{
  "timestamp": "2025-08-27T01:16:34.991870",
  "overall_quality": 1.0,
  "avg_latency": 220.58200297905827,
  "total_data_points": 4250,
  "valid_data_points": 4250,
  "data_sources": 4,
  "active_alerts": 811789,
  "market_signals": 100
}