{
  "timestamp": "2025-08-27T13:19:32.062058",
  "overall_quality": 1.0,
  "avg_latency": 155.53474659030132,
  "total_data_points": 2990,
  "valid_data_points": 2990,
  "data_sources": 4,
  "active_alerts": 1122490,
  "market_signals": 100
}