{
  "timestamp": "2025-08-26T08:20:58.784171",
  "overall_quality": 1.0,
  "avg_latency": 208.2335119432499,
  "total_data_points": 4000,
  "valid_data_points": 4000,
  "data_sources": 4,
  "active_alerts": 378531,
  "market_signals": 103
}