{
  "timestamp": "2025-08-29T23:07:44.764421",
  "overall_quality": 1.0,
  "avg_latency": 237.35916104968138,
  "total_data_points": 4710,
  "valid_data_points": 4710,
  "data_sources": 4,
  "active_alerts": 2621828,
  "market_signals": 101
}