{
  "timestamp": "2025-08-28T09:22:34.889307",
  "overall_quality": 1.0,
  "avg_latency": 240.91197497349089,
  "total_data_points": 4640,
  "valid_data_points": 4640,
  "data_sources": 4,
  "active_alerts": 1640152,
  "market_signals": 100
}