{
  "timestamp": "2025-08-28T14:28:48.664574",
  "overall_quality": 1.0,
  "avg_latency": 276.7449743089083,
  "total_data_points": 5500,
  "valid_data_points": 5500,
  "data_sources": 4,
  "active_alerts": 1771484,
  "market_signals": 100
}