{
  "timestamp": "2025-08-30T02:22:48.770113",
  "overall_quality": 1.0,
  "avg_latency": 238.6766823168427,
  "total_data_points": 4750,
  "valid_data_points": 4750,
  "data_sources": 4,
  "active_alerts": 2707665,
  "market_signals": 103
}