{
  "timestamp": "2025-08-29T04:13:46.132961",
  "overall_quality": 1.0,
  "avg_latency": 273.4800632126826,
  "total_data_points": 5440,
  "valid_data_points": 5440,
  "data_sources": 4,
  "active_alerts": 2132203,
  "market_signals": 103
}