{
  "timestamp": "2025-08-29T00:47:42.110133",
  "overall_quality": 1.0,
  "avg_latency": 241.48566136257796,
  "total_data_points": 4810,
  "valid_data_points": 4810,
  "data_sources": 4,
  "active_alerts": 2041797,
  "market_signals": 101
}