{
  "timestamp": "2025-08-28T13:32:47.590290",
  "overall_quality": 1.0,
  "avg_latency": 246.79647439795946,
  "total_data_points": 4900,
  "valid_data_points": 4900,
  "data_sources": 4,
  "active_alerts": 1746823,
  "market_signals": 101
}