{
  "timestamp": "2025-08-29T18:50:57.433477",
  "overall_quality": 1.0,
  "avg_latency": 184.79005669126767,
  "total_data_points": 3550,
  "valid_data_points": 3550,
  "data_sources": 4,
  "active_alerts": 2509493,
  "market_signals": 100
}