{
  "timestamp": "2025-08-28T10:18:39.199463",
  "overall_quality": 1.0,
  "avg_latency": 272.9744313363814,
  "total_data_points": 5250,
  "valid_data_points": 5250,
  "data_sources": 4,
  "active_alerts": 1663751,
  "market_signals": 101
}