{
  "timestamp": "2025-08-26T09:10:38.874617",
  "overall_quality": 1.0,
  "avg_latency": 198.49684888530226,
  "total_data_points": 3810,
  "valid_data_points": 3810,
  "data_sources": 4,
  "active_alerts": 399380,
  "market_signals": 101
}