{
  "timestamp": "2025-08-26T07:49:52.949624",
  "overall_quality": 1.0,
  "avg_latency": 175.75511135858028,
  "total_data_points": 3380,
  "valid_data_points": 3380,
  "data_sources": 4,
  "active_alerts": 365307,
  "market_signals": 101
}