{
  "timestamp": "2025-08-27T16:00:58.961108",
  "overall_quality": 1.0,
  "avg_latency": 197.81677469208466,
  "total_data_points": 3790,
  "valid_data_points": 3790,
  "data_sources": 4,
  "active_alerts": 1191625,
  "market_signals": 101
}