{
  "timestamp": "2025-08-25T22:34:40.628300",
  "overall_quality": 1.0,
  "avg_latency": 172.58354804078547,
  "total_data_points": 3310,
  "valid_data_points": 3310,
  "data_sources": 4,
  "active_alerts": 129621,
  "market_signals": 101
}