{
  "timestamp": "2025-08-29T01:34:43.053782",
  "overall_quality": 1.0,
  "avg_latency": 151.81432764488443,
  "total_data_points": 3030,
  "valid_data_points": 3030,
  "data_sources": 4,
  "active_alerts": 2061783,
  "market_signals": 100
}