{
  "timestamp": "2025-08-25T21:29:54.439641",
  "overall_quality": 1.0,
  "avg_latency": 180.35011983586037,
  "total_data_points": 3430,
  "valid_data_points": 3430,
  "data_sources": 4,
  "active_alerts": 102414,
  "market_signals": 100
}