{
  "timestamp": "2025-08-27T08:01:41.184867",
  "overall_quality": 1.0,
  "avg_latency": 221.57603009671317,
  "total_data_points": 4260,
  "valid_data_points": 4260,
  "data_sources": 4,
  "active_alerts": 986080,
  "market_signals": 102
}