{
  "timestamp": "2025-08-30T08:14:55.244073",
  "overall_quality": 1.0,
  "avg_latency": 151.62876341063154,
  "total_data_points": 3010,
  "valid_data_points": 3010,
  "data_sources": 4,
  "active_alerts": 2861923,
  "market_signals": 101
}