{
  "timestamp": "2025-08-25T18:00:52.654192",
  "overall_quality": 1.0,
  "avg_latency": 210.0410011873505,
  "total_data_points": 4190,
  "valid_data_points": 4190,
  "data_sources": 4,
  "active_alerts": 11816,
  "market_signals": 101
}