{
  "timestamp": "2025-08-29T02:45:44.451403",
  "overall_quality": 1.0,
  "avg_latency": 182.83737366318684,
  "total_data_points": 3640,
  "valid_data_points": 3640,
  "data_sources": 4,
  "active_alerts": 2093438,
  "market_signals": 101
}