{
  "timestamp": "2025-08-26T00:46:35.996852",
  "overall_quality": 1.0,
  "avg_latency": 229.65420070701384,
  "total_data_points": 4420,
  "valid_data_points": 4420,
  "data_sources": 4,
  "active_alerts": 185566,
  "market_signals": 100
}