{
  "timestamp": "2025-08-28T12:44:46.656289",
  "overall_quality": 1.0,
  "avg_latency": 156.33816109839242,
  "total_data_points": 3110,
  "valid_data_points": 3110,
  "data_sources": 4,
  "active_alerts": 1725574,
  "market_signals": 103
}