{
  "timestamp": "2025-08-26T02:38:56.468574",
  "overall_quality": 1.0,
  "avg_latency": 299.2153748243067,
  "total_data_points": 5760,
  "valid_data_points": 5760,
  "data_sources": 4,
  "active_alerts": 233497,
  "market_signals": 100
}