{
  "timestamp": "2025-08-29T23:18:45.014369",
  "overall_quality": 1.0,
  "avg_latency": 267.4929496780074,
  "total_data_points": 5320,
  "valid_data_points": 5320,
  "data_sources": 4,
  "active_alerts": 2626691,
  "market_signals": 101
}