{
  "timestamp": "2025-08-29T09:21:59.907349",
  "overall_quality": 1.0,
  "avg_latency": 219.4827682379151,
  "total_data_points": 4220,
  "valid_data_points": 4220,
  "data_sources": 4,
  "active_alerts": 2266799,
  "market_signals": 101
}