{
  "timestamp": "2025-08-29T05:58:48.457790",
  "overall_quality": 1.0,
  "avg_latency": 274.3279602130267,
  "total_data_points": 5450,
  "valid_data_points": 5450,
  "data_sources": 4,
  "active_alerts": 2178305,
  "market_signals": 101
}