{
  "timestamp": "2025-08-27T08:52:48.164387",
  "overall_quality": 1.0,
  "avg_latency": 254.7806801822449,
  "total_data_points": 4900,
  "valid_data_points": 4900,
  "data_sources": 4,
  "active_alerts": 1007760,
  "market_signals": 101
}