{
  "timestamp": "2025-08-26T03:23:33.743849",
  "overall_quality": 1.0,
  "avg_latency": 287.5116752092216,
  "total_data_points": 5530,
  "valid_data_points": 5530,
  "data_sources": 4,
  "active_alerts": 252010,
  "market_signals": 101
}