{
  "timestamp": "2025-08-27T18:27:55.519326",
  "overall_quality": 1.0,
  "avg_latency": 255.00140922342166,
  "total_data_points": 4910,
  "valid_data_points": 4910,
  "data_sources": 4,
  "active_alerts": 1254244,
  "market_signals": 100
}