{
  "timestamp": "2025-08-26T09:40:43.842519",
  "overall_quality": 1.0,
  "avg_latency": 200.39436512000006,
  "total_data_points": 3850,
  "valid_data_points": 3850,
  "data_sources": 4,
  "active_alerts": 412358,
  "market_signals": 101
}