{
  "timestamp": "2025-08-28T16:38:58.543379",
  "overall_quality": 1.0,
  "avg_latency": 281.5191110492591,
  "total_data_points": 5400,
  "valid_data_points": 5400,
  "data_sources": 4,
  "active_alerts": 1827290,
  "market_signals": 102
}