{
  "timestamp": "2025-08-27T20:36:46.243727",
  "overall_quality": 1.0,
  "avg_latency": 219.60149088747033,
  "total_data_points": 4230,
  "valid_data_points": 4230,
  "data_sources": 4,
  "active_alerts": 1308556,
  "market_signals": 101
}