{
  "timestamp": "2025-08-29T12:01:43.441051",
  "overall_quality": 1.0,
  "avg_latency": 210.1416609864196,
  "total_data_points": 4050,
  "valid_data_points": 4050,
  "data_sources": 4,
  "active_alerts": 2335444,
  "market_signals": 102
}