{
  "timestamp": "2025-08-26T09:09:38.796960",
  "overall_quality": 1.0,
  "avg_latency": 168.62471975851415,
  "total_data_points": 3230,
  "valid_data_points": 3230,
  "data_sources": 4,
  "active_alerts": 398843,
  "market_signals": 101
}