{
  "timestamp": "2025-08-29T11:36:41.102229",
  "overall_quality": 1.0,
  "avg_latency": 209.32672990248153,
  "total_data_points": 4030,
  "valid_data_points": 4030,
  "data_sources": 4,
  "active_alerts": 2324835,
  "market_signals": 103
}