{
  "timestamp": "2025-08-26T10:14:48.805866",
  "overall_quality": 1.0,
  "avg_latency": 172.81080503915683,
  "total_data_points": 3320,
  "valid_data_points": 3320,
  "data_sources": 4,
  "active_alerts": 426990,
  "market_signals": 102
}