{
  "timestamp": "2025-08-28T18:29:35.046549",
  "overall_quality": 1.0,
  "avg_latency": 299.26982237542205,
  "total_data_points": 5940,
  "valid_data_points": 5940,
  "data_sources": 4,
  "active_alerts": 1874048,
  "market_signals": 100
}