{
  "timestamp": "2025-08-28T23:53:41.132587",
  "overall_quality": 1.0,
  "avg_latency": 271.91523232351926,
  "total_data_points": 5400,
  "valid_data_points": 5400,
  "data_sources": 4,
  "active_alerts": 2017226,
  "market_signals": 103
}