{
  "timestamp": "2025-08-30T08:16:55.275932",
  "overall_quality": 1.0,
  "avg_latency": 211.32793108741066,
  "total_data_points": 4210,
  "valid_data_points": 4210,
  "data_sources": 4,
  "active_alerts": 2862750,
  "market_signals": 103
}