{
  "timestamp": "2025-08-26T12:01:37.506100",
  "overall_quality": 1.0,
  "avg_latency": 226.96763995275248,
  "total_data_points": 4360,
  "valid_data_points": 4360,
  "data_sources": 4,
  "active_alerts": 473049,
  "market_signals": 103
}