{
  "timestamp": "2025-08-27T16:56:40.242823",
  "overall_quality": 1.0,
  "avg_latency": 218.16343892434347,
  "total_data_points": 4190,
  "valid_data_points": 4190,
  "data_sources": 4,
  "active_alerts": 1215443,
  "market_signals": 102
}