{
  "timestamp": "2025-08-29T07:28:51.147975",
  "overall_quality": 1.0,
  "avg_latency": 275.39179860477105,
  "total_data_points": 5450,
  "valid_data_points": 5450,
  "data_sources": 4,
  "active_alerts": 2218198,
  "market_signals": 100
}