{
  "timestamp": "2025-08-29T17:38:48.006105",
  "overall_quality": 1.0,
  "avg_latency": 270.39285504307725,
  "total_data_points": 5200,
  "valid_data_points": 5200,
  "data_sources": 4,
  "active_alerts": 2478519,
  "market_signals": 105
}