{
  "timestamp": "2025-08-27T03:26:58.064624",
  "overall_quality": 1.0,
  "avg_latency": 231.464171170786,
  "total_data_points": 4450,
  "valid_data_points": 4450,
  "data_sources": 4,
  "active_alerts": 867655,
  "market_signals": 101
}