{
  "timestamp": "2025-08-27T21:14:49.912551",
  "overall_quality": 1.0,
  "avg_latency": 161.93052618520898,
  "total_data_points": 3110,
  "valid_data_points": 3110,
  "data_sources": 4,
  "active_alerts": 1324941,
  "market_signals": 101
}