{
  "timestamp": "2025-08-26T20:44:44.324165",
  "overall_quality": 1.0,
  "avg_latency": 166.731577669785,
  "total_data_points": 3207,
  "valid_data_points": 3207,
  "data_sources": 4,
  "active_alerts": 696446,
  "market_signals": 100
}