{
  "timestamp": "2025-08-27T11:53:46.889007",
  "overall_quality": 1.0,
  "avg_latency": 283.62661768422026,
  "total_data_points": 5450,
  "valid_data_points": 5450,
  "data_sources": 4,
  "active_alerts": 1086097,
  "market_signals": 103
}