{
  "timestamp": "2025-08-26T01:14:40.462813",
  "overall_quality": 1.0,
  "avg_latency": 171.83335184545476,
  "total_data_points": 3300,
  "valid_data_points": 3300,
  "data_sources": 4,
  "active_alerts": 197421,
  "market_signals": 101
}