{
  "timestamp": "2025-08-25T21:51:59.554989",
  "overall_quality": 1.0,
  "avg_latency": 242.18983427207772,
  "total_data_points": 4620,
  "valid_data_points": 4620,
  "data_sources": 4,
  "active_alerts": 111464,
  "market_signals": 101
}