{
  "timestamp": "2025-08-28T01:12:57.551940",
  "overall_quality": 1.0,
  "avg_latency": 254.6128966427996,
  "total_data_points": 5070,
  "valid_data_points": 5070,
  "data_sources": 4,
  "active_alerts": 1429715,
  "market_signals": 102
}