{
  "timestamp": "2025-08-26T22:15:31.590064",
  "overall_quality": 1.0,
  "avg_latency": 189.89900007747275,
  "total_data_points": 3640,
  "valid_data_points": 3640,
  "data_sources": 4,
  "active_alerts": 734983,
  "market_signals": 104
}