{
  "timestamp": "2025-08-26T09:30:41.906308",
  "overall_quality": 1.0,
  "avg_latency": 199.44789560312543,
  "total_data_points": 3840,
  "valid_data_points": 3840,
  "data_sources": 4,
  "active_alerts": 408084,
  "market_signals": 103
}