{
  "timestamp": "2025-08-29T22:13:43.638911",
  "overall_quality": 1.0,
  "avg_latency": 266.70045341468966,
  "total_data_points": 5310,
  "valid_data_points": 5310,
  "data_sources": 4,
  "active_alerts": 2596967,
  "market_signals": 102
}