{
  "timestamp": "2025-08-28T07:47:55.954421",
  "overall_quality": 1.0,
  "avg_latency": 251.68413443298934,
  "total_data_points": 4850,
  "valid_data_points": 4850,
  "data_sources": 4,
  "active_alerts": 1599582,
  "market_signals": 102
}