{
  "timestamp": "2025-08-30T00:54:46.894335",
  "overall_quality": 1.0,
  "avg_latency": 298.5037422539631,
  "total_data_points": 5930,
  "valid_data_points": 5930,
  "data_sources": 4,
  "active_alerts": 2669201,
  "market_signals": 100
}