{
  "timestamp": "2025-08-26T13:59:58.305231",
  "overall_quality": 1.0,
  "avg_latency": 176.61395232911832,
  "total_data_points": 3400,
  "valid_data_points": 3400,
  "data_sources": 4,
  "active_alerts": 523077,
  "market_signals": 103
}