{
  "timestamp": "2025-08-27T17:45:47.915709",
  "overall_quality": 1.0,
  "avg_latency": 192.2344482964762,
  "total_data_points": 3690,
  "valid_data_points": 3690,
  "data_sources": 4,
  "active_alerts": 1236190,
  "market_signals": 101
}