{
  "timestamp": "2025-08-27T08:37:46.307921",
  "overall_quality": 1.0,
  "avg_latency": 253.7242785510233,
  "total_data_points": 4880,
  "valid_data_points": 4880,
  "data_sources": 4,
  "active_alerts": 1001414,
  "market_signals": 103
}