{
  "timestamp": "2025-08-27T13:25:32.888162",
  "overall_quality": 1.0,
  "avg_latency": 185.54547234061633,
  "total_data_points": 3570,
  "valid_data_points": 3570,
  "data_sources": 4,
  "active_alerts": 1124963,
  "market_signals": 100
}