{
  "timestamp": "2025-08-28T03:28:31.101120",
  "overall_quality": 1.0,
  "avg_latency": 272.96927192255686,
  "total_data_points": 5320,
  "valid_data_points": 5320,
  "data_sources": 4,
  "active_alerts": 1489594,
  "market_signals": 101
}