{
  "timestamp": "2025-08-28T08:44:31.855668",
  "overall_quality": 1.0,
  "avg_latency": 299.4577817258245,
  "total_data_points": 5770,
  "valid_data_points": 5770,
  "data_sources": 4,
  "active_alerts": 1623576,
  "market_signals": 101
}