{
  "timestamp": "2025-08-27T01:59:41.855749",
  "overall_quality": 1.0,
  "avg_latency": 163.57166719305977,
  "total_data_points": 3170,
  "valid_data_points": 3170,
  "data_sources": 4,
  "active_alerts": 830486,
  "market_signals": 101
}