{
  "timestamp": "2025-08-25T23:45:53.243559",
  "overall_quality": 1.0,
  "avg_latency": 208.80395589499992,
  "total_data_points": 4000,
  "valid_data_points": 4000,
  "data_sources": 4,
  "active_alerts": 160649,
  "market_signals": 102
}