{
  "timestamp": "2025-08-26T04:43:49.593227",
  "overall_quality": 1.0,
  "avg_latency": 295.06800792500024,
  "total_data_points": 5680,
  "valid_data_points": 5680,
  "data_sources": 4,
  "active_alerts": 285816,
  "market_signals": 101
}