{
  "timestamp": "2025-08-30T05:38:52.414787",
  "overall_quality": 1.0,
  "avg_latency": 270.6423623947955,
  "total_data_points": 5380,
  "valid_data_points": 5380,
  "data_sources": 4,
  "active_alerts": 2793274,
  "market_signals": 101
}