{
  "timestamp": "2025-08-28T08:28:30.615778",
  "overall_quality": 1.0,
  "avg_latency": 268.8220492096712,
  "total_data_points": 5170,
  "valid_data_points": 5170,
  "data_sources": 4,
  "active_alerts": 1616939,
  "market_signals": 101
}