{
  "timestamp": "2025-08-27T17:40:47.123680",
  "overall_quality": 1.0,
  "avg_latency": 191.5283522654891,
  "total_data_points": 3680,
  "valid_data_points": 3680,
  "data_sources": 4,
  "active_alerts": 1233877,
  "market_signals": 102
}