{
  "timestamp": "2025-08-26T02:14:51.425026",
  "overall_quality": 1.0,
  "avg_latency": 177.06071121235254,
  "total_data_points": 3400,
  "valid_data_points": 3400,
  "data_sources": 4,
  "active_alerts": 222974,
  "market_signals": 102
}