{
  "timestamp": "2025-08-25T21:26:53.488894",
  "overall_quality": 1.0,
  "avg_latency": 239.21743678461453,
  "total_data_points": 4550,
  "valid_data_points": 4550,
  "data_sources": 4,
  "active_alerts": 101183,
  "market_signals": 101
}