{
  "timestamp": "2025-08-30T03:24:49.853594",
  "overall_quality": 1.0,
  "avg_latency": 299.35568552718144,
  "total_data_points": 5960,
  "valid_data_points": 5960,
  "data_sources": 4,
  "active_alerts": 2734729,
  "market_signals": 102
}