{
  "timestamp": "2025-08-30T06:22:53.293936",
  "overall_quality": 1.0,
  "avg_latency": 240.41276266492665,
  "total_data_points": 4790,
  "valid_data_points": 4790,
  "data_sources": 4,
  "active_alerts": 2812648,
  "market_signals": 102
}