{
  "timestamp": "2025-08-26T02:34:55.743739",
  "overall_quality": 1.0,
  "avg_latency": 179.16004535029137,
  "total_data_points": 3440,
  "valid_data_points": 3440,
  "data_sources": 4,
  "active_alerts": 231623,
  "market_signals": 100
}