{
  "timestamp": "2025-08-25T18:37:53.788647",
  "overall_quality": 1.0,
  "avg_latency": 271.1177789747671,
  "total_data_points": 5390,
  "valid_data_points": 5390,
  "data_sources": 4,
  "active_alerts": 28529,
  "market_signals": 102
}