{
  "timestamp": "2025-08-30T00:00:45.804637",
  "overall_quality": 1.0,
  "avg_latency": 177.58856216883825,
  "total_data_points": 3530,
  "valid_data_points": 3530,
  "data_sources": 4,
  "active_alerts": 2645064,
  "market_signals": 102
}