{
  "timestamp": "2025-08-29T17:39:48.136190",
  "overall_quality": 1.0,
  "avg_latency": 150.47101627413818,
  "total_data_points": 2900,
  "valid_data_points": 2900,
  "data_sources": 4,
  "active_alerts": 2478907,
  "market_signals": 103
}