{
  "timestamp": "2025-08-29T20:45:38.561481",
  "overall_quality": 1.0,
  "avg_latency": 174.75734372023837,
  "total_data_points": 3360,
  "valid_data_points": 3360,
  "data_sources": 4,
  "active_alerts": 2558738,
  "market_signals": 102
}