{
  "timestamp": "2025-08-27T12:39:55.358673",
  "overall_quality": 1.0,
  "avg_latency": 167.25471080527942,
  "total_data_points": 3220,
  "valid_data_points": 3220,
  "data_sources": 4,
  "active_alerts": 1105252,
  "market_signals": 102
}