{
  "timestamp": "2025-08-28T09:28:35.441052",
  "overall_quality": 1.0,
  "avg_latency": 271.58319469049457,
  "total_data_points": 5218,
  "valid_data_points": 5218,
  "data_sources": 4,
  "active_alerts": 1642643,
  "market_signals": 101
}