{
  "timestamp": "2025-08-27T05:02:44.548518",
  "overall_quality": 1.0,
  "avg_latency": 253.94025610674836,
  "total_data_points": 4890,
  "valid_data_points": 4890,
  "data_sources": 4,
  "active_alerts": 908662,
  "market_signals": 101
}