{
  "timestamp": "2025-08-27T14:20:41.601028",
  "overall_quality": 1.0,
  "avg_latency": 189.89836567076583,
  "total_data_points": 3660,
  "valid_data_points": 3660,
  "data_sources": 4,
  "active_alerts": 1148943,
  "market_signals": 104
}