{
  "timestamp": "2025-08-27T18:11:52.636039",
  "overall_quality": 1.0,
  "avg_latency": 224.0552527466357,
  "total_data_points": 4310,
  "valid_data_points": 4310,
  "data_sources": 4,
  "active_alerts": 1247344,
  "market_signals": 101
}