{
  "timestamp": "2025-08-29T02:29:44.143465",
  "overall_quality": 1.0,
  "avg_latency": 152.56451264572357,
  "total_data_points": 3040,
  "valid_data_points": 3040,
  "data_sources": 4,
  "active_alerts": 2086095,
  "market_signals": 101
}