{
  "timestamp": "2025-08-28T00:18:56.567358",
  "overall_quality": 1.0,
  "avg_latency": 284.7126051019483,
  "total_data_points": 5650,
  "valid_data_points": 5650,
  "data_sources": 4,
  "active_alerts": 1405695,
  "market_signals": 100
}