{
  "timestamp": "2025-08-28T18:35:35.145802",
  "overall_quality": 1.0,
  "avg_latency": 179.06067271876745,
  "total_data_points": 3570,
  "valid_data_points": 3570,
  "data_sources": 4,
  "active_alerts": 1876825,
  "market_signals": 102
}