{
  "timestamp": "2025-08-29T04:20:46.277991",
  "overall_quality": 1.0,
  "avg_latency": 183.42911230741709,
  "total_data_points": 3640,
  "valid_data_points": 3640,
  "data_sources": 4,
  "active_alerts": 2135366,
  "market_signals": 101
}