{
  "timestamp": "2025-08-27T09:15:52.144546",
  "overall_quality": 1.0,
  "avg_latency": 196.9963174978835,
  "total_data_points": 3780,
  "valid_data_points": 3780,
  "data_sources": 4,
  "active_alerts": 1017828,
  "market_signals": 101
}