{
  "timestamp": "2025-08-27T05:36:49.363701",
  "overall_quality": 1.0,
  "avg_latency": 226.01954076597707,
  "total_data_points": 4350,
  "valid_data_points": 4350,
  "data_sources": 4,
  "active_alerts": 923333,
  "market_signals": 101
}