{
  "timestamp": "2025-08-26T02:47:57.991960",
  "overall_quality": 1.0,
  "avg_latency": 270.2789343626207,
  "total_data_points": 5190,
  "valid_data_points": 5190,
  "data_sources": 4,
  "active_alerts": 237210,
  "market_signals": 102
}