{
  "timestamp": "2025-08-26T17:31:36.866761",
  "overall_quality": 1.0,
  "avg_latency": 224.37833872227367,
  "total_data_points": 4310,
  "valid_data_points": 4310,
  "data_sources": 4,
  "active_alerts": 614027,
  "market_signals": 100
}