{
  "timestamp": "2025-08-25T17:48:52.341639",
  "overall_quality": 1.0,
  "avg_latency": 150.2004778973247,
  "total_data_points": 2990,
  "valid_data_points": 2990,
  "data_sources": 4,
  "active_alerts": 6573,
  "market_signals": 102
}