{
  "timestamp": "2025-08-29T05:20:47.580458",
  "overall_quality": 1.0,
  "avg_latency": 183.8836235475407,
  "total_data_points": 3660,
  "valid_data_points": 3660,
  "data_sources": 4,
  "active_alerts": 2161531,
  "market_signals": 103
}