{
  "timestamp": "2025-08-27T15:04:48.461487",
  "overall_quality": 1.0,
  "avg_latency": 163.1332507798723,
  "total_data_points": 3130,
  "valid_data_points": 3130,
  "data_sources": 4,
  "active_alerts": 1167485,
  "market_signals": 100
}