{
  "timestamp": "2025-08-28T20:08:36.869176",
  "overall_quality": 1.0,
  "avg_latency": 269.9283848891996,
  "total_data_points": 5370,
  "valid_data_points": 5370,
  "data_sources": 4,
  "active_alerts": 1917212,
  "market_signals": 102
}