{
  "timestamp": "2025-08-30T00:16:46.117025",
  "overall_quality": 1.0,
  "avg_latency": 207.92238827560388,
  "total_data_points": 4140,
  "valid_data_points": 4140,
  "data_sources": 4,
  "active_alerts": 2652070,
  "market_signals": 102
}