{
  "timestamp": "2025-08-28T19:56:36.650742",
  "overall_quality": 1.0,
  "avg_latency": 209.50957788081553,
  "total_data_points": 4170,
  "valid_data_points": 4170,
  "data_sources": 4,
  "active_alerts": 1911920,
  "market_signals": 102
}