{
  "timestamp": "2025-08-26T01:21:41.993232",
  "overall_quality": 1.0,
  "avg_latency": 232.43858446188293,
  "total_data_points": 4460,
  "valid_data_points": 4460,
  "data_sources": 4,
  "active_alerts": 200330,
  "market_signals": 100
}