{
  "timestamp": "2025-08-29T17:43:48.474829",
  "overall_quality": 1.0,
  "avg_latency": 270.73167483339824,
  "total_data_points": 5210,
  "valid_data_points": 5210,
  "data_sources": 4,
  "active_alerts": 2480587,
  "market_signals": 103
}