{
  "timestamp": "2025-08-29T09:33:30.896628",
  "overall_quality": 1.0,
  "avg_latency": 265.0597324779957,
  "total_data_points": 5090,
  "valid_data_points": 5090,
  "data_sources": 4,
  "active_alerts": 2271850,
  "market_signals": 101
}