{
  "timestamp": "2025-08-25T17:47:52.302180",
  "overall_quality": 1.0,
  "avg_latency": 270.11840931862343,
  "total_data_points": 5370,
  "valid_data_points": 5370,
  "data_sources": 4,
  "active_alerts": 6096,
  "market_signals": 102
}