{
  "timestamp": "2025-08-26T23:08:41.272811",
  "overall_quality": 1.0,
  "avg_latency": 284.5506567297978,
  "total_data_points": 5470,
  "valid_data_points": 5470,
  "data_sources": 4,
  "active_alerts": 757255,
  "market_signals": 100
}