{
  "timestamp": "2025-08-27T14:06:38.875684",
  "overall_quality": 1.0,
  "avg_latency": 218.98659072119017,
  "total_data_points": 4200,
  "valid_data_points": 4200,
  "data_sources": 4,
  "active_alerts": 1142673,
  "market_signals": 101
}