{
  "timestamp": "2025-08-27T07:16:34.248676",
  "overall_quality": 1.0,
  "avg_latency": 218.22677613571477,
  "total_data_points": 4200,
  "valid_data_points": 4200,
  "data_sources": 4,
  "active_alerts": 967055,
  "market_signals": 104
}