{
  "timestamp": "2025-08-26T11:15:59.349206",
  "overall_quality": 1.0,
  "avg_latency": 207.9175928702501,
  "total_data_points": 4000,
  "valid_data_points": 4000,
  "data_sources": 4,
  "active_alerts": 453545,
  "market_signals": 103
}