{
  "timestamp": "2025-08-28T20:15:37.010549",
  "overall_quality": 1.0,
  "avg_latency": 180.1036374624648,
  "total_data_points": 3570,
  "valid_data_points": 3570,
  "data_sources": 4,
  "active_alerts": 1920319,
  "market_signals": 101
}