{
  "timestamp": "2025-08-26T18:33:48.878047",
  "overall_quality": 1.0,
  "avg_latency": 289.64531332010665,
  "total_data_points": 5570,
  "valid_data_points": 5570,
  "data_sources": 4,
  "active_alerts": 640542,
  "market_signals": 102
}