{
  "timestamp": "2025-08-27T07:22:35.290901",
  "overall_quality": 1.0,
  "avg_latency": 248.93017377135024,
  "total_data_points": 4789,
  "valid_data_points": 4789,
  "data_sources": 4,
  "active_alerts": 969573,
  "market_signals": 102
}