{
  "timestamp": "2025-08-28T17:05:30.804578",
  "overall_quality": 1.0,
  "avg_latency": 177.3800903281528,
  "total_data_points": 3410,
  "valid_data_points": 3410,
  "data_sources": 4,
  "active_alerts": 1838496,
  "market_signals": 102
}