{
  "timestamp": "2025-08-26T01:02:38.228525",
  "overall_quality": 1.0,
  "avg_latency": 260.4440060500997,
  "total_data_points": 5010,
  "valid_data_points": 5010,
  "data_sources": 4,
  "active_alerts": 192269,
  "market_signals": 100
}