{
  "timestamp": "2025-08-28T20:17:37.045195",
  "overall_quality": 1.0,
  "avg_latency": 239.76173439245295,
  "total_data_points": 4770,
  "valid_data_points": 4770,
  "data_sources": 4,
  "active_alerts": 1921163,
  "market_signals": 103
}