{
  "timestamp": "2025-08-29T09:11:58.871121",
  "overall_quality": 1.0,
  "avg_latency": 219.04643311900244,
  "total_data_points": 4210,
  "valid_data_points": 4210,
  "data_sources": 4,
  "active_alerts": 2262443,
  "market_signals": 101
}