{
  "timestamp": "2025-08-27T01:34:37.939994",
  "overall_quality": 1.0,
  "avg_latency": 161.46966749681565,
  "total_data_points": 3140,
  "valid_data_points": 3140,
  "data_sources": 4,
  "active_alerts": 819622,
  "market_signals": 102
}