{
  "timestamp": "2025-08-29T23:14:44.927607",
  "overall_quality": 1.0,
  "avg_latency": 297.44755177191246,
  "total_data_points": 5910,
  "valid_data_points": 5910,
  "data_sources": 4,
  "active_alerts": 2624967,
  "market_signals": 101
}