{
  "timestamp": "2025-08-30T06:09:53.081383",
  "overall_quality": 1.0,
  "avg_latency": 150.47214146999957,
  "total_data_points": 3000,
  "valid_data_points": 3000,
  "data_sources": 4,
  "active_alerts": 2807105,
  "market_signals": 102
}