{
  "timestamp": "2025-08-27T17:51:49.362823",
  "overall_quality": 1.0,
  "avg_latency": 222.67944388735324,
  "total_data_points": 4270,
  "valid_data_points": 4270,
  "data_sources": 4,
  "active_alerts": 1238743,
  "market_signals": 100
}