{
  "timestamp": "2025-08-28T16:11:56.311504",
  "overall_quality": 1.0,
  "avg_latency": 220.4624017231679,
  "total_data_points": 4230,
  "valid_data_points": 4230,
  "data_sources": 4,
  "active_alerts": 1815538,
  "market_signals": 102
}