{
  "timestamp": "2025-08-26T05:01:52.644681",
  "overall_quality": 1.0,
  "avg_latency": 236.5795155947251,
  "total_data_points": 4550,
  "valid_data_points": 4550,
  "data_sources": 4,
  "active_alerts": 293153,
  "market_signals": 100
}