{
  "timestamp": "2025-08-29T04:11:46.096340",
  "overall_quality": 1.0,
  "avg_latency": 213.2993454164705,
  "total_data_points": 4250,
  "valid_data_points": 4250,
  "data_sources": 4,
  "active_alerts": 2131328,
  "market_signals": 102
}