{
  "timestamp": "2025-08-28T20:31:37.284931",
  "overall_quality": 1.0,
  "avg_latency": 210.05207321798542,
  "total_data_points": 4170,
  "valid_data_points": 4170,
  "data_sources": 4,
  "active_alerts": 1927138,
  "market_signals": 101
}