{
  "timestamp": "2025-08-30T07:59:54.981760",
  "overall_quality": 1.0,
  "avg_latency": 151.53198018737538,
  "total_data_points": 3010,
  "valid_data_points": 3010,
  "data_sources": 4,
  "active_alerts": 2855473,
  "market_signals": 105
}