{
  "timestamp": "2025-08-26T02:36:56.068214",
  "overall_quality": 1.0,
  "avg_latency": 239.13988999717392,
  "total_data_points": 4600,
  "valid_data_points": 4600,
  "data_sources": 4,
  "active_alerts": 232611,
  "market_signals": 101
}