{
  "timestamp": "2025-08-28T12:08:46.068510",
  "overall_quality": 1.0,
  "avg_latency": 276.21125806848795,
  "total_data_points": 5490,
  "valid_data_points": 5490,
  "data_sources": 4,
  "active_alerts": 1709988,
  "market_signals": 100
}