{
  "timestamp": "2025-08-29T00:18:41.560859",
  "overall_quality": 1.0,
  "avg_latency": 271.64655554103547,
  "total_data_points": 5410,
  "valid_data_points": 5410,
  "data_sources": 4,
  "active_alerts": 2028550,
  "market_signals": 101
}