{
  "timestamp": "2025-08-29T10:48:36.889623",
  "overall_quality": 1.0,
  "avg_latency": 267.30708625922375,
  "total_data_points": 5150,
  "valid_data_points": 5150,
  "data_sources": 4,
  "active_alerts": 2303896,
  "market_signals": 100
}