{
  "timestamp": "2025-08-28T08:40:31.584867",
  "overall_quality": 1.0,
  "avg_latency": 179.52261469970946,
  "total_data_points": 3450,
  "valid_data_points": 3450,
  "data_sources": 4,
  "active_alerts": 1621936,
  "market_signals": 101
}