{
  "timestamp": "2025-08-26T16:49:59.828942",
  "overall_quality": 1.0,
  "avg_latency": 175.73681689732922,
  "total_data_points": 3370,
  "valid_data_points": 3370,
  "data_sources": 4,
  "active_alerts": 596182,
  "market_signals": 101
}