{
  "timestamp": "2025-08-29T07:55:53.047950",
  "overall_quality": 1.0,
  "avg_latency": 186.3066532339833,
  "total_data_points": 3590,
  "valid_data_points": 3590,
  "data_sources": 4,
  "active_alerts": 2229904,
  "market_signals": 102
}