{
  "timestamp": "2025-08-27T17:37:46.709115",
  "overall_quality": 1.0,
  "avg_latency": 250.87284008095222,
  "total_data_points": 4830,
  "valid_data_points": 4830,
  "data_sources": 4,
  "active_alerts": 1232669,
  "market_signals": 104
}