{
  "timestamp": "2025-08-30T06:10:53.096572",
  "overall_quality": 1.0,
  "avg_latency": 180.8160152830081,
  "total_data_points": 3590,
  "valid_data_points": 3590,
  "data_sources": 4,
  "active_alerts": 2807494,
  "market_signals": 101
}