{
  "timestamp": "2025-08-26T02:26:54.061439",
  "overall_quality": 1.0,
  "avg_latency": 238.28232504454093,
  "total_data_points": 4580,
  "valid_data_points": 4580,
  "data_sources": 4,
  "active_alerts": 228296,
  "market_signals": 102
}