{
  "timestamp": "2025-08-27T22:35:54.625896",
  "overall_quality": 1.0,
  "avg_latency": 193.74002278337773,
  "total_data_points": 3850,
  "valid_data_points": 3850,
  "data_sources": 4,
  "active_alerts": 1360685,
  "market_signals": 101
}