{
  "timestamp": "2025-08-28T23:32:40.753520",
  "overall_quality": 1.0,
  "avg_latency": 241.19450173791697,
  "total_data_points": 4800,
  "valid_data_points": 4800,
  "data_sources": 4,
  "active_alerts": 2007953,
  "market_signals": 103
}