{
  "timestamp": "2025-08-28T21:23:38.229158",
  "overall_quality": 1.0,
  "avg_latency": 270.1990362464682,
  "total_data_points": 5380,
  "valid_data_points": 5380,
  "data_sources": 4,
  "active_alerts": 1950202,
  "market_signals": 100
}