{
  "timestamp": "2025-08-29T21:35:42.716396",
  "overall_quality": 1.0,
  "avg_latency": 175.26696087529044,
  "total_data_points": 3440,
  "valid_data_points": 3440,
  "data_sources": 4,
  "active_alerts": 2580187,
  "market_signals": 103
}