{
  "timestamp": "2025-08-26T01:23:42.402704",
  "overall_quality": 1.0,
  "avg_latency": 292.4949814494666,
  "total_data_points": 5620,
  "valid_data_points": 5620,
  "data_sources": 4,
  "active_alerts": 201234,
  "market_signals": 100
}