{
  "timestamp": "2025-08-26T21:13:49.364514",
  "overall_quality": 1.0,
  "avg_latency": 289.06790174208646,
  "total_data_points": 5560,
  "valid_data_points": 5560,
  "data_sources": 4,
  "active_alerts": 708893,
  "market_signals": 102
}