{
  "timestamp": "2025-08-28T16:47:59.194182",
  "overall_quality": 1.0,
  "avg_latency": 252.3105214674225,
  "total_data_points": 4850,
  "valid_data_points": 4850,
  "data_sources": 4,
  "active_alerts": 1831189,
  "market_signals": 103
}