{
  "timestamp": "2025-08-28T09:11:34.077286",
  "overall_quality": 1.0,
  "avg_latency": 210.75129534180854,
  "total_data_points": 4090,
  "valid_data_points": 4090,
  "data_sources": 4,
  "active_alerts": 1635338,
  "market_signals": 102
}