{
  "timestamp": "2025-08-27T10:09:30.390229",
  "overall_quality": 1.0,
  "avg_latency": 155.04852005719056,
  "total_data_points": 2990,
  "valid_data_points": 2990,
  "data_sources": 4,
  "active_alerts": 1040677,
  "market_signals": 101
}