{
  "timestamp": "2025-08-28T14:02:48.155099",
  "overall_quality": 1.0,
  "avg_latency": 246.73003924928707,
  "total_data_points": 4910,
  "valid_data_points": 4910,
  "data_sources": 4,
  "active_alerts": 1760354,
  "market_signals": 103
}