{
  "timestamp": "2025-08-28T05:34:43.027975",
  "overall_quality": 1.0,
  "avg_latency": 156.14078422059774,
  "total_data_points": 3010,
  "valid_data_points": 3010,
  "data_sources": 4,
  "active_alerts": 1543506,
  "market_signals": 100
}