{
  "timestamp": "2025-08-26T11:56:36.570000",
  "overall_quality": 1.0,
  "avg_latency": 225.83914255862047,
  "total_data_points": 4350,
  "valid_data_points": 4350,
  "data_sources": 4,
  "active_alerts": 471057,
  "market_signals": 100
}