{
  "timestamp": "2025-08-29T09:06:58.307999",
  "overall_quality": 1.0,
  "avg_latency": 218.50114817238114,
  "total_data_points": 4200,
  "valid_data_points": 4200,
  "data_sources": 4,
  "active_alerts": 2260130,
  "market_signals": 103
}