{
  "timestamp": "2025-08-29T16:02:36.325020",
  "overall_quality": 1.0,
  "avg_latency": 235.4664217756143,
  "total_data_points": 4519,
  "valid_data_points": 4519,
  "data_sources": 4,
  "active_alerts": 2437750,
  "market_signals": 102
}