{
  "timestamp": "2025-08-27T00:46:59.288328",
  "overall_quality": 1.0,
  "avg_latency": 232.91715674610208,
  "total_data_points": 4490,
  "valid_data_points": 4490,
  "data_sources": 4,
  "active_alerts": 798892,
  "market_signals": 102
}