{
  "timestamp": "2025-08-29T01:22:42.809034",
  "overall_quality": 1.0,
  "avg_latency": 242.40338099813334,
  "total_data_points": 4820,
  "valid_data_points": 4820,
  "data_sources": 4,
  "active_alerts": 2056835,
  "market_signals": 101
}