{
  "timestamp": "2025-08-29T11:34:40.886058",
  "overall_quality": 1.0,
  "avg_latency": 299.24676457826155,
  "total_data_points": 5750,
  "valid_data_points": 5750,
  "data_sources": 4,
  "active_alerts": 2323979,
  "market_signals": 103
}