{
  "timestamp": "2025-08-29T01:45:43.281823",
  "overall_quality": 1.0,
  "avg_latency": 182.66893051046816,
  "total_data_points": 3630,
  "valid_data_points": 3630,
  "data_sources": 4,
  "active_alerts": 2066571,
  "market_signals": 102
}