{
  "timestamp": "2025-08-28T21:13:38.048086",
  "overall_quality": 1.0,
  "avg_latency": 269.96936112067095,
  "total_data_points": 5370,
  "valid_data_points": 5370,
  "data_sources": 4,
  "active_alerts": 1945918,
  "market_signals": 101
}