{
  "timestamp": "2025-08-28T02:43:59.606690",
  "overall_quality": 1.0,
  "avg_latency": 285.5656484936399,
  "total_data_points": 5660,
  "valid_data_points": 5660,
  "data_sources": 4,
  "active_alerts": 1469632,
  "market_signals": 103
}