{
  "timestamp": "2025-08-29T21:23:41.746238",
  "overall_quality": 1.0,
  "avg_latency": 266.07292481017663,
  "total_data_points": 5110,
  "valid_data_points": 5110,
  "data_sources": 4,
  "active_alerts": 2575068,
  "market_signals": 101
}