{
  "timestamp": "2025-08-28T06:27:48.715072",
  "overall_quality": 1.0,
  "avg_latency": 249.0367621302082,
  "total_data_points": 4800,
  "valid_data_points": 4800,
  "data_sources": 4,
  "active_alerts": 1565975,
  "market_signals": 101
}