{
  "timestamp": "2025-08-28T21:04:37.882841",
  "overall_quality": 1.0,
  "avg_latency": 150.16545945484964,
  "total_data_points": 2990,
  "valid_data_points": 2990,
  "data_sources": 4,
  "active_alerts": 1941541,
  "market_signals": 100
}