{
  "timestamp": "2025-08-26T17:55:41.036451",
  "overall_quality": 1.0,
  "avg_latency": 196.116679782979,
  "total_data_points": 3760,
  "valid_data_points": 3760,
  "data_sources": 4,
  "active_alerts": 624269,
  "market_signals": 101
}