{
  "timestamp": "2025-08-26T09:33:42.557772",
  "overall_quality": 1.0,
  "avg_latency": 290.11158703339265,
  "total_data_points": 5570,
  "valid_data_points": 5570,
  "data_sources": 4,
  "active_alerts": 409379,
  "market_signals": 100
}