{
  "timestamp": "2025-08-27T01:30:37.334906",
  "overall_quality": 1.0,
  "avg_latency": 192.1129182161733,
  "total_data_points": 3710,
  "valid_data_points": 3710,
  "data_sources": 4,
  "active_alerts": 817886,
  "market_signals": 101
}