{
  "timestamp": "2025-08-30T08:47:55.940900",
  "overall_quality": 1.0,
  "avg_latency": 241.7671916091468,
  "total_data_points": 4810,
  "valid_data_points": 4810,
  "data_sources": 4,
  "active_alerts": 2876155,
  "market_signals": 103
}