{
  "timestamp": "2025-08-26T23:09:41.444815",
  "overall_quality": 1.0,
  "avg_latency": 164.40525463038003,
  "total_data_points": 3160,
  "valid_data_points": 3160,
  "data_sources": 4,
  "active_alerts": 757661,
  "market_signals": 100
}