{
  "timestamp": "2025-08-27T00:50:59.914941",
  "overall_quality": 1.0,
  "avg_latency": 203.22759167570334,
  "total_data_points": 3910,
  "valid_data_points": 3910,
  "data_sources": 4,
  "active_alerts": 800595,
  "market_signals": 102
}