{
  "timestamp": "2025-08-29T19:32:31.993686",
  "overall_quality": 1.0,
  "avg_latency": 231.40360623138972,
  "total_data_points": 4460,
  "valid_data_points": 4460,
  "data_sources": 4,
  "active_alerts": 2527340,
  "market_signals": 101
}