{
  "timestamp": "2025-08-27T22:53:54.977572",
  "overall_quality": 1.0,
  "avg_latency": 283.83132138226983,
  "total_data_points": 5640,
  "valid_data_points": 5640,
  "data_sources": 4,
  "active_alerts": 1368345,
  "market_signals": 103
}