{
  "timestamp": "2025-08-25T20:10:36.933653",
  "overall_quality": 1.0,
  "avg_latency": 202.1038893467701,
  "total_data_points": 3870,
  "valid_data_points": 3870,
  "data_sources": 4,
  "active_alerts": 68366,
  "market_signals": 102
}