{
  "timestamp": "2025-08-27T23:33:55.714924",
  "overall_quality": 1.0,
  "avg_latency": 284.2498155313283,
  "total_data_points": 5650,
  "valid_data_points": 5650,
  "data_sources": 4,
  "active_alerts": 1386179,
  "market_signals": 101
}