{
  "timestamp": "2025-08-29T17:54:50.239559",
  "overall_quality": 1.0,
  "avg_latency": 151.5881908693106,
  "total_data_points": 2900,
  "valid_data_points": 2900,
  "data_sources": 4,
  "active_alerts": 2485387,
  "market_signals": 100
}