{
  "timestamp": "2025-08-27T07:19:34.776777",
  "overall_quality": 1.0,
  "avg_latency": 158.8960241387335,
  "total_data_points": 3049,
  "valid_data_points": 3049,
  "data_sources": 4,
  "active_alerts": 968301,
  "market_signals": 101
}