{
  "timestamp": "2025-08-26T07:35:50.702302",
  "overall_quality": 1.0,
  "avg_latency": 204.64928131501244,
  "total_data_points": 3930,
  "valid_data_points": 3930,
  "data_sources": 4,
  "active_alerts": 359012,
  "market_signals": 104
}