{
  "timestamp": "2025-08-29T05:04:47.229088",
  "overall_quality": 1.0,
  "avg_latency": 154.00383103934413,
  "total_data_points": 3050,
  "valid_data_points": 3050,
  "data_sources": 4,
  "active_alerts": 2154546,
  "market_signals": 100
}