{
  "timestamp": "2025-08-27T00:31:56.718633",
  "overall_quality": 1.0,
  "avg_latency": 232.10056800917184,
  "total_data_points": 4470,
  "valid_data_points": 4470,
  "data_sources": 4,
  "active_alerts": 792177,
  "market_signals": 103
}