{
  "timestamp": "2025-08-29T20:57:39.505184",
  "overall_quality": 1.0,
  "avg_latency": 235.35841594557567,
  "total_data_points": 4520,
  "valid_data_points": 4520,
  "data_sources": 4,
  "active_alerts": 2563684,
  "market_signals": 102
}