{
  "timestamp": "2025-08-27T13:33:34.327773",
  "overall_quality": 1.0,
  "avg_latency": 276.426835663534,
  "total_data_points": 5320,
  "valid_data_points": 5320,
  "data_sources": 4,
  "active_alerts": 1128607,
  "market_signals": 103
}