{
  "timestamp": "2025-08-29T10:30:35.344864",
  "overall_quality": 1.0,
  "avg_latency": 176.36066722705903,
  "total_data_points": 3400,
  "valid_data_points": 3400,
  "data_sources": 4,
  "active_alerts": 2296182,
  "market_signals": 101
}