{
  "timestamp": "2025-08-28T08:51:32.549300",
  "overall_quality": 1.0,
  "avg_latency": 209.71907571612869,
  "total_data_points": 4030,
  "valid_data_points": 4030,
  "data_sources": 4,
  "active_alerts": 1626729,
  "market_signals": 103
}