{
  "timestamp": "2025-08-28T20:46:37.564387",
  "overall_quality": 1.0,
  "avg_latency": 209.80122821148328,
  "total_data_points": 4180,
  "valid_data_points": 4180,
  "data_sources": 4,
  "active_alerts": 1933553,
  "market_signals": 102
}