{
  "timestamp": "2025-08-29T17:23:45.848338",
  "overall_quality": 1.0,
  "avg_latency": 269.5412415660894,
  "total_data_points": 5190,
  "valid_data_points": 5190,
  "data_sources": 4,
  "active_alerts": 2471879,
  "market_signals": 102
}