{
  "timestamp": "2025-08-28T07:02:51.909215",
  "overall_quality": 1.0,
  "avg_latency": 250.57403999273615,
  "total_data_points": 4818,
  "valid_data_points": 4818,
  "data_sources": 4,
  "active_alerts": 1580559,
  "market_signals": 100
}