{
  "timestamp": "2025-08-27T06:25:56.324645",
  "overall_quality": 1.0,
  "avg_latency": 199.52872427968734,
  "total_data_points": 3840,
  "valid_data_points": 3840,
  "data_sources": 4,
  "active_alerts": 945289,
  "market_signals": 101
}