{
  "timestamp": "2025-08-29T08:37:55.828279",
  "overall_quality": 1.0,
  "avg_latency": 247.11903988826,
  "total_data_points": 4770,
  "valid_data_points": 4770,
  "data_sources": 4,
  "active_alerts": 2247931,
  "market_signals": 101
}