{
  "timestamp": "2025-08-25T21:27:53.818756",
  "overall_quality": 1.0,
  "avg_latency": 269.5943288388667,
  "total_data_points": 5120,
  "valid_data_points": 5120,
  "data_sources": 4,
  "active_alerts": 101566,
  "market_signals": 101
}