{
  "timestamp": "2025-08-29T02:54:44.645081",
  "overall_quality": 1.0,
  "avg_latency": 152.9403261549345,
  "total_data_points": 3040,
  "valid_data_points": 3040,
  "data_sources": 4,
  "active_alerts": 2097383,
  "market_signals": 101
}