{
  "timestamp": "2025-08-29T06:45:49.683364",
  "overall_quality": 1.0,
  "avg_latency": 184.77389816948244,
  "total_data_points": 3670,
  "valid_data_points": 3670,
  "data_sources": 4,
  "active_alerts": 2199367,
  "market_signals": 101
}