{
  "timestamp": "2025-08-28T19:34:36.247231",
  "overall_quality": 1.0,
  "avg_latency": 299.42994837613395,
  "total_data_points": 5950,
  "valid_data_points": 5950,
  "data_sources": 4,
  "active_alerts": 1902511,
  "market_signals": 101
}