{
  "timestamp": "2025-08-26T02:37:56.240335",
  "overall_quality": 1.0,
  "avg_latency": 269.17432507664074,
  "total_data_points": 5180,
  "valid_data_points": 5180,
  "data_sources": 4,
  "active_alerts": 233073,
  "market_signals": 102
}