{
  "timestamp": "2025-08-28T15:39:53.920203",
  "overall_quality": 1.0,
  "avg_latency": 158.85055033300648,
  "total_data_points": 3060,
  "valid_data_points": 3060,
  "data_sources": 4,
  "active_alerts": 1801537,
  "market_signals": 103
}