{
  "timestamp": "2025-08-29T00:31:41.799903",
  "overall_quality": 1.0,
  "avg_latency": 211.72406552559252,
  "total_data_points": 4220,
  "valid_data_points": 4220,
  "data_sources": 4,
  "active_alerts": 2034388,
  "market_signals": 100
}