{
  "timestamp": "2025-08-26T05:52:32.626461",
  "overall_quality": 1.0,
  "avg_latency": 256.2610176760646,
  "total_data_points": 4930,
  "valid_data_points": 4930,
  "data_sources": 4,
  "active_alerts": 314862,
  "market_signals": 103
}