{
  "timestamp": "2025-08-26T08:28:30.627595",
  "overall_quality": 1.0,
  "avg_latency": 284.3218735274731,
  "total_data_points": 5460,
  "valid_data_points": 5460,
  "data_sources": 4,
  "active_alerts": 381768,
  "market_signals": 102
}