{
  "timestamp": "2025-08-28T01:59:58.533057",
  "overall_quality": 1.0,
  "avg_latency": 165.3515860152439,
  "total_data_points": 3280,
  "valid_data_points": 3280,
  "data_sources": 4,
  "active_alerts": 1450649,
  "market_signals": 101
}