{
  "timestamp": "2025-08-27T05:46:50.627493",
  "overall_quality": 1.0,
  "avg_latency": 226.64689948440412,
  "total_data_points": 4360,
  "valid_data_points": 4360,
  "data_sources": 4,
  "active_alerts": 927847,
  "market_signals": 103
}