{
  "timestamp": "2025-08-29T11:08:38.702021",
  "overall_quality": 1.0,
  "avg_latency": 268.63251783339814,
  "total_data_points": 5150,
  "valid_data_points": 5150,
  "data_sources": 4,
  "active_alerts": 2312651,
  "market_signals": 102
}