{
  "timestamp": "2025-08-27T00:24:55.676906",
  "overall_quality": 1.0,
  "avg_latency": 170.9308288348492,
  "total_data_points": 3300,
  "valid_data_points": 3300,
  "data_sources": 4,
  "active_alerts": 789299,
  "market_signals": 103
}