{
  "timestamp": "2025-08-29T01:44:43.258828",
  "overall_quality": 1.0,
  "avg_latency": 152.8113212514855,
  "total_data_points": 3030,
  "valid_data_points": 3030,
  "data_sources": 4,
  "active_alerts": 2066162,
  "market_signals": 102
}