{
  "timestamp": "2025-08-26T19:02:55.276559",
  "overall_quality": 1.0,
  "avg_latency": 262.3900380938616,
  "total_data_points": 5050,
  "valid_data_points": 5050,
  "data_sources": 4,
  "active_alerts": 653016,
  "market_signals": 101
}