{
  "timestamp": "2025-08-29T09:59:33.260620",
  "overall_quality": 1.0,
  "avg_latency": 296.0769622855887,
  "total_data_points": 5690,
  "valid_data_points": 5690,
  "data_sources": 4,
  "active_alerts": 2282966,
  "market_signals": 103
}