{
  "timestamp": "2025-08-29T04:15:46.169100",
  "overall_quality": 1.0,
  "avg_latency": 183.75889546794463,
  "total_data_points": 3650,
  "valid_data_points": 3650,
  "data_sources": 4,
  "active_alerts": 2133098,
  "market_signals": 102
}