{
  "timestamp": "2025-08-26T11:07:57.367531",
  "overall_quality": 1.0,
  "avg_latency": 267.0816183528254,
  "total_data_points": 5130,
  "valid_data_points": 5130,
  "data_sources": 4,
  "active_alerts": 449885,
  "market_signals": 100
}