{
  "timestamp": "2025-08-26T11:18:29.824357",
  "overall_quality": 1.0,
  "avg_latency": 282.9866967102762,
  "total_data_points": 5450,
  "valid_data_points": 5450,
  "data_sources": 4,
  "active_alerts": 454551,
  "market_signals": 102
}