{
  "timestamp": "2025-08-27T21:51:53.861923",
  "overall_quality": 1.0,
  "avg_latency": 221.798127342299,
  "total_data_points": 4350,
  "valid_data_points": 4350,
  "data_sources": 4,
  "active_alerts": 1340758,
  "market_signals": 100
}