{
  "timestamp": "2025-08-29T03:42:45.547316",
  "overall_quality": 1.0,
  "avg_latency": 243.58716872169484,
  "total_data_points": 4840,
  "valid_data_points": 4840,
  "data_sources": 4,
  "active_alerts": 2118741,
  "market_signals": 100
}