{
  "timestamp": "2025-08-26T15:44:46.711701",
  "overall_quality": 1.0,
  "avg_latency": 169.50340463486216,
  "total_data_points": 3270,
  "valid_data_points": 3270,
  "data_sources": 4,
  "active_alerts": 567857,
  "market_signals": 101
}