{
  "timestamp": "2025-08-29T02:08:43.753690",
  "overall_quality": 1.0,
  "avg_latency": 272.6072155169739,
  "total_data_points": 5420,
  "valid_data_points": 5420,
  "data_sources": 4,
  "active_alerts": 2076855,
  "market_signals": 100
}