{
  "timestamp": "2025-08-27T14:48:45.834674",
  "overall_quality": 1.0,
  "avg_latency": 281.88880341088554,
  "total_data_points": 5420,
  "valid_data_points": 5420,
  "data_sources": 4,
  "active_alerts": 1160470,
  "market_signals": 100
}