{
  "timestamp": "2025-08-29T03:08:44.919789",
  "overall_quality": 1.0,
  "avg_latency": 272.85177869484295,
  "total_data_points": 5430,
  "valid_data_points": 5430,
  "data_sources": 4,
  "active_alerts": 2103508,
  "market_signals": 101
}