{
  "timestamp": "2025-08-27T04:19:37.284907",
  "overall_quality": 1.0,
  "avg_latency": 160.34230626537226,
  "total_data_points": 3090,
  "valid_data_points": 3090,
  "data_sources": 4,
  "active_alerts": 890078,
  "market_signals": 102
}