{
  "timestamp": "2025-08-29T11:19:39.662700",
  "overall_quality": 1.0,
  "avg_latency": 298.26101768240477,
  "total_data_points": 5740,
  "valid_data_points": 5740,
  "data_sources": 4,
  "active_alerts": 2317431,
  "market_signals": 101
}