{
  "timestamp": "2025-08-26T12:21:40.522063",
  "overall_quality": 1.0,
  "avg_latency": 227.88878733438898,
  "total_data_points": 4420,
  "valid_data_points": 4420,
  "data_sources": 4,
  "active_alerts": 481299,
  "market_signals": 100
}