{
  "timestamp": "2025-08-28T05:53:45.030683",
  "overall_quality": 1.0,
  "avg_latency": 277.52882858606534,
  "total_data_points": 5339,
  "valid_data_points": 5339,
  "data_sources": 4,
  "active_alerts": 1551887,
  "market_signals": 101
}