{
  "timestamp": "2025-08-29T15:43:34.233807",
  "overall_quality": 1.0,
  "avg_latency": 264.18322350098396,
  "total_data_points": 5080,
  "valid_data_points": 5080,
  "data_sources": 4,
  "active_alerts": 2429775,
  "market_signals": 100
}