{
  "timestamp": "2025-08-29T03:00:44.761693",
  "overall_quality": 1.0,
  "avg_latency": 183.32780955824194,
  "total_data_points": 3640,
  "valid_data_points": 3640,
  "data_sources": 4,
  "active_alerts": 2099905,
  "market_signals": 100
}