{
  "timestamp": "2025-08-30T03:02:49.461509",
  "overall_quality": 1.0,
  "avg_latency": 239.19708776736837,
  "total_data_points": 4750,
  "valid_data_points": 4750,
  "data_sources": 4,
  "active_alerts": 2725354,
  "market_signals": 101
}