{
  "timestamp": "2025-08-29T08:59:57.762952",
  "overall_quality": 1.0,
  "avg_latency": 158.41698957868837,
  "total_data_points": 3050,
  "valid_data_points": 3050,
  "data_sources": 4,
  "active_alerts": 2257070,
  "market_signals": 102
}