{
  "timestamp": "2025-08-26T13:48:56.233186",
  "overall_quality": 1.0,
  "avg_latency": 295.5693618329823,
  "total_data_points": 5700,
  "valid_data_points": 5700,
  "data_sources": 4,
  "active_alerts": 518113,
  "market_signals": 100
}