{
  "timestamp": "2025-08-27T17:31:45.834975",
  "overall_quality": 1.0,
  "avg_latency": 220.73210458329433,
  "total_data_points": 4250,
  "valid_data_points": 4250,
  "data_sources": 4,
  "active_alerts": 1230165,
  "market_signals": 101
}