{
  "timestamp": "2025-08-27T14:02:38.389007",
  "overall_quality": 1.0,
  "avg_latency": 248.5575259861638,
  "total_data_points": 4770,
  "valid_data_points": 4770,
  "data_sources": 4,
  "active_alerts": 1140980,
  "market_signals": 102
}