{
  "timestamp": "2025-08-27T01:20:35.557586",
  "overall_quality": 1.0,
  "avg_latency": 190.6500862434786,
  "total_data_points": 3680,
  "valid_data_points": 3680,
  "data_sources": 4,
  "active_alerts": 813627,
  "market_signals": 100
}