{
  "timestamp": "2025-08-27T21:21:50.648757",
  "overall_quality": 1.0,
  "avg_latency": 221.67275502248256,
  "total_data_points": 4270,
  "valid_data_points": 4270,
  "data_sources": 4,
  "active_alerts": 1327889,
  "market_signals": 100
}