{
  "timestamp": "2025-08-28T03:41:32.329460",
  "overall_quality": 1.0,
  "avg_latency": 211.88822469509836,
  "total_data_points": 4080,
  "valid_data_points": 4080,
  "data_sources": 4,
  "active_alerts": 1495158,
  "market_signals": 102
}