{
  "timestamp": "2025-08-28T09:10:33.992088",
  "overall_quality": 1.0,
  "avg_latency": 180.45726737492924,
  "total_data_points": 3510,
  "valid_data_points": 3510,
  "data_sources": 4,
  "active_alerts": 1634840,
  "market_signals": 103
}