{
  "timestamp": "2025-08-26T12:40:44.177570",
  "overall_quality": 1.0,
  "avg_latency": 199.67465814533733,
  "total_data_points": 3860,
  "valid_data_points": 3860,
  "data_sources": 4,
  "active_alerts": 489220,
  "market_signals": 102
}