{
  "timestamp": "2025-08-28T20:44:37.519647",
  "overall_quality": 1.0,
  "avg_latency": 150.09748132818785,
  "total_data_points": 2980,
  "valid_data_points": 2980,
  "data_sources": 4,
  "active_alerts": 1932605,
  "market_signals": 102
}