{
  "timestamp": "2025-08-28T21:51:38.718203",
  "overall_quality": 1.0,
  "avg_latency": 210.55340691312637,
  "total_data_points": 4190,
  "valid_data_points": 4190,
  "data_sources": 4,
  "active_alerts": 1963096,
  "market_signals": 102
}