{
  "timestamp": "2025-08-28T21:05:37.900301",
  "overall_quality": 1.0,
  "avg_latency": 180.02500706963713,
  "total_data_points": 3590,
  "valid_data_points": 3590,
  "data_sources": 4,
  "active_alerts": 1941989,
  "market_signals": 101
}