{
  "timestamp": "2025-08-29T21:33:42.652892",
  "overall_quality": 1.0,
  "avg_latency": 265.9285437042888,
  "total_data_points": 5130,
  "valid_data_points": 5130,
  "data_sources": 4,
  "active_alerts": 2579330,
  "market_signals": 102
}