{
  "timestamp": "2025-08-29T00:52:42.202356",
  "overall_quality": 1.0,
  "avg_latency": 241.95752875966846,
  "total_data_points": 4810,
  "valid_data_points": 4810,
  "data_sources": 4,
  "active_alerts": 2043835,
  "market_signals": 100
}