{
  "timestamp": "2025-08-29T16:50:41.847751",
  "overall_quality": 1.0,
  "avg_latency": 177.61402586920804,
  "total_data_points": 3410,
  "valid_data_points": 3410,
  "data_sources": 4,
  "active_alerts": 2457730,
  "market_signals": 104
}