{
  "timestamp": "2025-08-27T00:28:56.380453",
  "overall_quality": 1.0,
  "avg_latency": 290.9935504593243,
  "total_data_points": 5630,
  "valid_data_points": 5630,
  "data_sources": 4,
  "active_alerts": 790839,
  "market_signals": 104
}