{
  "timestamp": "2025-08-26T15:53:48.473562",
  "overall_quality": 1.0,
  "avg_latency": 290.55015161290294,
  "total_data_points": 5580,
  "valid_data_points": 5580,
  "data_sources": 4,
  "active_alerts": 571760,
  "market_signals": 101
}