{
  "timestamp": "2025-08-25T22:02:32.688409",
  "overall_quality": 1.0,
  "avg_latency": 259.032185605499,
  "total_data_points": 4910,
  "valid_data_points": 4910,
  "data_sources": 4,
  "active_alerts": 115986,
  "market_signals": 101
}