{
  "timestamp": "2025-08-28T21:36:38.450996",
  "overall_quality": 1.0,
  "avg_latency": 210.23194310978542,
  "total_data_points": 4190,
  "valid_data_points": 4190,
  "data_sources": 4,
  "active_alerts": 1956381,
  "market_signals": 100
}