{
  "timestamp": "2025-08-29T00:11:41.439381",
  "overall_quality": 1.0,
  "avg_latency": 211.52362260190017,
  "total_data_points": 4210,
  "valid_data_points": 4210,
  "data_sources": 4,
  "active_alerts": 2025450,
  "market_signals": 103
}