{
  "timestamp": "2025-08-28T22:01:38.941174",
  "overall_quality": 1.0,
  "avg_latency": 210.5188402035796,
  "total_data_points": 4190,
  "valid_data_points": 4190,
  "data_sources": 4,
  "active_alerts": 1967204,
  "market_signals": 104
}