{
  "timestamp": "2025-08-28T17:59:34.489258",
  "overall_quality": 1.0,
  "avg_latency": 296.85024127274284,
  "total_data_points": 5870,
  "valid_data_points": 5870,
  "data_sources": 4,
  "active_alerts": 1861463,
  "market_signals": 102
}