{
  "timestamp": "2025-08-30T00:19:46.169434",
  "overall_quality": 1.0,
  "avg_latency": 297.9574541489045,
  "total_data_points": 5930,
  "valid_data_points": 5930,
  "data_sources": 4,
  "active_alerts": 2653356,
  "market_signals": 100
}