{
  "timestamp": "2025-08-26T12:35:43.380536",
  "overall_quality": 1.0,
  "avg_latency": 199.89888338597427,
  "total_data_points": 3850,
  "valid_data_points": 3850,
  "data_sources": 4,
  "active_alerts": 487233,
  "market_signals": 101
}