{
  "timestamp": "2025-08-26T07:21:48.072690",
  "overall_quality": 1.0,
  "avg_latency": 233.33233503549098,
  "total_data_points": 4480,
  "valid_data_points": 4480,
  "data_sources": 4,
  "active_alerts": 352889,
  "market_signals": 101
}