{
  "timestamp": "2025-08-29T01:00:42.354692",
  "overall_quality": 1.0,
  "avg_latency": 181.6857432381217,
  "total_data_points": 3620,
  "valid_data_points": 3620,
  "data_sources": 4,
  "active_alerts": 2047421,
  "market_signals": 103
}