{
  "timestamp": "2025-08-27T04:41:41.127916",
  "overall_quality": 1.0,
  "avg_latency": 222.66699916121516,
  "total_data_points": 4280,
  "valid_data_points": 4280,
  "data_sources": 4,
  "active_alerts": 899914,
  "market_signals": 102
}