{
  "timestamp": "2025-08-28T16:57:30.227930",
  "overall_quality": 1.0,
  "avg_latency": 236.7232841756048,
  "total_data_points": 4550,
  "valid_data_points": 4550,
  "data_sources": 4,
  "active_alerts": 1835276,
  "market_signals": 101
}