{
  "timestamp": "2025-08-27T06:21:55.600246",
  "overall_quality": 1.0,
  "avg_latency": 229.2507718836367,
  "total_data_points": 4400,
  "valid_data_points": 4400,
  "data_sources": 4,
  "active_alerts": 943485,
  "market_signals": 100
}