{
  "timestamp": "2025-08-27T10:21:32.626869",
  "overall_quality": 1.0,
  "avg_latency": 216.75407721534762,
  "total_data_points": 4170,
  "valid_data_points": 4170,
  "data_sources": 4,
  "active_alerts": 1046000,
  "market_signals": 100
}