{
  "timestamp": "2025-08-27T19:19:33.762453",
  "overall_quality": 1.0,
  "avg_latency": 153.94157063986464,
  "total_data_points": 2960,
  "valid_data_points": 2960,
  "data_sources": 4,
  "active_alerts": 1276092,
  "market_signals": 102
}