{
  "timestamp": "2025-08-30T05:18:52.005725",
  "overall_quality": 1.0,
  "avg_latency": 270.15868145307314,
  "total_data_points": 5370,
  "valid_data_points": 5370,
  "data_sources": 4,
  "active_alerts": 2784358,
  "market_signals": 100
}