{
  "timestamp": "2025-08-30T04:38:51.185353",
  "overall_quality": 1.0,
  "avg_latency": 270.22349271433853,
  "total_data_points": 5370,
  "valid_data_points": 5370,
  "data_sources": 4,
  "active_alerts": 2766293,
  "market_signals": 102
}