{
  "timestamp": "2025-08-29T15:41:34.001615",
  "overall_quality": 1.0,
  "avg_latency": 204.3162895653067,
  "total_data_points": 3920,
  "valid_data_points": 3920,
  "data_sources": 4,
  "active_alerts": 2428927,
  "market_signals": 101
}