{
  "timestamp": "2025-08-26T03:43:37.767443",
  "overall_quality": 1.0,
  "avg_latency": 289.80533285000143,
  "total_data_points": 5580,
  "valid_data_points": 5580,
  "data_sources": 4,
  "active_alerts": 260633,
  "market_signals": 103
}