{
  "timestamp": "2025-08-27T05:35:49.283166",
  "overall_quality": 1.0,
  "avg_latency": 196.10077813739983,
  "total_data_points": 3770,
  "valid_data_points": 3770,
  "data_sources": 4,
  "active_alerts": 922869,
  "market_signals": 100
}