{
  "timestamp": "2025-08-26T05:24:57.205447",
  "overall_quality": 1.0,
  "avg_latency": 178.68136637645387,
  "total_data_points": 3440,
  "valid_data_points": 3440,
  "data_sources": 4,
  "active_alerts": 303082,
  "market_signals": 101
}