{
  "timestamp": "2025-08-28T06:53:51.109620",
  "overall_quality": 1.0,
  "avg_latency": 280.2992984792221,
  "total_data_points": 5390,
  "valid_data_points": 5390,
  "data_sources": 4,
  "active_alerts": 1576767,
  "market_signals": 101
}