{
  "timestamp": "2025-08-29T23:27:45.185551",
  "overall_quality": 1.0,
  "avg_latency": 237.39730333686427,
  "total_data_points": 4720,
  "valid_data_points": 4720,
  "data_sources": 4,
  "active_alerts": 2630568,
  "market_signals": 101
}