{
  "timestamp": "2025-08-28T10:28:39.839438",
  "overall_quality": 1.0,
  "avg_latency": 273.29815534990536,
  "total_data_points": 5250,
  "valid_data_points": 5250,
  "data_sources": 4,
  "active_alerts": 1667800,
  "market_signals": 101
}