{
  "timestamp": "2025-08-29T23:43:45.483777",
  "overall_quality": 1.0,
  "avg_latency": 267.25819299981185,
  "total_data_points": 5320,
  "valid_data_points": 5320,
  "data_sources": 4,
  "active_alerts": 2637750,
  "market_signals": 103
}