{
  "timestamp": "2025-08-26T19:17:57.750964",
  "overall_quality": 1.0,
  "avg_latency": 264.5765643126229,
  "total_data_points": 5070,
  "valid_data_points": 5070,
  "data_sources": 4,
  "active_alerts": 659173,
  "market_signals": 101
}