{
  "timestamp": "2025-08-28T07:28:54.244779",
  "overall_quality": 1.0,
  "avg_latency": 281.2125968136792,
  "total_data_points": 5410,
  "valid_data_points": 5410,
  "data_sources": 4,
  "active_alerts": 1591251,
  "market_signals": 102
}