{
  "timestamp": "2025-08-29T21:29:42.244184",
  "overall_quality": 1.0,
  "avg_latency": 296.3485404175437,
  "total_data_points": 5700,
  "valid_data_points": 5700,
  "data_sources": 4,
  "active_alerts": 2577611,
  "market_signals": 101
}