{
  "timestamp": "2025-08-30T08:26:55.480544",
  "overall_quality": 1.0,
  "avg_latency": 211.17433809786246,
  "total_data_points": 4210,
  "valid_data_points": 4210,
  "data_sources": 4,
  "active_alerts": 2867152,
  "market_signals": 102
}