{
  "timestamp": "2025-08-26T17:18:34.879339",
  "overall_quality": 1.0,
  "avg_latency": 282.905255401838,
  "total_data_points": 5440,
  "valid_data_points": 5440,
  "data_sources": 4,
  "active_alerts": 608539,
  "market_signals": 105
}