{
  "timestamp": "2025-08-28T02:24:59.147309",
  "overall_quality": 1.0,
  "avg_latency": 165.790921642988,
  "total_data_points": 3280,
  "valid_data_points": 3280,
  "data_sources": 4,
  "active_alerts": 1461338,
  "market_signals": 100
}