{
  "timestamp": "2025-08-26T11:51:35.754426",
  "overall_quality": 1.0,
  "avg_latency": 226.07369046313357,
  "total_data_points": 4340,
  "valid_data_points": 4340,
  "data_sources": 4,
  "active_alerts": 468867,
  "market_signals": 100
}