{
  "timestamp": "2025-08-29T03:44:45.593695",
  "overall_quality": 1.0,
  "avg_latency": 152.97506253147566,
  "total_data_points": 3050,
  "valid_data_points": 3050,
  "data_sources": 4,
  "active_alerts": 2119827,
  "market_signals": 102
}