{
  "timestamp": "2025-08-30T01:42:47.919795",
  "overall_quality": 1.0,
  "avg_latency": 238.81597318673673,
  "total_data_points": 4750,
  "valid_data_points": 4750,
  "data_sources": 4,
  "active_alerts": 2689796,
  "market_signals": 103
}