{
  "timestamp": "2025-08-28T16:02:55.666122",
  "overall_quality": 1.0,
  "avg_latency": 249.7618365808728,
  "total_data_points": 4810,
  "valid_data_points": 4810,
  "data_sources": 4,
  "active_alerts": 1811544,
  "market_signals": 101
}