{
  "timestamp": "2025-08-29T19:54:33.841451",
  "overall_quality": 1.0,
  "avg_latency": 292.7061938336301,
  "total_data_points": 5620,
  "valid_data_points": 5620,
  "data_sources": 4,
  "active_alerts": 2536599,
  "market_signals": 100
}