{
  "timestamp": "2025-08-26T20:55:46.080406",
  "overall_quality": 1.0,
  "avg_latency": 197.3340635461741,
  "total_data_points": 3790,
  "valid_data_points": 3790,
  "data_sources": 4,
  "active_alerts": 700968,
  "market_signals": 101
}