{
  "timestamp": "2025-08-28T00:10:56.413369",
  "overall_quality": 1.0,
  "avg_latency": 194.33929051139833,
  "total_data_points": 3860,
  "valid_data_points": 3860,
  "data_sources": 4,
  "active_alerts": 1402096,
  "market_signals": 100
}