{
  "timestamp": "2025-08-25T20:41:43.790943",
  "overall_quality": 1.0,
  "avg_latency": 235.43595946302943,
  "total_data_points": 4490,
  "valid_data_points": 4490,
  "data_sources": 4,
  "active_alerts": 81805,
  "market_signals": 102
}