{
  "timestamp": "2025-08-29T04:29:46.456593",
  "overall_quality": 1.0,
  "avg_latency": 153.53781090163943,
  "total_data_points": 3050,
  "valid_data_points": 3050,
  "data_sources": 4,
  "active_alerts": 2139301,
  "market_signals": 101
}