{
  "timestamp": "2025-08-26T01:25:42.617219",
  "overall_quality": 1.0,
  "avg_latency": 202.50518126256384,
  "total_data_points": 3900,
  "valid_data_points": 3900,
  "data_sources": 4,
  "active_alerts": 202175,
  "market_signals": 102
}