{
  "timestamp": "2025-08-27T15:59:58.805076",
  "overall_quality": 1.0,
  "avg_latency": 167.3975654680127,
  "total_data_points": 3220,
  "valid_data_points": 3220,
  "data_sources": 4,
  "active_alerts": 1191222,
  "market_signals": 100
}