{
  "timestamp": "2025-08-28T22:58:40.117753",
  "overall_quality": 1.0,
  "avg_latency": 271.34179488849674,
  "total_data_points": 5390,
  "valid_data_points": 5390,
  "data_sources": 4,
  "active_alerts": 1992759,
  "market_signals": 102
}