{
  "timestamp": "2025-08-27T23:45:55.948679",
  "overall_quality": 1.0,
  "avg_latency": 194.48250895803076,
  "total_data_points": 3860,
  "valid_data_points": 3860,
  "data_sources": 4,
  "active_alerts": 1391589,
  "market_signals": 103
}