{
  "timestamp": "2025-08-26T16:41:57.755878",
  "overall_quality": 1.0,
  "avg_latency": 234.57551500776074,
  "total_data_points": 4510,
  "valid_data_points": 4510,
  "data_sources": 4,
  "active_alerts": 592748,
  "market_signals": 103
}