{
  "timestamp": "2025-08-28T11:49:45.757460",
  "overall_quality": 1.0,
  "avg_latency": 155.60969531779912,
  "total_data_points": 3090,
  "valid_data_points": 3090,
  "data_sources": 4,
  "active_alerts": 1701808,
  "market_signals": 100
}