{
  "timestamp": "2025-08-27T07:52:39.826304",
  "overall_quality": 1.0,
  "avg_latency": 250.8211777062114,
  "total_data_points": 4830,
  "valid_data_points": 4830,
  "data_sources": 4,
  "active_alerts": 982411,
  "market_signals": 102
}