{
  "timestamp": "2025-08-30T02:13:48.604389",
  "overall_quality": 1.0,
  "avg_latency": 268.5751490743931,
  "total_data_points": 5350,
  "valid_data_points": 5350,
  "data_sources": 4,
  "active_alerts": 2703602,
  "market_signals": 102
}