{
  "timestamp": "2025-08-28T21:12:38.033108",
  "overall_quality": 1.0,
  "avg_latency": 240.1267671610061,
  "total_data_points": 4770,
  "valid_data_points": 4770,
  "data_sources": 4,
  "active_alerts": 1945356,
  "market_signals": 101
}