{
  "timestamp": "2025-08-30T06:08:53.059112",
  "overall_quality": 1.0,
  "avg_latency": 270.92558771131735,
  "total_data_points": 5390,
  "valid_data_points": 5390,
  "data_sources": 4,
  "active_alerts": 2806717,
  "market_signals": 102
}