{
  "timestamp": "2025-08-29T10:18:34.492463",
  "overall_quality": 1.0,
  "avg_latency": 264.85688845559906,
  "total_data_points": 5180,
  "valid_data_points": 5180,
  "data_sources": 4,
  "active_alerts": 2291025,
  "market_signals": 101
}