{
  "timestamp": "2025-08-28T12:06:46.038779",
  "overall_quality": 1.0,
  "avg_latency": 216.00649241837175,
  "total_data_points": 4300,
  "valid_data_points": 4300,
  "data_sources": 4,
  "active_alerts": 1709264,
  "market_signals": 100
}