{
  "timestamp": "2025-08-26T08:58:36.240472",
  "overall_quality": 1.0,
  "avg_latency": 286.6952263255429,
  "total_data_points": 5520,
  "valid_data_points": 5520,
  "data_sources": 4,
  "active_alerts": 394005,
  "market_signals": 101
}