{
  "timestamp": "2025-08-28T02:17:58.969261",
  "overall_quality": 1.0,
  "avg_latency": 255.41116093004024,
  "total_data_points": 5060,
  "valid_data_points": 5060,
  "data_sources": 4,
  "active_alerts": 1458461,
  "market_signals": 100
}