{
  "timestamp": "2025-08-29T07:53:52.886432",
  "overall_quality": 1.0,
  "avg_latency": 276.3323590853105,
  "total_data_points": 5310,
  "valid_data_points": 5310,
  "data_sources": 4,
  "active_alerts": 2229073,
  "market_signals": 100
}