{
  "timestamp": "2025-08-27T07:21:35.117816",
  "overall_quality": 1.0,
  "avg_latency": 218.9255688336897,
  "total_data_points": 4209,
  "valid_data_points": 4209,
  "data_sources": 4,
  "active_alerts": 969170,
  "market_signals": 104
}