{
  "timestamp": "2025-08-28T10:47:41.348599",
  "overall_quality": 1.0,
  "avg_latency": 243.73821905884878,
  "total_data_points": 4690,
  "valid_data_points": 4690,
  "data_sources": 4,
  "active_alerts": 1675561,
  "market_signals": 102
}