{
  "timestamp": "2025-08-27T03:53:32.866785",
  "overall_quality": 1.0,
  "avg_latency": 278.81097779682784,
  "total_data_points": 5360,
  "valid_data_points": 5360,
  "data_sources": 4,
  "active_alerts": 878852,
  "market_signals": 105
}