{
  "timestamp": "2025-08-27T10:50:37.346013",
  "overall_quality": 1.0,
  "avg_latency": 189.19603466308482,
  "total_data_points": 3630,
  "valid_data_points": 3630,
  "data_sources": 4,
  "active_alerts": 1058312,
  "market_signals": 100
}