{
  "timestamp": "2025-08-27T19:58:40.006110",
  "overall_quality": 1.0,
  "avg_latency": 276.9702921347747,
  "total_data_points": 5320,
  "valid_data_points": 5320,
  "data_sources": 4,
  "active_alerts": 1292664,
  "market_signals": 102
}