{
  "timestamp": "2025-08-26T13:56:57.682191",
  "overall_quality": 1.0,
  "avg_latency": 236.2643698960443,
  "total_data_points": 4550,
  "valid_data_points": 4550,
  "data_sources": 4,
  "active_alerts": 521641,
  "market_signals": 102
}