{
  "timestamp": "2025-08-28T11:11:43.273100",
  "overall_quality": 1.0,
  "avg_latency": 214.6481532893462,
  "total_data_points": 4130,
  "valid_data_points": 4130,
  "data_sources": 4,
  "active_alerts": 1685865,
  "market_signals": 102
}