{
  "timestamp": "2025-08-26T10:35:52.788787",
  "overall_quality": 1.0,
  "avg_latency": 204.90827267411188,
  "total_data_points": 3940,
  "valid_data_points": 3940,
  "data_sources": 4,
  "active_alerts": 436344,
  "market_signals": 101
}