{
  "timestamp": "2025-08-25T23:59:57.113053",
  "overall_quality": 1.0,
  "avg_latency": 180.58247353872832,
  "total_data_points": 3460,
  "valid_data_points": 3460,
  "data_sources": 4,
  "active_alerts": 166624,
  "market_signals": 100
}