{
  "timestamp": "2025-08-28T19:49:36.510332",
  "overall_quality": 1.0,
  "avg_latency": 299.4174243110945,
  "total_data_points": 5950,
  "valid_data_points": 5950,
  "data_sources": 4,
  "active_alerts": 1908888,
  "market_signals": 101
}