{
  "timestamp": "2025-08-26T21:59:58.063598",
  "overall_quality": 1.0,
  "avg_latency": 172.71277265963832,
  "total_data_points": 3320,
  "valid_data_points": 3320,
  "data_sources": 4,
  "active_alerts": 728736,
  "market_signals": 103
}