{
  "timestamp": "2025-08-27T06:09:53.747899",
  "overall_quality": 1.0,
  "avg_latency": 168.11743869135773,
  "total_data_points": 3240,
  "valid_data_points": 3240,
  "data_sources": 4,
  "active_alerts": 938009,
  "market_signals": 100
}