{
  "timestamp": "2025-08-28T11:03:42.547383",
  "overall_quality": 1.0,
  "avg_latency": 274.2023809965897,
  "total_data_points": 5280,
  "valid_data_points": 5280,
  "data_sources": 4,
  "active_alerts": 1682338,
  "market_signals": 100
}