{
  "timestamp": "2025-08-28T20:05:36.818594",
  "overall_quality": 1.0,
  "avg_latency": 179.90552896648063,
  "total_data_points": 3580,
  "valid_data_points": 3580,
  "data_sources": 4,
  "active_alerts": 1915846,
  "market_signals": 100
}