{
  "timestamp": "2025-08-30T08:57:56.161124",
  "overall_quality": 1.0,
  "avg_latency": 241.55559915426215,
  "total_data_points": 4810,
  "valid_data_points": 4810,
  "data_sources": 4,
  "active_alerts": 2880572,
  "market_signals": 102
}