{
  "timestamp": "2025-08-25T22:42:41.714886",
  "overall_quality": 1.0,
  "avg_latency": 263.3905591557306,
  "total_data_points": 5060,
  "valid_data_points": 5060,
  "data_sources": 4,
  "active_alerts": 132953,
  "market_signals": 101
}