{
  "timestamp": "2025-08-26T23:10:41.587198",
  "overall_quality": 1.0,
  "avg_latency": 194.39624437352916,
  "total_data_points": 3740,
  "valid_data_points": 3740,
  "data_sources": 4,
  "active_alerts": 758083,
  "market_signals": 101
}