{
  "timestamp": "2025-08-29T02:01:43.608038",
  "overall_quality": 1.0,
  "avg_latency": 212.37750080118533,
  "total_data_points": 4220,
  "valid_data_points": 4220,
  "data_sources": 4,
  "active_alerts": 2073731,
  "market_signals": 101
}