{
  "timestamp": "2025-08-26T01:52:47.449203",
  "overall_quality": 1.0,
  "avg_latency": 264.9676428643142,
  "total_data_points": 5100,
  "valid_data_points": 5100,
  "data_sources": 4,
  "active_alerts": 213741,
  "market_signals": 101
}