{
  "timestamp": "2025-08-27T18:08:52.155512",
  "overall_quality": 1.0,
  "avg_latency": 283.92401712532205,
  "total_data_points": 5450,
  "valid_data_points": 5450,
  "data_sources": 4,
  "active_alerts": 1246132,
  "market_signals": 102
}