{
  "timestamp": "2025-08-29T08:17:54.407051",
  "overall_quality": 1.0,
  "avg_latency": 246.5802008661061,
  "total_data_points": 4750,
  "valid_data_points": 4750,
  "data_sources": 4,
  "active_alerts": 2239515,
  "market_signals": 102
}