{
  "timestamp": "2025-08-30T02:46:49.172774",
  "overall_quality": 1.0,
  "avg_latency": 208.98007588096428,
  "total_data_points": 4150,
  "valid_data_points": 4150,
  "data_sources": 4,
  "active_alerts": 2718566,
  "market_signals": 104
}