{
  "timestamp": "2025-08-29T14:28:57.586976",
  "overall_quality": 1.0,
  "avg_latency": 276.60152172575187,
  "total_data_points": 5320,
  "valid_data_points": 5320,
  "data_sources": 4,
  "active_alerts": 2398353,
  "market_signals": 101
}