{
  "timestamp": "2025-08-28T03:14:30.552927",
  "overall_quality": 1.0,
  "avg_latency": 151.32332246266654,
  "total_data_points": 3000,
  "valid_data_points": 3000,
  "data_sources": 4,
  "active_alerts": 1483258,
  "market_signals": 102
}