{
  "timestamp": "2025-08-27T22:17:54.303484",
  "overall_quality": 1.0,
  "avg_latency": 253.55865198888932,
  "total_data_points": 5040,
  "valid_data_points": 5040,
  "data_sources": 4,
  "active_alerts": 1352674,
  "market_signals": 103
}