{
  "timestamp": "2025-08-29T05:59:48.501513",
  "overall_quality": 1.0,
  "avg_latency": 154.6523230535952,
  "total_data_points": 3060,
  "valid_data_points": 3060,
  "data_sources": 4,
  "active_alerts": 2178747,
  "market_signals": 100
}