{
  "timestamp": "2025-08-30T01:32:47.708465",
  "overall_quality": 1.0,
  "avg_latency": 238.46916818734158,
  "total_data_points": 4740,
  "valid_data_points": 4740,
  "data_sources": 4,
  "active_alerts": 2685616,
  "market_signals": 100
}