{
  "timestamp": "2025-08-26T00:20:31.994738",
  "overall_quality": 1.0,
  "avg_latency": 197.88890520552667,
  "total_data_points": 3800,
  "valid_data_points": 3800,
  "data_sources": 4,
  "active_alerts": 175234,
  "market_signals": 103
}