{
  "timestamp": "2025-08-27T00:12:53.831499",
  "overall_quality": 1.0,
  "avg_latency": 260.3594058469065,
  "total_data_points": 5010,
  "valid_data_points": 5010,
  "data_sources": 4,
  "active_alerts": 784283,
  "market_signals": 102
}