{
  "timestamp": "2025-08-30T06:36:53.528073",
  "overall_quality": 1.0,
  "avg_latency": 210.89742056205245,
  "total_data_points": 4190,
  "valid_data_points": 4190,
  "data_sources": 4,
  "active_alerts": 2818551,
  "market_signals": 101
}