{
  "timestamp": "2025-08-27T08:20:43.743414",
  "overall_quality": 1.0,
  "avg_latency": 192.87691858059324,
  "total_data_points": 3710,
  "valid_data_points": 3710,
  "data_sources": 4,
  "active_alerts": 994148,
  "market_signals": 101
}