{
  "timestamp": "2025-08-28T02:45:59.659576",
  "overall_quality": 1.0,
  "avg_latency": 195.63704638840107,
  "total_data_points": 3880,
  "valid_data_points": 3880,
  "data_sources": 4,
  "active_alerts": 1470512,
  "market_signals": 101
}