{
  "timestamp": "2025-08-27T20:25:45.026374",
  "overall_quality": 1.0,
  "avg_latency": 189.69297981401112,
  "total_data_points": 3640,
  "valid_data_points": 3640,
  "data_sources": 4,
  "active_alerts": 1303962,
  "market_signals": 103
}