{
  "timestamp": "2025-08-28T02:46:59.689081",
  "overall_quality": 1.0,
  "avg_latency": 225.89804587136427,
  "total_data_points": 4470,
  "valid_data_points": 4470,
  "data_sources": 4,
  "active_alerts": 1471046,
  "market_signals": 100
}