{
  "timestamp": "2025-08-27T17:54:49.838792",
  "overall_quality": 1.0,
  "avg_latency": 162.75797907724328,
  "total_data_points": 3120,
  "valid_data_points": 3120,
  "data_sources": 4,
  "active_alerts": 1240028,
  "market_signals": 100
}