{
  "timestamp": "2025-08-29T19:07:59.424682",
  "overall_quality": 1.0,
  "avg_latency": 245.15227285190713,
  "total_data_points": 4720,
  "valid_data_points": 4720,
  "data_sources": 4,
  "active_alerts": 2516716,
  "market_signals": 103
}