{
  "timestamp": "2025-08-25T18:25:53.467119",
  "overall_quality": 1.0,
  "avg_latency": 210.90055102362803,
  "total_data_points": 4190,
  "valid_data_points": 4190,
  "data_sources": 4,
  "active_alerts": 22984,
  "market_signals": 103
}