{
  "timestamp": "2025-08-28T17:52:34.311162",
  "overall_quality": 1.0,
  "avg_latency": 238.45220952021774,
  "total_data_points": 4600,
  "valid_data_points": 4600,
  "data_sources": 4,
  "active_alerts": 1858459,
  "market_signals": 101
}