{
  "timestamp": "2025-08-29T21:26:41.994605",
  "overall_quality": 1.0,
  "avg_latency": 206.04775717858942,
  "total_data_points": 3970,
  "valid_data_points": 3970,
  "data_sources": 4,
  "active_alerts": 2576415,
  "market_signals": 101
}