{
  "timestamp": "2025-08-26T07:16:47.187378",
  "overall_quality": 1.0,
  "avg_latency": 233.0666092895097,
  "total_data_points": 4480,
  "valid_data_points": 4480,
  "data_sources": 4,
  "active_alerts": 350846,
  "market_signals": 104
}