{
  "timestamp": "2025-08-26T12:53:47.123303",
  "overall_quality": 1.0,
  "avg_latency": 290.63744007357144,
  "total_data_points": 5600,
  "valid_data_points": 5600,
  "data_sources": 4,
  "active_alerts": 494699,
  "market_signals": 102
}