{
  "timestamp": "2025-08-29T05:21:47.609538",
  "overall_quality": 1.0,
  "avg_latency": 214.23441467976411,
  "total_data_points": 4250,
  "valid_data_points": 4250,
  "data_sources": 4,
  "active_alerts": 2162030,
  "market_signals": 101
}