{
  "timestamp": "2025-08-27T19:38:36.228176",
  "overall_quality": 1.0,
  "avg_latency": 275.44394016427276,
  "total_data_points": 5290,
  "valid_data_points": 5290,
  "data_sources": 4,
  "active_alerts": 1284211,
  "market_signals": 101
}