{
  "timestamp": "2025-08-28T02:25:59.173676",
  "overall_quality": 1.0,
  "avg_latency": 195.5433243242262,
  "total_data_points": 3880,
  "valid_data_points": 3880,
  "data_sources": 4,
  "active_alerts": 1461812,
  "market_signals": 102
}