{
  "timestamp": "2025-08-26T00:23:32.476637",
  "overall_quality": 1.0,
  "avg_latency": 287.91619433393475,
  "total_data_points": 5540,
  "valid_data_points": 5540,
  "data_sources": 4,
  "active_alerts": 176414,
  "market_signals": 100
}