{
  "timestamp": "2025-08-26T21:09:48.862324",
  "overall_quality": 1.0,
  "avg_latency": 169.34499066913563,
  "total_data_points": 3240,
  "valid_data_points": 3240,
  "data_sources": 4,
  "active_alerts": 707222,
  "market_signals": 102
}