{
  "timestamp": "2025-08-29T18:05:51.692918",
  "overall_quality": 1.0,
  "avg_latency": 182.03236087200048,
  "total_data_points": 3500,
  "valid_data_points": 3500,
  "data_sources": 4,
  "active_alerts": 2489827,
  "market_signals": 102
}