{
  "timestamp": "2025-08-29T18:43:56.325093",
  "overall_quality": 1.0,
  "avg_latency": 274.4906972889935,
  "total_data_points": 5270,
  "valid_data_points": 5270,
  "data_sources": 4,
  "active_alerts": 2506614,
  "market_signals": 103
}