{
  "timestamp": "2025-08-27T09:07:50.477184",
  "overall_quality": 1.0,
  "avg_latency": 255.77768455246536,
  "total_data_points": 4927,
  "valid_data_points": 4927,
  "data_sources": 4,
  "active_alerts": 1014430,
  "market_signals": 103
}