{
  "timestamp": "2025-08-29T06:44:49.650977",
  "overall_quality": 1.0,
  "avg_latency": 155.0314608498371,
  "total_data_points": 3070,
  "valid_data_points": 3070,
  "data_sources": 4,
  "active_alerts": 2198878,
  "market_signals": 101
}