{
  "timestamp": "2025-08-28T13:48:47.877456",
  "overall_quality": 1.0,
  "avg_latency": 276.45682548199926,
  "total_data_points": 5500,
  "valid_data_points": 5500,
  "data_sources": 4,
  "active_alerts": 1754034,
  "market_signals": 103
}