{
  "timestamp": "2025-08-27T20:18:43.988927",
  "overall_quality": 1.0,
  "avg_latency": 278.52480178264926,
  "total_data_points": 5360,
  "valid_data_points": 5360,
  "data_sources": 4,
  "active_alerts": 1301122,
  "market_signals": 101
}