{
  "timestamp": "2025-08-27T22:42:54.787688",
  "overall_quality": 1.0,
  "avg_latency": 253.82335298514855,
  "total_data_points": 5050,
  "valid_data_points": 5050,
  "data_sources": 4,
  "active_alerts": 1363714,
  "market_signals": 103
}