{
  "timestamp": "2025-08-26T20:34:42.326042",
  "overall_quality": 1.0,
  "avg_latency": 165.49754163291522,
  "total_data_points": 3190,
  "valid_data_points": 3190,
  "data_sources": 4,
  "active_alerts": 692080,
  "market_signals": 102
}