{
  "timestamp": "2025-08-29T14:33:57.982797",
  "overall_quality": 1.0,
  "avg_latency": 276.3912663934211,
  "total_data_points": 5320,
  "valid_data_points": 5320,
  "data_sources": 4,
  "active_alerts": 2400483,
  "market_signals": 100
}