{
  "timestamp": "2025-08-29T23:32:45.276335",
  "overall_quality": 1.0,
  "avg_latency": 237.795432113371,
  "total_data_points": 4719,
  "valid_data_points": 4719,
  "data_sources": 4,
  "active_alerts": 2633008,
  "market_signals": 102
}