{
  "timestamp": "2025-08-29T23:50:45.618983",
  "overall_quality": 1.0,
  "avg_latency": 177.88286874419282,
  "total_data_points": 3530,
  "valid_data_points": 3530,
  "data_sources": 4,
  "active_alerts": 2640642,
  "market_signals": 101
}