{
  "timestamp": "2025-08-26T08:34:31.907373",
  "overall_quality": 1.0,
  "avg_latency": 165.4689636211357,
  "total_data_points": 3170,
  "valid_data_points": 3170,
  "data_sources": 4,
  "active_alerts": 384383,
  "market_signals": 101
}