{
  "timestamp": "2025-08-27T20:09:42.384667",
  "overall_quality": 1.0,
  "avg_latency": 158.62065204901353,
  "total_data_points": 3040,
  "valid_data_points": 3040,
  "data_sources": 4,
  "active_alerts": 1297338,
  "market_signals": 101
}