{
  "timestamp": "2025-08-26T22:22:32.825936",
  "overall_quality": 1.0,
  "avg_latency": 250.52214194437445,
  "total_data_points": 4800,
  "valid_data_points": 4800,
  "data_sources": 4,
  "active_alerts": 737821,
  "market_signals": 100
}