{
  "timestamp": "2025-08-25T20:42:44.126427",
  "overall_quality": 1.0,
  "avg_latency": 265.4016779232739,
  "total_data_points": 5070,
  "valid_data_points": 5070,
  "data_sources": 4,
  "active_alerts": 82218,
  "market_signals": 101
}