{
  "timestamp": "2025-08-25T23:52:55.165584",
  "overall_quality": 1.0,
  "avg_latency": 269.60046204448787,
  "total_data_points": 5170,
  "valid_data_points": 5170,
  "data_sources": 4,
  "active_alerts": 163613,
  "market_signals": 102
}