{
  "timestamp": "2025-08-28T23:17:40.504093",
  "overall_quality": 1.0,
  "avg_latency": 241.3253219951983,
  "total_data_points": 4790,
  "valid_data_points": 4790,
  "data_sources": 4,
  "active_alerts": 2001340,
  "market_signals": 101
}