{
  "timestamp": "2025-08-29T08:28:55.339695",
  "overall_quality": 1.0,
  "avg_latency": 277.1675650705443,
  "total_data_points": 5330,
  "valid_data_points": 5330,
  "data_sources": 4,
  "active_alerts": 2244066,
  "market_signals": 102
}