{
  "timestamp": "2025-08-29T11:33:40.808226",
  "overall_quality": 1.0,
  "avg_latency": 269.3334324665382,
  "total_data_points": 5170,
  "valid_data_points": 5170,
  "data_sources": 4,
  "active_alerts": 2323529,
  "market_signals": 104
}