{
  "timestamp": "2025-08-27T17:00:40.942394",
  "overall_quality": 1.0,
  "avg_latency": 188.41138264269986,
  "total_data_points": 3630,
  "valid_data_points": 3630,
  "data_sources": 4,
  "active_alerts": 1217229,
  "market_signals": 100
}