{
  "timestamp": "2025-08-27T05:50:51.027842",
  "overall_quality": 1.0,
  "avg_latency": 197.12542562480226,
  "total_data_points": 3790,
  "valid_data_points": 3790,
  "data_sources": 4,
  "active_alerts": 929534,
  "market_signals": 101
}