{
  "timestamp": "2025-08-26T03:05:30.795454",
  "overall_quality": 1.0,
  "avg_latency": 196.12068477698415,
  "total_data_points": 3780,
  "valid_data_points": 3780,
  "data_sources": 4,
  "active_alerts": 244698,
  "market_signals": 101
}