{
  "timestamp": "2025-08-27T02:48:50.726461",
  "overall_quality": 1.0,
  "avg_latency": 288.2021522148281,
  "total_data_points": 5530,
  "valid_data_points": 5530,
  "data_sources": 4,
  "active_alerts": 851146,
  "market_signals": 101
}