{
  "timestamp": "2025-08-28T17:07:30.887061",
  "overall_quality": 1.0,
  "avg_latency": 237.15534071531758,
  "total_data_points": 4570,
  "valid_data_points": 4570,
  "data_sources": 4,
  "active_alerts": 1839355,
  "market_signals": 100
}