{
  "timestamp": "2025-08-30T08:49:55.991682",
  "overall_quality": 1.0,
  "avg_latency": 152.1649395516557,
  "total_data_points": 3020,
  "valid_data_points": 3020,
  "data_sources": 4,
  "active_alerts": 2876968,
  "market_signals": 100
}