{
  "timestamp": "2025-08-27T07:09:33.206788",
  "overall_quality": 1.0,
  "avg_latency": 157.85900772858986,
  "total_data_points": 3036,
  "valid_data_points": 3036,
  "data_sources": 4,
  "active_alerts": 963999,
  "market_signals": 102
}