{
  "timestamp": "2025-08-25T20:27:40.591546",
  "overall_quality": 1.0,
  "avg_latency": 263.57751153876757,
  "total_data_points": 5030,
  "valid_data_points": 5030,
  "data_sources": 4,
  "active_alerts": 75770,
  "market_signals": 102
}