{
  "timestamp": "2025-08-28T09:46:36.651656",
  "overall_quality": 1.0,
  "avg_latency": 211.82805503857637,
  "total_data_points": 4070,
  "valid_data_points": 4070,
  "data_sources": 4,
  "active_alerts": 1650256,
  "market_signals": 104
}