{
  "timestamp": "2025-08-26T20:22:40.323989",
  "overall_quality": 1.0,
  "avg_latency": 254.8188248953063,
  "total_data_points": 4900,
  "valid_data_points": 4900,
  "data_sources": 4,
  "active_alerts": 687065,
  "market_signals": 100
}