{
  "timestamp": "2025-08-29T12:31:46.146586",
  "overall_quality": 1.0,
  "avg_latency": 211.33919102923846,
  "total_data_points": 4070,
  "valid_data_points": 4070,
  "data_sources": 4,
  "active_alerts": 2347909,
  "market_signals": 104
}