{
  "timestamp": "2025-08-28T04:42:37.854760",
  "overall_quality": 1.0,
  "avg_latency": 243.99207126475508,
  "total_data_points": 4710,
  "valid_data_points": 4710,
  "data_sources": 4,
  "active_alerts": 1520767,
  "market_signals": 101
}