{
  "timestamp": "2025-08-28T01:16:57.627455",
  "overall_quality": 1.0,
  "avg_latency": 225.12861459865815,
  "total_data_points": 4470,
  "valid_data_points": 4470,
  "data_sources": 4,
  "active_alerts": 1431506,
  "market_signals": 101
}