{
  "timestamp": "2025-08-26T20:28:41.584514",
  "overall_quality": 1.0,
  "avg_latency": 285.54008608415364,
  "total_data_points": 5490,
  "valid_data_points": 5490,
  "data_sources": 4,
  "active_alerts": 689645,
  "market_signals": 101
}