{
  "timestamp": "2025-08-27T21:12:49.606423",
  "overall_quality": 1.0,
  "avg_latency": 251.2211630601245,
  "total_data_points": 4840,
  "valid_data_points": 4840,
  "data_sources": 4,
  "active_alerts": 1324080,
  "market_signals": 102
}