{
  "timestamp": "2025-08-27T03:31:59.133156",
  "overall_quality": 1.0,
  "avg_latency": 231.86349935662884,
  "total_data_points": 4450,
  "valid_data_points": 4450,
  "data_sources": 4,
  "active_alerts": 869854,
  "market_signals": 100
}