{
  "timestamp": "2025-08-28T09:15:34.328308",
  "overall_quality": 1.0,
  "avg_latency": 181.22427596609197,
  "total_data_points": 3480,
  "valid_data_points": 3480,
  "data_sources": 4,
  "active_alerts": 1637126,
  "market_signals": 101
}