{
  "timestamp": "2025-08-26T09:46:44.949648",
  "overall_quality": 1.0,
  "avg_latency": 231.20183952409857,
  "total_data_points": 4440,
  "valid_data_points": 4440,
  "data_sources": 4,
  "active_alerts": 414903,
  "market_signals": 102
}