{
  "timestamp": "2025-08-27T20:17:43.846652",
  "overall_quality": 1.0,
  "avg_latency": 248.60431707029258,
  "total_data_points": 4780,
  "valid_data_points": 4780,
  "data_sources": 4,
  "active_alerts": 1300717,
  "market_signals": 101
}