{
  "timestamp": "2025-08-29T07:17:50.847257",
  "overall_quality": 1.0,
  "avg_latency": 245.2452646246911,
  "total_data_points": 4860,
  "valid_data_points": 4860,
  "data_sources": 4,
  "active_alerts": 2213511,
  "market_signals": 100
}