{
  "timestamp": "2025-08-30T06:17:53.205854",
  "overall_quality": 1.0,
  "avg_latency": 240.95481306095962,
  "total_data_points": 4790,
  "valid_data_points": 4790,
  "data_sources": 4,
  "active_alerts": 2810531,
  "market_signals": 101
}