{
  "timestamp": "2025-08-27T02:06:43.196848",
  "overall_quality": 1.0,
  "avg_latency": 224.48487469168657,
  "total_data_points": 4330,
  "valid_data_points": 4330,
  "data_sources": 4,
  "active_alerts": 833412,
  "market_signals": 102
}