{
  "timestamp": "2025-08-30T00:11:46.010000",
  "overall_quality": 1.0,
  "avg_latency": 208.09150360435888,
  "total_data_points": 4130,
  "valid_data_points": 4130,
  "data_sources": 4,
  "active_alerts": 2649899,
  "market_signals": 100
}