{
  "timestamp": "2025-08-26T11:52:35.842457",
  "overall_quality": 1.0,
  "avg_latency": 255.9973275786593,
  "total_data_points": 4920,
  "valid_data_points": 4920,
  "data_sources": 4,
  "active_alerts": 469287,
  "market_signals": 100
}