{
  "timestamp": "2025-08-25T23:15:47.079507",
  "overall_quality": 1.0,
  "avg_latency": 206.09955188712115,
  "total_data_points": 3960,
  "valid_data_points": 3960,
  "data_sources": 4,
  "active_alerts": 147614,
  "market_signals": 104
}