{
  "timestamp": "2025-08-30T04:03:50.568783",
  "overall_quality": 1.0,
  "avg_latency": 269.4462575750004,
  "total_data_points": 5360,
  "valid_data_points": 5360,
  "data_sources": 4,
  "active_alerts": 2751226,
  "market_signals": 102
}