{
  "timestamp": "2025-08-28T13:07:47.077414",
  "overall_quality": 1.0,
  "avg_latency": 246.09414324775508,
  "total_data_points": 4900,
  "valid_data_points": 4900,
  "data_sources": 4,
  "active_alerts": 1735745,
  "market_signals": 103
}