{
  "timestamp": "2025-08-26T10:02:47.193326",
  "overall_quality": 1.0,
  "avg_latency": 262.3896739922777,
  "total_data_points": 5050,
  "valid_data_points": 5050,
  "data_sources": 4,
  "active_alerts": 421513,
  "market_signals": 101
}