{
  "timestamp": "2025-08-29T22:09:43.359321",
  "overall_quality": 1.0,
  "avg_latency": 296.4833883706779,
  "total_data_points": 5900,
  "valid_data_points": 5900,
  "data_sources": 4,
  "active_alerts": 2595180,
  "market_signals": 101
}