{
  "timestamp": "2025-08-27T13:49:36.303915",
  "overall_quality": 1.0,
  "avg_latency": 157.6334285082784,
  "total_data_points": 3020,
  "valid_data_points": 3020,
  "data_sources": 4,
  "active_alerts": 1135112,
  "market_signals": 101
}