{
  "timestamp": "2025-08-29T03:34:45.420226",
  "overall_quality": 1.0,
  "avg_latency": 153.098971034426,
  "total_data_points": 3050,
  "valid_data_points": 3050,
  "data_sources": 4,
  "active_alerts": 2115189,
  "market_signals": 101
}