{
  "timestamp": "2025-08-27T14:28:42.802427",
  "overall_quality": 1.0,
  "avg_latency": 280.57737896623473,
  "total_data_points": 5390,
  "valid_data_points": 5390,
  "data_sources": 4,
  "active_alerts": 1152267,
  "market_signals": 101
}