{
  "timestamp": "2025-08-30T09:19:56.579435",
  "overall_quality": 1.0,
  "avg_latency": 152.31965060993397,
  "total_data_points": 3020,
  "valid_data_points": 3020,
  "data_sources": 4,
  "active_alerts": 2890391,
  "market_signals": 101
}