{
  "timestamp": "2025-08-29T05:22:47.630374",
  "overall_quality": 1.0,
  "avg_latency": 244.07541590474258,
  "total_data_points": 4850,
  "valid_data_points": 4850,
  "data_sources": 4,
  "active_alerts": 2162485,
  "market_signals": 103
}