{
  "timestamp": "2025-08-27T15:20:50.796061",
  "overall_quality": 1.0,
  "avg_latency": 194.407527600805,
  "total_data_points": 3730,
  "valid_data_points": 3730,
  "data_sources": 4,
  "active_alerts": 1174412,
  "market_signals": 105
}