{
  "timestamp": "2025-08-28T13:58:48.089896",
  "overall_quality": 1.0,
  "avg_latency": 276.96905137890985,
  "total_data_points": 5500,
  "valid_data_points": 5500,
  "data_sources": 4,
  "active_alerts": 1758446,
  "market_signals": 102
}