{
  "timestamp": "2025-08-25T22:54:43.794624",
  "overall_quality": 1.0,
  "avg_latency": 173.92583312119348,
  "total_data_points": 3350,
  "valid_data_points": 3350,
  "data_sources": 4,
  "active_alerts": 138516,
  "market_signals": 102
}