{
  "timestamp": "2025-08-27T11:08:40.005949",
  "overall_quality": 1.0,
  "avg_latency": 279.8071091723037,
  "total_data_points": 5380,
  "valid_data_points": 5380,
  "data_sources": 4,
  "active_alerts": 1066467,
  "market_signals": 102
}