{
  "timestamp": "2025-08-26T08:50:34.706169",
  "overall_quality": 1.0,
  "avg_latency": 196.23985965264595,
  "total_data_points": 3780,
  "valid_data_points": 3780,
  "data_sources": 4,
  "active_alerts": 390845,
  "market_signals": 101
}