{
  "timestamp": "2025-08-30T00:56:46.930446",
  "overall_quality": 1.0,
  "avg_latency": 207.85097806811632,
  "total_data_points": 4140,
  "valid_data_points": 4140,
  "data_sources": 4,
  "active_alerts": 2669952,
  "market_signals": 102
}