{
  "timestamp": "2025-08-28T05:05:39.904197",
  "overall_quality": 1.0,
  "avg_latency": 185.09799195084187,
  "total_data_points": 3560,
  "valid_data_points": 3560,
  "data_sources": 4,
  "active_alerts": 1530864,
  "market_signals": 102
}