{
  "timestamp": "2025-08-29T07:40:51.579829",
  "overall_quality": 1.0,
  "avg_latency": 186.13188535469592,
  "total_data_points": 3620,
  "valid_data_points": 3620,
  "data_sources": 4,
  "active_alerts": 2223277,
  "market_signals": 100
}