{
  "timestamp": "2025-08-26T22:53:38.087237",
  "overall_quality": 1.0,
  "avg_latency": 282.68006736948576,
  "total_data_points": 5440,
  "valid_data_points": 5440,
  "data_sources": 4,
  "active_alerts": 750907,
  "market_signals": 101
}