{
  "timestamp": "2025-08-29T06:34:49.373646",
  "overall_quality": 1.0,
  "avg_latency": 155.33172817882738,
  "total_data_points": 3070,
  "valid_data_points": 3070,
  "data_sources": 4,
  "active_alerts": 2194382,
  "market_signals": 102
}