{
  "timestamp": "2025-08-26T01:48:46.712788",
  "overall_quality": 1.0,
  "avg_latency": 294.7751930346293,
  "total_data_points": 5660,
  "valid_data_points": 5660,
  "data_sources": 4,
  "active_alerts": 212003,
  "market_signals": 100
}