{
  "timestamp": "2025-08-27T04:55:43.272695",
  "overall_quality": 1.0,
  "avg_latency": 193.09945637123738,
  "total_data_points": 3720,
  "valid_data_points": 3720,
  "data_sources": 4,
  "active_alerts": 905725,
  "market_signals": 101
}