{
  "timestamp": "2025-08-28T05:18:40.964113",
  "overall_quality": 1.0,
  "avg_latency": 275.36454009868487,
  "total_data_points": 5320,
  "valid_data_points": 5320,
  "data_sources": 4,
  "active_alerts": 1536525,
  "market_signals": 101
}