{
  "timestamp": "2025-08-26T07:15:47.105844",
  "overall_quality": 1.0,
  "avg_latency": 203.2071018505128,
  "total_data_points": 3900,
  "valid_data_points": 3900,
  "data_sources": 4,
  "active_alerts": 350391,
  "market_signals": 102
}