{
  "timestamp": "2025-08-26T09:59:46.738679",
  "overall_quality": 1.0,
  "avg_latency": 172.26641746072477,
  "total_data_points": 3310,
  "valid_data_points": 3310,
  "data_sources": 4,
  "active_alerts": 420221,
  "market_signals": 100
}