{
  "timestamp": "2025-08-28T10:39:40.648307",
  "overall_quality": 1.0,
  "avg_latency": 153.5871407324323,
  "total_data_points": 2960,
  "valid_data_points": 2960,
  "data_sources": 4,
  "active_alerts": 1672325,
  "market_signals": 101
}