{
  "timestamp": "2025-08-26T23:35:46.224894",
  "overall_quality": 1.0,
  "avg_latency": 196.3752823891537,
  "total_data_points": 3780,
  "valid_data_points": 3780,
  "data_sources": 4,
  "active_alerts": 768413,
  "market_signals": 100
}