{
  "timestamp": "2025-08-29T17:05:43.853762",
  "overall_quality": 1.0,
  "avg_latency": 178.66587303265354,
  "total_data_points": 3430,
  "valid_data_points": 3430,
  "data_sources": 4,
  "active_alerts": 2464391,
  "market_signals": 102
}