{
  "timestamp": "2025-08-28T01:18:57.665452",
  "overall_quality": 1.0,
  "avg_latency": 284.8367368984133,
  "total_data_points": 5670,
  "valid_data_points": 5670,
  "data_sources": 4,
  "active_alerts": 1432398,
  "market_signals": 101
}