{
  "timestamp": "2025-08-29T08:58:57.685673",
  "overall_quality": 1.0,
  "avg_latency": 278.2854023067295,
  "total_data_points": 5350,
  "valid_data_points": 5350,
  "data_sources": 4,
  "active_alerts": 2256665,
  "market_signals": 100
}