{
  "timestamp": "2025-08-26T06:20:37.262945",
  "overall_quality": 1.0,
  "avg_latency": 198.47391742965914,
  "total_data_points": 3810,
  "valid_data_points": 3810,
  "data_sources": 4,
  "active_alerts": 326730,
  "market_signals": 101
}