{
  "timestamp": "2025-08-25T17:49:52.372082",
  "overall_quality": 1.0,
  "avg_latency": 180.06850984456818,
  "total_data_points": 3590,
  "valid_data_points": 3590,
  "data_sources": 4,
  "active_alerts": 6997,
  "market_signals": 101
}