{
  "timestamp": "2025-08-27T16:47:38.541287",
  "overall_quality": 1.0,
  "avg_latency": 247.20731586533594,
  "total_data_points": 4760,
  "valid_data_points": 4760,
  "data_sources": 4,
  "active_alerts": 1211509,
  "market_signals": 100
}