{
  "timestamp": "2025-08-28T20:20:37.094284",
  "overall_quality": 1.0,
  "avg_latency": 179.89181297625726,
  "total_data_points": 3580,
  "valid_data_points": 3580,
  "data_sources": 4,
  "active_alerts": 1922416,
  "market_signals": 102
}