{
  "timestamp": "2025-08-29T19:35:32.222498",
  "overall_quality": 1.0,
  "avg_latency": 171.93556784229608,
  "total_data_points": 3310,
  "valid_data_points": 3310,
  "data_sources": 4,
  "active_alerts": 2528570,
  "market_signals": 101
}