{
  "timestamp": "2025-08-27T01:11:34.002445",
  "overall_quality": 1.0,
  "avg_latency": 220.0548583037826,
  "total_data_points": 4230,
  "valid_data_points": 4230,
  "data_sources": 4,
  "active_alerts": 809656,
  "market_signals": 102
}