{
  "timestamp": "2025-08-27T22:44:54.817369",
  "overall_quality": 1.0,
  "avg_latency": 164.0790156429446,
  "total_data_points": 3260,
  "valid_data_points": 3260,
  "data_sources": 4,
  "active_alerts": 1364525,
  "market_signals": 104
}