{
  "timestamp": "2025-08-30T07:29:54.435115",
  "overall_quality": 1.0,
  "avg_latency": 150.97435869568102,
  "total_data_points": 3010,
  "valid_data_points": 3010,
  "data_sources": 4,
  "active_alerts": 2841835,
  "market_signals": 103
}