{
  "timestamp": "2025-08-29T03:25:45.263649",
  "overall_quality": 1.0,
  "avg_latency": 183.04569035287676,
  "total_data_points": 3650,
  "valid_data_points": 3650,
  "data_sources": 4,
  "active_alerts": 2111158,
  "market_signals": 101
}