{
  "timestamp": "2025-08-29T03:43:45.568640",
  "overall_quality": 1.0,
  "avg_latency": 273.4406279330896,
  "total_data_points": 5440,
  "valid_data_points": 5440,
  "data_sources": 4,
  "active_alerts": 2119297,
  "market_signals": 100
}