{
  "timestamp": "2025-08-29T06:53:50.033164",
  "overall_quality": 1.0,
  "avg_latency": 275.94137296924424,
  "total_data_points": 5430,
  "valid_data_points": 5430,
  "data_sources": 4,
  "active_alerts": 2202888,
  "market_signals": 102
}