{
  "timestamp": "2025-08-28T08:02:57.755514",
  "overall_quality": 1.0,
  "avg_latency": 253.0424764706365,
  "total_data_points": 4870,
  "valid_data_points": 4870,
  "data_sources": 4,
  "active_alerts": 1605993,
  "market_signals": 102
}