{
  "timestamp": "2025-08-28T00:08:56.381510",
  "overall_quality": 1.0,
  "avg_latency": 284.5731355091871,
  "total_data_points": 5660,
  "valid_data_points": 5660,
  "data_sources": 4,
  "active_alerts": 1401261,
  "market_signals": 102
}