{
  "timestamp": "2025-08-27T08:03:41.510336",
  "overall_quality": 1.0,
  "avg_latency": 281.59072679077434,
  "total_data_points": 5420,
  "valid_data_points": 5420,
  "data_sources": 4,
  "active_alerts": 986899,
  "market_signals": 100
}