{
  "timestamp": "2025-08-26T14:17:31.689804",
  "overall_quality": 1.0,
  "avg_latency": 252.92624573559652,
  "total_data_points": 4860,
  "valid_data_points": 4860,
  "data_sources": 4,
  "active_alerts": 530677,
  "market_signals": 100
}