{
  "timestamp": "2025-08-27T17:04:41.527820",
  "overall_quality": 1.0,
  "avg_latency": 158.98443772368395,
  "total_data_points": 3040,
  "valid_data_points": 3040,
  "data_sources": 4,
  "active_alerts": 1218716,
  "market_signals": 101
}