{
  "timestamp": "2025-08-29T18:22:53.591678",
  "overall_quality": 1.0,
  "avg_latency": 242.96864362226967,
  "total_data_points": 4670,
  "valid_data_points": 4670,
  "data_sources": 4,
  "active_alerts": 2497411,
  "market_signals": 102
}