{
  "timestamp": "2025-08-27T12:30:53.438211",
  "overall_quality": 1.0,
  "avg_latency": 196.58319602248625,
  "total_data_points": 3780,
  "valid_data_points": 3780,
  "data_sources": 4,
  "active_alerts": 1101369,
  "market_signals": 100
}