{
  "timestamp": "2025-08-27T10:25:33.191722",
  "overall_quality": 1.0,
  "avg_latency": 186.88941298774336,
  "total_data_points": 3590,
  "valid_data_points": 3590,
  "data_sources": 4,
  "active_alerts": 1047717,
  "market_signals": 103
}