{
  "timestamp": "2025-08-28T11:53:45.829165",
  "overall_quality": 1.0,
  "avg_latency": 275.50009513941694,
  "total_data_points": 5480,
  "valid_data_points": 5480,
  "data_sources": 4,
  "active_alerts": 1703540,
  "market_signals": 100
}