{
  "timestamp": "2025-08-26T17:07:33.027577",
  "overall_quality": 1.0,
  "avg_latency": 252.6302265263914,
  "total_data_points": 4850,
  "valid_data_points": 4850,
  "data_sources": 4,
  "active_alerts": 603786,
  "market_signals": 101
}