{
  "timestamp": "2025-08-29T10:25:34.965425",
  "overall_quality": 1.0,
  "avg_latency": 176.54413345147017,
  "total_data_points": 3400,
  "valid_data_points": 3400,
  "data_sources": 4,
  "active_alerts": 2294014,
  "market_signals": 102
}