{
  "timestamp": "2025-08-29T01:57:43.528750",
  "overall_quality": 1.0,
  "avg_latency": 242.74474838962726,
  "total_data_points": 4820,
  "valid_data_points": 4820,
  "data_sources": 4,
  "active_alerts": 2072046,
  "market_signals": 101
}