{
  "timestamp": "2025-08-30T08:00:54.993855",
  "overall_quality": 1.0,
  "avg_latency": 181.36007072659308,
  "total_data_points": 3610,
  "valid_data_points": 3610,
  "data_sources": 4,
  "active_alerts": 2855954,
  "market_signals": 102
}