{
  "timestamp": "2025-08-27T09:59:59.263914",
  "overall_quality": 1.0,
  "avg_latency": 169.98917458006133,
  "total_data_points": 3260,
  "valid_data_points": 3260,
  "data_sources": 4,
  "active_alerts": 1036749,
  "market_signals": 101
}