{
  "timestamp": "2025-08-26T07:30:49.838312",
  "overall_quality": 1.0,
  "avg_latency": 204.56612799694574,
  "total_data_points": 3930,
  "valid_data_points": 3930,
  "data_sources": 4,
  "active_alerts": 356838,
  "market_signals": 104
}