{
  "timestamp": "2025-08-26T01:31:43.764370",
  "overall_quality": 1.0,
  "avg_latency": 233.46062888775023,
  "total_data_points": 4490,
  "valid_data_points": 4490,
  "data_sources": 4,
  "active_alerts": 204887,
  "market_signals": 101
}