{
  "timestamp": "2025-08-26T07:19:47.531243",
  "overall_quality": 1.0,
  "avg_latency": 173.11736011415655,
  "total_data_points": 3320,
  "valid_data_points": 3320,
  "data_sources": 4,
  "active_alerts": 352054,
  "market_signals": 103
}