{
  "timestamp": "2025-08-27T23:27:55.611134",
  "overall_quality": 1.0,
  "avg_latency": 254.01280730316822,
  "total_data_points": 5050,
  "valid_data_points": 5050,
  "data_sources": 4,
  "active_alerts": 1383676,
  "market_signals": 104
}