{
  "timestamp": "2025-08-25T19:29:59.000511",
  "overall_quality": 1.0,
  "avg_latency": 183.11713264403406,
  "total_data_points": 3520,
  "valid_data_points": 3520,
  "data_sources": 4,
  "active_alerts": 51522,
  "market_signals": 102
}