{
  "timestamp": "2025-08-29T11:38:41.277850",
  "overall_quality": 1.0,
  "avg_latency": 269.7129752658312,
  "total_data_points": 5180,
  "valid_data_points": 5180,
  "data_sources": 4,
  "active_alerts": 2325658,
  "market_signals": 102
}