{
  "timestamp": "2025-08-27T02:39:49.034611",
  "overall_quality": 1.0,
  "avg_latency": 166.96827764299024,
  "total_data_points": 3210,
  "valid_data_points": 3210,
  "data_sources": 4,
  "active_alerts": 847201,
  "market_signals": 101
}