{
  "timestamp": "2025-08-28T14:29:48.685889",
  "overall_quality": 1.0,
  "avg_latency": 157.0922738565917,
  "total_data_points": 3110,
  "valid_data_points": 3110,
  "data_sources": 4,
  "active_alerts": 1771960,
  "market_signals": 101
}