{
  "timestamp": "2025-08-28T16:39:58.639907",
  "overall_quality": 1.0,
  "avg_latency": 161.42122877501615,
  "total_data_points": 3098,
  "valid_data_points": 3098,
  "data_sources": 4,
  "active_alerts": 1827700,
  "market_signals": 101
}