{
  "timestamp": "2025-08-30T02:24:48.815593",
  "overall_quality": 1.0,
  "avg_latency": 298.8959262308094,
  "total_data_points": 5940,
  "valid_data_points": 5940,
  "data_sources": 4,
  "active_alerts": 2708679,
  "market_signals": 101
}