{
  "timestamp": "2025-08-26T23:59:51.038448",
  "overall_quality": 1.0,
  "avg_latency": 169.2476593380369,
  "total_data_points": 3260,
  "valid_data_points": 3260,
  "data_sources": 4,
  "active_alerts": 778503,
  "market_signals": 100
}