{
  "timestamp": "2025-08-27T08:29:45.124233",
  "overall_quality": 1.0,
  "avg_latency": 163.64143067961822,
  "total_data_points": 3140,
  "valid_data_points": 3140,
  "data_sources": 4,
  "active_alerts": 997903,
  "market_signals": 101
}