{
  "timestamp": "2025-08-29T12:02:43.587707",
  "overall_quality": 1.0,
  "avg_latency": 240.65258642965372,
  "total_data_points": 4620,
  "valid_data_points": 4620,
  "data_sources": 4,
  "active_alerts": 2335845,
  "market_signals": 100
}