{
  "timestamp": "2025-08-26T04:36:48.565785",
  "overall_quality": 1.0,
  "avg_latency": 234.54797486119656,
  "total_data_points": 4510,
  "valid_data_points": 4510,
  "data_sources": 4,
  "active_alerts": 282702,
  "market_signals": 101
}