{
  "timestamp": "2025-08-26T12:57:47.829404",
  "overall_quality": 1.0,
  "avg_latency": 261.47752328508983,
  "total_data_points": 5030,
  "valid_data_points": 5030,
  "data_sources": 4,
  "active_alerts": 496298,
  "market_signals": 101
}