{
  "timestamp": "2025-08-27T23:58:56.186093",
  "overall_quality": 1.0,
  "avg_latency": 284.3503453334533,
  "total_data_points": 5650,
  "valid_data_points": 5650,
  "data_sources": 4,
  "active_alerts": 1397003,
  "market_signals": 103
}