{
  "timestamp": "2025-08-29T00:53:42.227546",
  "overall_quality": 1.0,
  "avg_latency": 271.8182187282808,
  "total_data_points": 5410,
  "valid_data_points": 5410,
  "data_sources": 4,
  "active_alerts": 2044306,
  "market_signals": 100
}