{
  "timestamp": "2025-08-28T07:42:55.608807",
  "overall_quality": 1.0,
  "avg_latency": 251.8735650501038,
  "total_data_points": 4850,
  "valid_data_points": 4850,
  "data_sources": 4,
  "active_alerts": 1597624,
  "market_signals": 101
}