{
  "timestamp": "2025-08-30T06:14:53.157250",
  "overall_quality": 1.0,
  "avg_latency": 150.88916409400034,
  "total_data_points": 3000,
  "valid_data_points": 3000,
  "data_sources": 4,
  "active_alerts": 2809240,
  "market_signals": 102
}