{
  "timestamp": "2025-08-29T01:07:42.495786",
  "overall_quality": 1.0,
  "avg_latency": 241.87837895767683,
  "total_data_points": 4820,
  "valid_data_points": 4820,
  "data_sources": 4,
  "active_alerts": 2050449,
  "market_signals": 100
}