{
  "timestamp": "2025-08-28T02:48:59.751484",
  "overall_quality": 1.0,
  "avg_latency": 285.86563801837406,
  "total_data_points": 5660,
  "valid_data_points": 5660,
  "data_sources": 4,
  "active_alerts": 1471892,
  "market_signals": 101
}