{
  "timestamp": "2025-08-27T08:16:43.264822",
  "overall_quality": 1.0,
  "avg_latency": 222.51547130957965,
  "total_data_points": 4280,
  "valid_data_points": 4280,
  "data_sources": 4,
  "active_alerts": 992329,
  "market_signals": 102
}