{
  "timestamp": "2025-08-26T03:57:40.392317",
  "overall_quality": 1.0,
  "avg_latency": 260.8771669779329,
  "total_data_points": 5030,
  "valid_data_points": 5030,
  "data_sources": 4,
  "active_alerts": 266344,
  "market_signals": 101
}