{
  "timestamp": "2025-08-27T09:23:53.347016",
  "overall_quality": 1.0,
  "avg_latency": 287.11723206322426,
  "total_data_points": 5520,
  "valid_data_points": 5520,
  "data_sources": 4,
  "active_alerts": 1021302,
  "market_signals": 101
}