{
  "timestamp": "2025-08-28T10:22:39.429551",
  "overall_quality": 1.0,
  "avg_latency": 242.80492446916503,
  "total_data_points": 4670,
  "valid_data_points": 4670,
  "data_sources": 4,
  "active_alerts": 1665271,
  "market_signals": 100
}