{
  "timestamp": "2025-08-26T12:23:40.910843",
  "overall_quality": 1.0,
  "avg_latency": 288.317693687276,
  "total_data_points": 5580,
  "valid_data_points": 5580,
  "data_sources": 4,
  "active_alerts": 482293,
  "market_signals": 102
}