{
  "timestamp": "2025-08-27T22:57:55.041692",
  "overall_quality": 1.0,
  "avg_latency": 253.77627297900932,
  "total_data_points": 5050,
  "valid_data_points": 5050,
  "data_sources": 4,
  "active_alerts": 1370041,
  "market_signals": 102
}