{
  "timestamp": "2025-08-30T05:28:52.209556",
  "overall_quality": 1.0,
  "avg_latency": 270.66947938401455,
  "total_data_points": 5380,
  "valid_data_points": 5380,
  "data_sources": 4,
  "active_alerts": 2788743,
  "market_signals": 100
}