{
  "timestamp": "2025-08-25T18:32:53.656714",
  "overall_quality": 1.0,
  "avg_latency": 270.3920885183678,
  "total_data_points": 5390,
  "valid_data_points": 5390,
  "data_sources": 4,
  "active_alerts": 26113,
  "market_signals": 103
}