{
  "timestamp": "2025-08-26T23:54:49.860738",
  "overall_quality": 1.0,
  "avg_latency": 168.18107091820977,
  "total_data_points": 3240,
  "valid_data_points": 3240,
  "data_sources": 4,
  "active_alerts": 776223,
  "market_signals": 102
}