{
  "timestamp": "2025-08-27T13:03:59.203482",
  "overall_quality": 1.0,
  "avg_latency": 289.25951221205037,
  "total_data_points": 5560,
  "valid_data_points": 5560,
  "data_sources": 4,
  "active_alerts": 1115589,
  "market_signals": 101
}