{
  "timestamp": "2025-08-28T09:19:34.709581",
  "overall_quality": 1.0,
  "avg_latency": 151.23897036793127,
  "total_data_points": 2900,
  "valid_data_points": 2900,
  "data_sources": 4,
  "active_alerts": 1638803,
  "market_signals": 103
}