{
  "timestamp": "2025-08-27T05:51:51.188289",
  "overall_quality": 1.0,
  "avg_latency": 227.12730847986242,
  "total_data_points": 4370,
  "valid_data_points": 4370,
  "data_sources": 4,
  "active_alerts": 929948,
  "market_signals": 100
}