{
  "timestamp": "2025-08-26T04:48:50.311222",
  "overall_quality": 1.0,
  "avg_latency": 295.19762868186626,
  "total_data_points": 5680,
  "valid_data_points": 5680,
  "data_sources": 4,
  "active_alerts": 287777,
  "market_signals": 101
}