{
  "timestamp": "2025-08-25T18:07:52.926100",
  "overall_quality": 1.0,
  "avg_latency": 269.99760363252875,
  "total_data_points": 5380,
  "valid_data_points": 5380,
  "data_sources": 4,
  "active_alerts": 14919,
  "market_signals": 102
}