{
  "timestamp": "2025-08-28T20:37:37.409755",
  "overall_quality": 1.0,
  "avg_latency": 240.3649674452829,
  "total_data_points": 4770,
  "valid_data_points": 4770,
  "data_sources": 4,
  "active_alerts": 1929649,
  "market_signals": 100
}