{
  "timestamp": "2025-08-27T19:14:33.101724",
  "overall_quality": 1.0,
  "avg_latency": 153.9646806841217,
  "total_data_points": 2960,
  "valid_data_points": 2960,
  "data_sources": 4,
  "active_alerts": 1274066,
  "market_signals": 101
}