{
  "timestamp": "2025-08-27T20:00:40.484664",
  "overall_quality": 1.0,
  "avg_latency": 187.16623486444456,
  "total_data_points": 3600,
  "valid_data_points": 3600,
  "data_sources": 4,
  "active_alerts": 1293420,
  "market_signals": 104
}