{
  "timestamp": "2025-08-27T13:23:32.564562",
  "overall_quality": 1.0,
  "avg_latency": 275.8841312916973,
  "total_data_points": 5300,
  "valid_data_points": 5300,
  "data_sources": 4,
  "active_alerts": 1124002,
  "market_signals": 101
}