{
  "timestamp": "2025-08-25T21:05:48.834197",
  "overall_quality": 1.0,
  "avg_latency": 207.03436264307288,
  "total_data_points": 3970,
  "valid_data_points": 3970,
  "data_sources": 4,
  "active_alerts": 92090,
  "market_signals": 102
}