{
  "timestamp": "2025-08-26T10:15:49.118003",
  "overall_quality": 1.0,
  "avg_latency": 202.97485367410275,
  "total_data_points": 3900,
  "valid_data_points": 3900,
  "data_sources": 4,
  "active_alerts": 427477,
  "market_signals": 102
}