{
  "timestamp": "2025-08-27T20:31:45.586337",
  "overall_quality": 1.0,
  "avg_latency": 219.62470835271853,
  "total_data_points": 4230,
  "valid_data_points": 4230,
  "data_sources": 4,
  "active_alerts": 1306527,
  "market_signals": 103
}