{
  "timestamp": "2025-08-28T08:12:58.695563",
  "overall_quality": 1.0,
  "avg_latency": 253.53866998562614,
  "total_data_points": 4870,
  "valid_data_points": 4870,
  "data_sources": 4,
  "active_alerts": 1610327,
  "market_signals": 101
}