{
  "timestamp": "2025-08-26T00:58:37.579735",
  "overall_quality": 1.0,
  "avg_latency": 290.18988983935674,
  "total_data_points": 5590,
  "valid_data_points": 5590,
  "data_sources": 4,
  "active_alerts": 190547,
  "market_signals": 104
}