{
  "timestamp": "2025-08-26T06:37:40.238354",
  "overall_quality": 1.0,
  "avg_latency": 259.73978610539945,
  "total_data_points": 5000,
  "valid_data_points": 5000,
  "data_sources": 4,
  "active_alerts": 333983,
  "market_signals": 102
}