{
  "timestamp": "2025-08-27T04:11:35.671543",
  "overall_quality": 1.0,
  "avg_latency": 219.66130383096944,
  "total_data_points": 4230,
  "valid_data_points": 4230,
  "data_sources": 4,
  "active_alerts": 886553,
  "market_signals": 101
}