{
  "timestamp": "2025-08-28T04:56:39.197853",
  "overall_quality": 1.0,
  "avg_latency": 214.9729025480675,
  "total_data_points": 4140,
  "valid_data_points": 4140,
  "data_sources": 4,
  "active_alerts": 1526992,
  "market_signals": 100
}