{
  "timestamp": "2025-08-27T16:15:32.555460",
  "overall_quality": 1.0,
  "avg_latency": 185.002140274293,
  "total_data_points": 3540,
  "valid_data_points": 3540,
  "data_sources": 4,
  "active_alerts": 1197816,
  "market_signals": 102
}