{
  "timestamp": "2025-08-28T21:15:38.080030",
  "overall_quality": 1.0,
  "avg_latency": 180.29766898854692,
  "total_data_points": 3580,
  "valid_data_points": 3580,
  "data_sources": 4,
  "active_alerts": 1946778,
  "market_signals": 101
}