{
  "timestamp": "2025-08-26T12:46:45.830682",
  "overall_quality": 1.0,
  "avg_latency": 230.7410112381489,
  "total_data_points": 4430,
  "valid_data_points": 4430,
  "data_sources": 4,
  "active_alerts": 491523,
  "market_signals": 100
}