{
  "timestamp": "2025-08-26T00:11:30.302214",
  "overall_quality": 1.0,
  "avg_latency": 226.98613541421943,
  "total_data_points": 4360,
  "valid_data_points": 4360,
  "data_sources": 4,
  "active_alerts": 171768,
  "market_signals": 101
}