{
  "timestamp": "2025-08-27T11:59:48.228708",
  "overall_quality": 1.0,
  "avg_latency": 163.96839408607605,
  "total_data_points": 3160,
  "valid_data_points": 3160,
  "data_sources": 4,
  "active_alerts": 1088703,
  "market_signals": 102
}