{
  "timestamp": "2025-08-27T22:27:54.481551",
  "overall_quality": 1.0,
  "avg_latency": 253.78386898475284,
  "total_data_points": 5050,
  "valid_data_points": 5050,
  "data_sources": 4,
  "active_alerts": 1357077,
  "market_signals": 100
}