{
  "timestamp": "2025-08-28T00:14:56.479151",
  "overall_quality": 1.0,
  "avg_latency": 164.34500452813438,
  "total_data_points": 3270,
  "valid_data_points": 3270,
  "data_sources": 4,
  "active_alerts": 1403863,
  "market_signals": 100
}