{
  "timestamp": "2025-08-26T16:21:53.924960",
  "overall_quality": 1.0,
  "avg_latency": 233.00942428501105,
  "total_data_points": 4470,
  "valid_data_points": 4470,
  "data_sources": 4,
  "active_alerts": 583901,
  "market_signals": 101
}