{
  "timestamp": "2025-08-27T09:39:55.677676",
  "overall_quality": 1.0,
  "avg_latency": 168.17578609164113,
  "total_data_points": 3230,
  "valid_data_points": 3230,
  "data_sources": 4,
  "active_alerts": 1028111,
  "market_signals": 101
}