{
  "timestamp": "2025-08-28T09:58:37.761118",
  "overall_quality": 1.0,
  "avg_latency": 272.41603639158836,
  "total_data_points": 5230,
  "valid_data_points": 5230,
  "data_sources": 4,
  "active_alerts": 1655231,
  "market_signals": 100
}