{
  "timestamp": "2025-08-26T21:25:51.602847",
  "overall_quality": 1.0,
  "avg_latency": 200.18867381480462,
  "total_data_points": 3850,
  "valid_data_points": 3850,
  "data_sources": 4,
  "active_alerts": 713869,
  "market_signals": 103
}