{
  "timestamp": "2025-08-29T15:13:31.421937",
  "overall_quality": 1.0,
  "avg_latency": 262.62852967648286,
  "total_data_points": 5060,
  "valid_data_points": 5060,
  "data_sources": 4,
  "active_alerts": 2417000,
  "market_signals": 102
}