{
  "timestamp": "2025-08-29T12:45:48.307596",
  "overall_quality": 1.0,
  "avg_latency": 182.15121138457167,
  "total_data_points": 3500,
  "valid_data_points": 3500,
  "data_sources": 4,
  "active_alerts": 2354083,
  "market_signals": 102
}