{
  "timestamp": "2025-08-29T22:08:43.334679",
  "overall_quality": 1.0,
  "avg_latency": 266.63539562641444,
  "total_data_points": 5300,
  "valid_data_points": 5300,
  "data_sources": 4,
  "active_alerts": 2594654,
  "market_signals": 103
}