{
  "timestamp": "2025-08-28T02:59:30.115782",
  "overall_quality": 1.0,
  "avg_latency": 151.0916253912753,
  "total_data_points": 2980,
  "valid_data_points": 2980,
  "data_sources": 4,
  "active_alerts": 1476425,
  "market_signals": 100
}