{
  "timestamp": "2025-08-28T13:29:47.534858",
  "overall_quality": 1.0,
  "avg_latency": 156.8280881106108,
  "total_data_points": 3110,
  "valid_data_points": 3110,
  "data_sources": 4,
  "active_alerts": 1745482,
  "market_signals": 101
}