{
  "timestamp": "2025-08-29T17:22:45.722735",
  "overall_quality": 1.0,
  "avg_latency": 239.5810489806942,
  "total_data_points": 4610,
  "valid_data_points": 4610,
  "data_sources": 4,
  "active_alerts": 2471356,
  "market_signals": 102
}