{
  "timestamp": "2025-08-28T16:25:57.510976",
  "overall_quality": 1.0,
  "avg_latency": 190.59703672513695,
  "total_data_points": 3660,
  "valid_data_points": 3660,
  "data_sources": 4,
  "active_alerts": 1821514,
  "market_signals": 100
}