{
  "timestamp": "2025-08-29T07:56:53.187016",
  "overall_quality": 1.0,
  "avg_latency": 216.75141740721122,
  "total_data_points": 4160,
  "valid_data_points": 4160,
  "data_sources": 4,
  "active_alerts": 2230376,
  "market_signals": 103
}