{
  "timestamp": "2025-08-25T18:19:53.319418",
  "overall_quality": 1.0,
  "avg_latency": 180.2909422247913,
  "total_data_points": 3590,
  "valid_data_points": 3590,
  "data_sources": 4,
  "active_alerts": 20385,
  "market_signals": 102
}