{
  "timestamp": "2025-08-30T02:29:48.897342",
  "overall_quality": 1.0,
  "avg_latency": 298.8475258433609,
  "total_data_points": 5950,
  "valid_data_points": 5950,
  "data_sources": 4,
  "active_alerts": 2710750,
  "market_signals": 104
}