{
  "timestamp": "2025-08-27T17:48:48.548239",
  "overall_quality": 1.0,
  "avg_latency": 282.3132242090245,
  "total_data_points": 5430,
  "valid_data_points": 5430,
  "data_sources": 4,
  "active_alerts": 1237436,
  "market_signals": 100
}