{
  "timestamp": "2025-08-28T06:23:48.238339",
  "overall_quality": 1.0,
  "avg_latency": 279.13649172379223,
  "total_data_points": 5380,
  "valid_data_points": 5380,
  "data_sources": 4,
  "active_alerts": 1564350,
  "market_signals": 101
}