{
  "timestamp": "2025-08-26T04:41:49.433644",
  "overall_quality": 1.0,
  "avg_latency": 235.24539139778818,
  "total_data_points": 4520,
  "valid_data_points": 4520,
  "data_sources": 4,
  "active_alerts": 284994,
  "market_signals": 102
}