{
  "timestamp": "2025-08-28T16:55:30.004048",
  "overall_quality": 1.0,
  "avg_latency": 176.86625308525146,
  "total_data_points": 3390,
  "valid_data_points": 3390,
  "data_sources": 4,
  "active_alerts": 1834382,
  "market_signals": 100
}