{
  "timestamp": "2025-08-29T13:47:53.599744",
  "overall_quality": 1.0,
  "avg_latency": 244.8028456604254,
  "total_data_points": 4700,
  "valid_data_points": 4700,
  "data_sources": 4,
  "active_alerts": 2380792,
  "market_signals": 100
}