{
  "timestamp": "2025-08-26T13:01:48.626725",
  "overall_quality": 1.0,
  "avg_latency": 232.32331746838562,
  "total_data_points": 4460,
  "valid_data_points": 4460,
  "data_sources": 4,
  "active_alerts": 498070,
  "market_signals": 101
}