{
  "timestamp": "2025-08-28T10:43:41.023804",
  "overall_quality": 1.0,
  "avg_latency": 273.79778840986756,
  "total_data_points": 5270,
  "valid_data_points": 5270,
  "data_sources": 4,
  "active_alerts": 1673888,
  "market_signals": 101
}