{
  "timestamp": "2025-08-30T05:13:51.897002",
  "overall_quality": 1.0,
  "avg_latency": 270.15188818940544,
  "total_data_points": 5380,
  "valid_data_points": 5380,
  "data_sources": 4,
  "active_alerts": 2782121,
  "market_signals": 101
}