{
  "timestamp": "2025-08-27T17:01:41.103019",
  "overall_quality": 1.0,
  "avg_latency": 218.88943316547585,
  "total_data_points": 4200,
  "valid_data_points": 4200,
  "data_sources": 4,
  "active_alerts": 1217643,
  "market_signals": 101
}