{
  "timestamp": "2025-08-29T01:16:42.683242",
  "overall_quality": 1.0,
  "avg_latency": 212.03467025142177,
  "total_data_points": 4220,
  "valid_data_points": 4220,
  "data_sources": 4,
  "active_alerts": 2054187,
  "market_signals": 101
}