{
  "timestamp": "2025-08-28T04:40:37.736181",
  "overall_quality": 1.0,
  "avg_latency": 183.97581086816945,
  "total_data_points": 3550,
  "valid_data_points": 3550,
  "data_sources": 4,
  "active_alerts": 1519939,
  "market_signals": 101
}