{
  "timestamp": "2025-08-28T16:28:57.828361",
  "overall_quality": 1.0,
  "avg_latency": 280.88922824619624,
  "total_data_points": 5390,
  "valid_data_points": 5390,
  "data_sources": 4,
  "active_alerts": 1822879,
  "market_signals": 100
}