{
  "timestamp": "2025-08-26T19:51:34.410156",
  "overall_quality": 1.0,
  "avg_latency": 222.0654032035135,
  "total_data_points": 4270,
  "valid_data_points": 4270,
  "data_sources": 4,
  "active_alerts": 673543,
  "market_signals": 100
}