{
  "timestamp": "2025-08-30T02:17:48.678291",
  "overall_quality": 1.0,
  "avg_latency": 239.20306524484207,
  "total_data_points": 4750,
  "valid_data_points": 4750,
  "data_sources": 4,
  "active_alerts": 2705322,
  "market_signals": 103
}