{
  "timestamp": "2025-08-27T01:50:40.502863",
  "overall_quality": 1.0,
  "avg_latency": 192.93389218636386,
  "total_data_points": 3740,
  "valid_data_points": 3740,
  "data_sources": 4,
  "active_alerts": 826548,
  "market_signals": 101
}