{
  "timestamp": "2025-08-29T11:58:43.206786",
  "overall_quality": 1.0,
  "avg_latency": 270.14338590616524,
  "total_data_points": 5190,
  "valid_data_points": 5190,
  "data_sources": 4,
  "active_alerts": 2334229,
  "market_signals": 101
}