{
  "timestamp": "2025-08-28T12:59:46.924274",
  "overall_quality": 1.0,
  "avg_latency": 156.60848569678467,
  "total_data_points": 3110,
  "valid_data_points": 3110,
  "data_sources": 4,
  "active_alerts": 1732245,
  "market_signals": 102
}