{
  "timestamp": "2025-08-29T22:44:44.270825",
  "overall_quality": 1.0,
  "avg_latency": 296.48342884744926,
  "total_data_points": 5880,
  "valid_data_points": 5880,
  "data_sources": 4,
  "active_alerts": 2611220,
  "market_signals": 102
}