{
  "timestamp": "2025-08-30T08:15:55.259313",
  "overall_quality": 1.0,
  "avg_latency": 181.47839431274255,
  "total_data_points": 3610,
  "valid_data_points": 3610,
  "data_sources": 4,
  "active_alerts": 2862374,
  "market_signals": 100
}