{
  "timestamp": "2025-08-29T14:51:59.426855",
  "overall_quality": 1.0,
  "avg_latency": 217.30060574772182,
  "total_data_points": 4170,
  "valid_data_points": 4170,
  "data_sources": 4,
  "active_alerts": 2408178,
  "market_signals": 100
}