{
  "timestamp": "2025-08-27T05:37:49.510627",
  "overall_quality": 1.0,
  "avg_latency": 256.003303157606,
  "total_data_points": 4930,
  "valid_data_points": 4930,
  "data_sources": 4,
  "active_alerts": 923809,
  "market_signals": 101
}