{
  "timestamp": "2025-08-27T00:10:53.311194",
  "overall_quality": 1.0,
  "avg_latency": 200.16892308727307,
  "total_data_points": 3850,
  "valid_data_points": 3850,
  "data_sources": 4,
  "active_alerts": 783326,
  "market_signals": 101
}