{
  "timestamp": "2025-08-26T09:00:36.645226",
  "overall_quality": 1.0,
  "avg_latency": 197.5365620656995,
  "total_data_points": 3790,
  "valid_data_points": 3790,
  "data_sources": 4,
  "active_alerts": 394843,
  "market_signals": 102
}