{
  "timestamp": "2025-08-30T09:01:56.249641",
  "overall_quality": 1.0,
  "avg_latency": 211.6628714578199,
  "total_data_points": 4220,
  "valid_data_points": 4220,
  "data_sources": 4,
  "active_alerts": 2882445,
  "market_signals": 104
}