{
  "timestamp": "2025-08-29T09:51:32.558539",
  "overall_quality": 1.0,
  "avg_latency": 205.2213578668352,
  "total_data_points": 3950,
  "valid_data_points": 3950,
  "data_sources": 4,
  "active_alerts": 2279567,
  "market_signals": 100
}