{
  "timestamp": "2025-08-28T18:37:35.189935",
  "overall_quality": 1.0,
  "avg_latency": 239.25200705651145,
  "total_data_points": 4760,
  "valid_data_points": 4760,
  "data_sources": 4,
  "active_alerts": 1877617,
  "market_signals": 101
}