{
  "timestamp": "2025-08-29T17:52:49.913066",
  "overall_quality": 1.0,
  "avg_latency": 241.22976342138213,
  "total_data_points": 4630,
  "valid_data_points": 4630,
  "data_sources": 4,
  "active_alerts": 2484537,
  "market_signals": 100
}