{
  "timestamp": "2025-08-27T18:19:54.244256",
  "overall_quality": 1.0,
  "avg_latency": 164.8229292514193,
  "total_data_points": 3170,
  "valid_data_points": 3170,
  "data_sources": 4,
  "active_alerts": 1250867,
  "market_signals": 101
}