{
  "timestamp": "2025-08-26T06:02:34.546740",
  "overall_quality": 1.0,
  "avg_latency": 257.5085541230773,
  "total_data_points": 4940,
  "valid_data_points": 4940,
  "data_sources": 4,
  "active_alerts": 319074,
  "market_signals": 101
}