{
  "timestamp": "2025-08-29T23:54:45.698595",
  "overall_quality": 1.0,
  "avg_latency": 297.75221909746665,
  "total_data_points": 5920,
  "valid_data_points": 5920,
  "data_sources": 4,
  "active_alerts": 2642525,
  "market_signals": 101
}