{
  "timestamp": "2025-08-28T14:06:48.233672",
  "overall_quality": 1.0,
  "avg_latency": 216.97039678190274,
  "total_data_points": 4310,
  "valid_data_points": 4310,
  "data_sources": 4,
  "active_alerts": 1762257,
  "market_signals": 100
}