{
  "timestamp": "2025-08-28T00:22:56.645107",
  "overall_quality": 1.0,
  "avg_latency": 254.6838352521738,
  "total_data_points": 5060,
  "valid_data_points": 5060,
  "data_sources": 4,
  "active_alerts": 1407559,
  "market_signals": 101
}