{
  "timestamp": "2025-08-26T07:00:44.302296",
  "overall_quality": 1.0,
  "avg_latency": 202.15496950515396,
  "total_data_points": 3880,
  "valid_data_points": 3880,
  "data_sources": 4,
  "active_alerts": 343752,
  "market_signals": 102
}