{
  "timestamp": "2025-08-27T05:53:51.529899",
  "overall_quality": 1.0,
  "avg_latency": 287.148242178481,
  "total_data_points": 5530,
  "valid_data_points": 5530,
  "data_sources": 4,
  "active_alerts": 930783,
  "market_signals": 101
}