{
  "timestamp": "2025-08-30T00:36:46.504588",
  "overall_quality": 1.0,
  "avg_latency": 207.83414351476986,
  "total_data_points": 4130,
  "valid_data_points": 4130,
  "data_sources": 4,
  "active_alerts": 2661020,
  "market_signals": 101
}