{
  "timestamp": "2025-08-27T04:52:42.719726",
  "overall_quality": 1.0,
  "avg_latency": 253.3760048700201,
  "total_data_points": 4870,
  "valid_data_points": 4870,
  "data_sources": 4,
  "active_alerts": 904524,
  "market_signals": 101
}