{
  "timestamp": "2025-08-27T18:18:53.996277",
  "overall_quality": 1.0,
  "avg_latency": 284.49218307001973,
  "total_data_points": 5470,
  "valid_data_points": 5470,
  "data_sources": 4,
  "active_alerts": 1250428,
  "market_signals": 104
}