{
  "timestamp": "2025-08-27T12:19:51.606321",
  "overall_quality": 1.0,
  "avg_latency": 165.05510899056546,
  "total_data_points": 3180,
  "valid_data_points": 3180,
  "data_sources": 4,
  "active_alerts": 1096885,
  "market_signals": 101
}