{
  "timestamp": "2025-08-26T15:02:39.967022",
  "overall_quality": 1.0,
  "avg_latency": 257.22935268525333,
  "total_data_points": 4950,
  "valid_data_points": 4950,
  "data_sources": 4,
  "active_alerts": 550113,
  "market_signals": 103
}