{
  "timestamp": "2025-08-25T20:56:47.723839",
  "overall_quality": 1.0,
  "avg_latency": 237.049089124336,
  "total_data_points": 4520,
  "valid_data_points": 4520,
  "data_sources": 4,
  "active_alerts": 88181,
  "market_signals": 100
}