{
  "timestamp": "2025-08-27T01:25:36.518115",
  "overall_quality": 1.0,
  "avg_latency": 191.58882445864822,
  "total_data_points": 3700,
  "valid_data_points": 3700,
  "data_sources": 4,
  "active_alerts": 815780,
  "market_signals": 102
}