{
  "timestamp": "2025-08-28T11:58:45.904030",
  "overall_quality": 1.0,
  "avg_latency": 275.90545917062,
  "total_data_points": 5480,
  "valid_data_points": 5480,
  "data_sources": 4,
  "active_alerts": 1705700,
  "market_signals": 100
}