{
  "timestamp": "2025-08-26T10:13:48.628133",
  "overall_quality": 1.0,
  "avg_latency": 293.09749837087026,
  "total_data_points": 5630,
  "valid_data_points": 5630,
  "data_sources": 4,
  "active_alerts": 426533,
  "market_signals": 104
}