{
  "timestamp": "2025-08-28T20:26:37.206792",
  "overall_quality": 1.0,
  "avg_latency": 209.7055524609113,
  "total_data_points": 4170,
  "valid_data_points": 4170,
  "data_sources": 4,
  "active_alerts": 1924891,
  "market_signals": 100
}