{
  "timestamp": "2025-08-29T10:28:35.191390",
  "overall_quality": 1.0,
  "avg_latency": 266.8057187134511,
  "total_data_points": 5130,
  "valid_data_points": 5130,
  "data_sources": 4,
  "active_alerts": 2295366,
  "market_signals": 104
}