{
  "timestamp": "2025-08-25T20:33:42.125530",
  "overall_quality": 1.0,
  "avg_latency": 294.39855411032045,
  "total_data_points": 5620,
  "valid_data_points": 5620,
  "data_sources": 4,
  "active_alerts": 78561,
  "market_signals": 101
}