{
  "timestamp": "2025-08-27T08:42:47.187579",
  "overall_quality": 1.0,
  "avg_latency": 254.5164359265846,
  "total_data_points": 4890,
  "valid_data_points": 4890,
  "data_sources": 4,
  "active_alerts": 1003419,
  "market_signals": 101
}