{
  "timestamp": "2025-08-29T01:04:42.441548",
  "overall_quality": 1.0,
  "avg_latency": 152.3117500870859,
  "total_data_points": 3020,
  "valid_data_points": 3020,
  "data_sources": 4,
  "active_alerts": 2049255,
  "market_signals": 101
}