{
  "timestamp": "2025-08-27T11:13:40.724386",
  "overall_quality": 1.0,
  "avg_latency": 280.39293012096357,
  "total_data_points": 5390,
  "valid_data_points": 5390,
  "data_sources": 4,
  "active_alerts": 1068662,
  "market_signals": 100
}