{
  "timestamp": "2025-08-30T05:19:52.023699",
  "overall_quality": 1.0,
  "avg_latency": 150.21877269832808,
  "total_data_points": 2990,
  "valid_data_points": 2990,
  "data_sources": 4,
  "active_alerts": 2784815,
  "market_signals": 101
}