{
  "timestamp": "2025-08-28T00:51:57.160525",
  "overall_quality": 1.0,
  "avg_latency": 224.42177623847826,
  "total_data_points": 4470,
  "valid_data_points": 4470,
  "data_sources": 4,
  "active_alerts": 1420338,
  "market_signals": 102
}