{
  "timestamp": "2025-08-30T07:19:54.280981",
  "overall_quality": 1.0,
  "avg_latency": 151.241968895681,
  "total_data_points": 3010,
  "valid_data_points": 3010,
  "data_sources": 4,
  "active_alerts": 2837651,
  "market_signals": 101
}