{
  "timestamp": "2025-08-30T08:56:56.143810",
  "overall_quality": 1.0,
  "avg_latency": 211.70498832256547,
  "total_data_points": 4210,
  "valid_data_points": 4210,
  "data_sources": 4,
  "active_alerts": 2880053,
  "market_signals": 101
}