{
  "timestamp": "2025-08-27T23:40:55.843910",
  "overall_quality": 1.0,
  "avg_latency": 193.99134751062138,
  "total_data_points": 3860,
  "valid_data_points": 3860,
  "data_sources": 4,
  "active_alerts": 1389169,
  "market_signals": 103
}