{
  "timestamp": "2025-08-29T19:56:33.928071",
  "overall_quality": 1.0,
  "avg_latency": 202.7064184256413,
  "total_data_points": 3900,
  "valid_data_points": 3900,
  "data_sources": 4,
  "active_alerts": 2537407,
  "market_signals": 100
}