{
  "timestamp": "2025-08-29T03:15:45.070517",
  "overall_quality": 1.0,
  "avg_latency": 182.71862926565925,
  "total_data_points": 3640,
  "valid_data_points": 3640,
  "data_sources": 4,
  "active_alerts": 2106770,
  "market_signals": 101
}