{
  "timestamp": "2025-08-27T16:05:29.823046",
  "overall_quality": 1.0,
  "avg_latency": 183.45270482840937,
  "total_data_points": 3520,
  "valid_data_points": 3520,
  "data_sources": 4,
  "active_alerts": 1193580,
  "market_signals": 101
}