{
  "timestamp": "2025-08-29T03:56:45.806042",
  "overall_quality": 1.0,
  "avg_latency": 213.43010251129402,
  "total_data_points": 4250,
  "valid_data_points": 4250,
  "data_sources": 4,
  "active_alerts": 2124892,
  "market_signals": 103
}