{
  "timestamp": "2025-08-30T08:33:55.633300",
  "overall_quality": 1.0,
  "avg_latency": 271.8057062131489,
  "total_data_points": 5400,
  "valid_data_points": 5400,
  "data_sources": 4,
  "active_alerts": 2870199,
  "market_signals": 103
}