{
  "timestamp": "2025-08-30T01:10:47.237836",
  "overall_quality": 1.0,
  "avg_latency": 178.24921710734466,
  "total_data_points": 3540,
  "valid_data_points": 3540,
  "data_sources": 4,
  "active_alerts": 2676135,
  "market_signals": 101
}