{
  "timestamp": "2025-08-29T07:29:51.172811",
  "overall_quality": 1.0,
  "avg_latency": 156.04127636720747,
  "total_data_points": 3080,
  "valid_data_points": 3080,
  "data_sources": 4,
  "active_alerts": 2218643,
  "market_signals": 102
}