{
  "timestamp": "2025-08-29T08:00:53.520040",
  "overall_quality": 1.0,
  "avg_latency": 186.38370535083772,
  "total_data_points": 3580,
  "valid_data_points": 3580,
  "data_sources": 4,
  "active_alerts": 2232157,
  "market_signals": 101
}