{
  "timestamp": "2025-08-27T16:27:35.361043",
  "overall_quality": 1.0,
  "avg_latency": 246.42627197478816,
  "total_data_points": 4720,
  "valid_data_points": 4720,
  "data_sources": 4,
  "active_alerts": 1202888,
  "market_signals": 102
}