{
  "timestamp": "2025-08-29T19:09:59.598288",
  "overall_quality": 1.0,
  "avg_latency": 155.69329457993302,
  "total_data_points": 2990,
  "valid_data_points": 2990,
  "data_sources": 4,
  "active_alerts": 2517477,
  "market_signals": 103
}