{
  "timestamp": "2025-08-28T15:47:54.483662",
  "overall_quality": 1.0,
  "avg_latency": 249.0034326560414,
  "total_data_points": 4800,
  "valid_data_points": 4800,
  "data_sources": 4,
  "active_alerts": 1805079,
  "market_signals": 100
}