{
  "timestamp": "2025-08-25T20:06:36.062682",
  "overall_quality": 1.0,
  "avg_latency": 231.74145219707202,
  "total_data_points": 4440,
  "valid_data_points": 4440,
  "data_sources": 4,
  "active_alerts": 66621,
  "market_signals": 101
}