{
  "timestamp": "2025-08-28T19:46:36.463386",
  "overall_quality": 1.0,
  "avg_latency": 209.3981185790863,
  "total_data_points": 4160,
  "valid_data_points": 4160,
  "data_sources": 4,
  "active_alerts": 1907513,
  "market_signals": 101
}