{
  "timestamp": "2025-08-28T08:24:30.073883",
  "overall_quality": 1.0,
  "avg_latency": 298.9830293069565,
  "total_data_points": 5750,
  "valid_data_points": 5750,
  "data_sources": 4,
  "active_alerts": 1615296,
  "market_signals": 100
}