{
  "timestamp": "2025-08-27T01:42:39.237465",
  "overall_quality": 1.0,
  "avg_latency": 252.43935585409793,
  "total_data_points": 4880,
  "valid_data_points": 4880,
  "data_sources": 4,
  "active_alerts": 823178,
  "market_signals": 101
}