{
  "timestamp": "2025-08-29T12:14:44.785287",
  "overall_quality": 1.0,
  "avg_latency": 150.54718760724188,
  "total_data_points": 2900,
  "valid_data_points": 2900,
  "data_sources": 4,
  "active_alerts": 2340682,
  "market_signals": 101
}