{
  "timestamp": "2025-08-29T23:33:45.293580",
  "overall_quality": 1.0,
  "avg_latency": 267.62839942752396,
  "total_data_points": 5319,
  "valid_data_points": 5319,
  "data_sources": 4,
  "active_alerts": 2633326,
  "market_signals": 101
}