{
  "timestamp": "2025-08-26T23:42:47.873250",
  "overall_quality": 1.0,
  "avg_latency": 257.58291468951643,
  "total_data_points": 4960,
  "valid_data_points": 4960,
  "data_sources": 4,
  "active_alerts": 771307,
  "market_signals": 102
}