{
  "timestamp": "2025-08-28T17:43:33.756068",
  "overall_quality": 1.0,
  "avg_latency": 268.81421026589015,
  "total_data_points": 5160,
  "valid_data_points": 5160,
  "data_sources": 4,
  "active_alerts": 1854537,
  "market_signals": 100
}