{
  "timestamp": "2025-08-28T06:09:46.676999",
  "overall_quality": 1.0,
  "avg_latency": 158.08270700196763,
  "total_data_points": 3050,
  "valid_data_points": 3050,
  "data_sources": 4,
  "active_alerts": 1558742,
  "market_signals": 102
}