{
  "timestamp": "2025-08-27T09:12:51.759108",
  "overall_quality": 1.0,
  "avg_latency": 256.49538455679556,
  "total_data_points": 4930,
  "valid_data_points": 4930,
  "data_sources": 4,
  "active_alerts": 1016535,
  "market_signals": 101
}