{
  "timestamp": "2025-08-29T15:15:31.589728",
  "overall_quality": 1.0,
  "avg_latency": 173.28619843933967,
  "total_data_points": 3330,
  "valid_data_points": 3330,
  "data_sources": 4,
  "active_alerts": 2417877,
  "market_signals": 100
}