{
  "timestamp": "2025-08-26T18:47:52.329421",
  "overall_quality": 1.0,
  "avg_latency": 261.0915626233064,
  "total_data_points": 5020,
  "valid_data_points": 5020,
  "data_sources": 4,
  "active_alerts": 646446,
  "market_signals": 100
}