{
  "timestamp": "2025-08-28T08:39:31.515990",
  "overall_quality": 1.0,
  "avg_latency": 299.88750357517324,
  "total_data_points": 5760,
  "valid_data_points": 5760,
  "data_sources": 4,
  "active_alerts": 1621468,
  "market_signals": 101
}