{
  "timestamp": "2025-08-28T06:50:50.868334",
  "overall_quality": 1.0,
  "avg_latency": 189.99923073633877,
  "total_data_points": 3660,
  "valid_data_points": 3660,
  "data_sources": 4,
  "active_alerts": 1575580,
  "market_signals": 102
}