{
  "timestamp": "2025-08-26T00:24:32.624980",
  "overall_quality": 1.0,
  "avg_latency": 167.68213941919495,
  "total_data_points": 3230,
  "valid_data_points": 3230,
  "data_sources": 4,
  "active_alerts": 176782,
  "market_signals": 102
}