{
  "timestamp": "2025-08-29T17:07:44.090760",
  "overall_quality": 1.0,
  "avg_latency": 238.64430911568672,
  "total_data_points": 4590,
  "valid_data_points": 4590,
  "data_sources": 4,
  "active_alerts": 2465212,
  "market_signals": 102
}