{
  "timestamp": "2025-08-27T06:41:58.886928",
  "overall_quality": 1.0,
  "avg_latency": 230.74546472076725,
  "total_data_points": 4430,
  "valid_data_points": 4430,
  "data_sources": 4,
  "active_alerts": 952294,
  "market_signals": 100
}