{
  "timestamp": "2025-08-29T15:04:30.405340",
  "overall_quality": 1.0,
  "avg_latency": 292.6572113829182,
  "total_data_points": 5620,
  "valid_data_points": 5620,
  "data_sources": 4,
  "active_alerts": 2413201,
  "market_signals": 100
}