{
  "timestamp": "2025-08-29T22:50:44.394343",
  "overall_quality": 1.0,
  "avg_latency": 176.98974059744288,
  "total_data_points": 3520,
  "valid_data_points": 3520,
  "data_sources": 4,
  "active_alerts": 2613959,
  "market_signals": 101
}