{
  "timestamp": "2025-08-28T06:30:48.985091",
  "overall_quality": 1.0,
  "avg_latency": 189.08435888739723,
  "total_data_points": 3650,
  "valid_data_points": 3650,
  "data_sources": 4,
  "active_alerts": 1567368,
  "market_signals": 100
}