{
  "timestamp": "2025-08-27T19:35:35.841359",
  "overall_quality": 1.0,
  "avg_latency": 185.0188634056182,
  "total_data_points": 3560,
  "valid_data_points": 3560,
  "data_sources": 4,
  "active_alerts": 1283051,
  "market_signals": 101
}