{
  "timestamp": "2025-08-29T02:30:44.157183",
  "overall_quality": 1.0,
  "avg_latency": 182.91471201652868,
  "total_data_points": 3630,
  "valid_data_points": 3630,
  "data_sources": 4,
  "active_alerts": 2086583,
  "market_signals": 101
}