{
  "timestamp": "2025-08-30T00:55:46.914509",
  "overall_quality": 1.0,
  "avg_latency": 178.01073357937838,
  "total_data_points": 3540,
  "valid_data_points": 3540,
  "data_sources": 4,
  "active_alerts": 2669568,
  "market_signals": 100
}