{
  "timestamp": "2025-08-27T05:27:48.087213",
  "overall_quality": 1.0,
  "avg_latency": 256.2253835869921,
  "total_data_points": 4920,
  "valid_data_points": 4920,
  "data_sources": 4,
  "active_alerts": 919329,
  "market_signals": 102
}