{
  "timestamp": "2025-08-27T12:27:52.951176",
  "overall_quality": 1.0,
  "avg_latency": 255.84761968884376,
  "total_data_points": 4930,
  "valid_data_points": 4930,
  "data_sources": 4,
  "active_alerts": 1100241,
  "market_signals": 104
}