{
  "timestamp": "2025-08-26T00:56:37.346624",
  "overall_quality": 1.0,
  "avg_latency": 230.3186490065463,
  "total_data_points": 4430,
  "valid_data_points": 4430,
  "data_sources": 4,
  "active_alerts": 189850,
  "market_signals": 102
}