{
  "timestamp": "2025-08-26T05:16:55.741681",
  "overall_quality": 1.0,
  "avg_latency": 237.9472022227074,
  "total_data_points": 4580,
  "valid_data_points": 4580,
  "data_sources": 4,
  "active_alerts": 299749,
  "market_signals": 101
}