{
  "timestamp": "2025-08-26T12:13:39.217195",
  "overall_quality": 1.0,
  "avg_latency": 287.5312202150089,
  "total_data_points": 5530,
  "valid_data_points": 5530,
  "data_sources": 4,
  "active_alerts": 478138,
  "market_signals": 101
}