{
  "timestamp": "2025-08-28T13:50:47.909230",
  "overall_quality": 1.0,
  "avg_latency": 186.71795572533676,
  "total_data_points": 3710,
  "valid_data_points": 3710,
  "data_sources": 4,
  "active_alerts": 1754849,
  "market_signals": 100
}