{
  "timestamp": "2025-08-26T07:13:46.628792",
  "overall_quality": 1.0,
  "avg_latency": 292.3605422504443,
  "total_data_points": 5630,
  "valid_data_points": 5630,
  "data_sources": 4,
  "active_alerts": 349512,
  "market_signals": 101
}