{
  "timestamp": "2025-08-27T22:46:54.843632",
  "overall_quality": 1.0,
  "avg_latency": 223.765066772645,
  "total_data_points": 4460,
  "valid_data_points": 4460,
  "data_sources": 4,
  "active_alerts": 1365272,
  "market_signals": 103
}