{
  "timestamp": "2025-08-28T02:54:59.914051",
  "overall_quality": 1.0,
  "avg_latency": 166.1552214384144,
  "total_data_points": 3280,
  "valid_data_points": 3280,
  "data_sources": 4,
  "active_alerts": 1474518,
  "market_signals": 100
}