{
  "timestamp": "2025-08-30T07:53:54.869606",
  "overall_quality": 1.0,
  "avg_latency": 271.62112615314834,
  "total_data_points": 5400,
  "valid_data_points": 5400,
  "data_sources": 4,
  "active_alerts": 2852766,
  "market_signals": 103
}