{
  "timestamp": "2025-08-27T06:55:31.433281",
  "overall_quality": 1.0,
  "avg_latency": 186.85025708555582,
  "total_data_points": 3600,
  "valid_data_points": 3600,
  "data_sources": 4,
  "active_alerts": 958142,
  "market_signals": 101
}