{
  "timestamp": "2025-08-29T05:34:47.887578",
  "overall_quality": 1.0,
  "avg_latency": 154.3300457289905,
  "total_data_points": 3070,
  "valid_data_points": 3070,
  "data_sources": 4,
  "active_alerts": 2167811,
  "market_signals": 101
}