{
  "timestamp": "2025-08-26T17:29:36.470743",
  "overall_quality": 1.0,
  "avg_latency": 163.80768325316444,
  "total_data_points": 3160,
  "valid_data_points": 3160,
  "data_sources": 4,
  "active_alerts": 613121,
  "market_signals": 103
}