{
  "timestamp": "2025-08-27T13:34:34.465480",
  "overall_quality": 1.0,
  "avg_latency": 156.08413420598004,
  "total_data_points": 3010,
  "valid_data_points": 3010,
  "data_sources": 4,
  "active_alerts": 1129010,
  "market_signals": 102
}