{
  "timestamp": "2025-08-27T11:21:41.987303",
  "overall_quality": 1.0,
  "avg_latency": 220.60303270611777,
  "total_data_points": 4250,
  "valid_data_points": 4250,
  "data_sources": 4,
  "active_alerts": 1071802,
  "market_signals": 106
}