{
  "timestamp": "2025-08-26T18:50:53.108442",
  "overall_quality": 1.0,
  "avg_latency": 201.78268127080062,
  "total_data_points": 3870,
  "valid_data_points": 3870,
  "data_sources": 4,
  "active_alerts": 647711,
  "market_signals": 100
}