{
  "timestamp": "2025-08-27T03:41:30.558189",
  "overall_quality": 1.0,
  "avg_latency": 217.61227577279232,
  "total_data_points": 4190,
  "valid_data_points": 4190,
  "data_sources": 4,
  "active_alerts": 873925,
  "market_signals": 100
}