{
  "timestamp": "2025-08-26T19:57:35.350693",
  "overall_quality": 1.0,
  "avg_latency": 252.6504917932095,
  "total_data_points": 4860,
  "valid_data_points": 4860,
  "data_sources": 4,
  "active_alerts": 676217,
  "market_signals": 102
}