{
  "timestamp": "2025-08-25T23:17:47.628776",
  "overall_quality": 1.0,
  "avg_latency": 266.3880933429686,
  "total_data_points": 5120,
  "valid_data_points": 5120,
  "data_sources": 4,
  "active_alerts": 148413,
  "market_signals": 102
}