{
  "timestamp": "2025-08-29T17:51:49.819788",
  "overall_quality": 1.0,
  "avg_latency": 211.3421794582716,
  "total_data_points": 4050,
  "valid_data_points": 4050,
  "data_sources": 4,
  "active_alerts": 2484070,
  "market_signals": 101
}