{
  "timestamp": "2025-08-27T19:12:32.947089",
  "overall_quality": 1.0,
  "avg_latency": 243.4579513825159,
  "total_data_points": 4690,
  "valid_data_points": 4690,
  "data_sources": 4,
  "active_alerts": 1273114,
  "market_signals": 100
}