{
  "timestamp": "2025-08-27T22:23:54.410998",
  "overall_quality": 1.0,
  "avg_latency": 283.7795416879435,
  "total_data_points": 5640,
  "valid_data_points": 5640,
  "data_sources": 4,
  "active_alerts": 1355255,
  "market_signals": 102
}