{
  "timestamp": "2025-08-28T22:48:39.907735",
  "overall_quality": 1.0,
  "avg_latency": 271.45185177439714,
  "total_data_points": 5390,
  "valid_data_points": 5390,
  "data_sources": 4,
  "active_alerts": 1988193,
  "market_signals": 102
}