{
  "timestamp": "2025-08-26T08:40:33.186651",
  "overall_quality": 1.0,
  "avg_latency": 195.73119081466663,
  "total_data_points": 3750,
  "valid_data_points": 3750,
  "data_sources": 4,
  "active_alerts": 386599,
  "market_signals": 101
}