{
  "timestamp": "2025-08-26T03:19:33.105848",
  "overall_quality": 1.0,
  "avg_latency": 166.93106598354018,
  "total_data_points": 3220,
  "valid_data_points": 3220,
  "data_sources": 4,
  "active_alerts": 250499,
  "market_signals": 101
}