{
  "timestamp": "2025-08-26T13:12:50.325488",
  "overall_quality": 1.0,
  "avg_latency": 262.74871684861625,
  "total_data_points": 5060,
  "valid_data_points": 5060,
  "data_sources": 4,
  "active_alerts": 502644,
  "market_signals": 101
}