{
  "timestamp": "2025-08-26T09:28:41.735675",
  "overall_quality": 1.0,
  "avg_latency": 289.8525166815085,
  "total_data_points": 5570,
  "valid_data_points": 5570,
  "data_sources": 4,
  "active_alerts": 407105,
  "market_signals": 100
}