{
  "timestamp": "2025-08-29T04:26:46.371427",
  "overall_quality": 1.0,
  "avg_latency": 213.91664563764698,
  "total_data_points": 4250,
  "valid_data_points": 4250,
  "data_sources": 4,
  "active_alerts": 2137973,
  "market_signals": 103
}