{
  "timestamp": "2025-08-30T06:34:53.495568",
  "overall_quality": 1.0,
  "avg_latency": 150.68936214400009,
  "total_data_points": 3000,
  "valid_data_points": 3000,
  "data_sources": 4,
  "active_alerts": 2817630,
  "market_signals": 100
}