{
  "timestamp": "2025-08-26T21:36:53.767571",
  "overall_quality": 1.0,
  "avg_latency": 231.0760431514608,
  "total_data_points": 4450,
  "valid_data_points": 4450,
  "data_sources": 4,
  "active_alerts": 718575,
  "market_signals": 101
}