{
  "timestamp": "2025-08-29T06:08:48.701560",
  "overall_quality": 1.0,
  "avg_latency": 274.27034964899127,
  "total_data_points": 5450,
  "valid_data_points": 5450,
  "data_sources": 4,
  "active_alerts": 2182673,
  "market_signals": 101
}