{
  "timestamp": "2025-08-27T01:23:36.229442",
  "overall_quality": 1.0,
  "avg_latency": 280.78854977661206,
  "total_data_points": 5430,
  "valid_data_points": 5430,
  "data_sources": 4,
  "active_alerts": 814908,
  "market_signals": 102
}