{
  "timestamp": "2025-08-29T13:06:50.151685",
  "overall_quality": 1.0,
  "avg_latency": 213.23187526048818,
  "total_data_points": 4100,
  "valid_data_points": 4100,
  "data_sources": 4,
  "active_alerts": 2363254,
  "market_signals": 100
}