{
  "timestamp": "2025-08-29T19:52:33.739601",
  "overall_quality": 1.0,
  "avg_latency": 232.36337763087352,
  "total_data_points": 4470,
  "valid_data_points": 4470,
  "data_sources": 4,
  "active_alerts": 2535728,
  "market_signals": 102
}