{
  "timestamp": "2025-08-27T08:47:47.755120",
  "overall_quality": 1.0,
  "avg_latency": 254.42969905562353,
  "total_data_points": 4890,
  "valid_data_points": 4890,
  "data_sources": 4,
  "active_alerts": 1005464,
  "market_signals": 101
}