{
  "timestamp": "2025-08-26T23:00:39.364062",
  "overall_quality": 1.0,
  "avg_latency": 193.11246347096787,
  "total_data_points": 3720,
  "valid_data_points": 3720,
  "data_sources": 4,
  "active_alerts": 753971,
  "market_signals": 101
}