{
  "timestamp": "2025-08-26T03:58:40.616349",
  "overall_quality": 1.0,
  "avg_latency": 290.9604616028521,
  "total_data_points": 5610,
  "valid_data_points": 5610,
  "data_sources": 4,
  "active_alerts": 266823,
  "market_signals": 101
}