{
  "timestamp": "2025-08-26T16:58:31.510445",
  "overall_quality": 1.0,
  "avg_latency": 281.77393753826254,
  "total_data_points": 5410,
  "valid_data_points": 5410,
  "data_sources": 4,
  "active_alerts": 599839,
  "market_signals": 101
}