{
  "timestamp": "2025-08-29T22:23:43.822572",
  "overall_quality": 1.0,
  "avg_latency": 266.88651565905644,
  "total_data_points": 5300,
  "valid_data_points": 5300,
  "data_sources": 4,
  "active_alerts": 2601640,
  "market_signals": 103
}