{
  "timestamp": "2025-08-30T05:41:52.470024",
  "overall_quality": 1.0,
  "avg_latency": 210.40752459665066,
  "total_data_points": 4180,
  "valid_data_points": 4180,
  "data_sources": 4,
  "active_alerts": 2794788,
  "market_signals": 102
}