{
  "timestamp": "2025-08-29T15:30:32.888720",
  "overall_quality": 1.0,
  "avg_latency": 173.44670632185642,
  "total_data_points": 3340,
  "valid_data_points": 3340,
  "data_sources": 4,
  "active_alerts": 2424223,
  "market_signals": 102
}