{
  "timestamp": "2025-08-29T08:41:56.082103",
  "overall_quality": 1.0,
  "avg_latency": 218.2540974159524,
  "total_data_points": 4200,
  "valid_data_points": 4200,
  "data_sources": 4,
  "active_alerts": 2249689,
  "market_signals": 101
}