{
  "timestamp": "2025-08-29T05:30:47.801751",
  "overall_quality": 1.0,
  "avg_latency": 184.39628547307993,
  "total_data_points": 3659,
  "valid_data_points": 3659,
  "data_sources": 4,
  "active_alerts": 2165982,
  "market_signals": 103
}