{
  "timestamp": "2025-08-26T04:17:44.263098",
  "overall_quality": 1.0,
  "avg_latency": 262.73596924999987,
  "total_data_points": 5080,
  "valid_data_points": 5080,
  "data_sources": 4,
  "active_alerts": 274846,
  "market_signals": 101
}