{
  "timestamp": "2025-08-28T01:52:58.389981",
  "overall_quality": 1.0,
  "avg_latency": 255.2653766001967,
  "total_data_points": 5080,
  "valid_data_points": 5080,
  "data_sources": 4,
  "active_alerts": 1447296,
  "market_signals": 102
}