{
  "timestamp": "2025-08-29T08:30:55.429067",
  "overall_quality": 1.0,
  "avg_latency": 187.20600670747908,
  "total_data_points": 3610,
  "valid_data_points": 3610,
  "data_sources": 4,
  "active_alerts": 2245011,
  "market_signals": 102
}