{
  "timestamp": "2025-08-29T17:03:43.686827",
  "overall_quality": 1.0,
  "avg_latency": 268.5537981601538,
  "total_data_points": 5170,
  "valid_data_points": 5170,
  "data_sources": 4,
  "active_alerts": 2463577,
  "market_signals": 101
}