{
  "timestamp": "2025-08-29T04:47:46.830409",
  "overall_quality": 1.0,
  "avg_latency": 243.6289629286586,
  "total_data_points": 4850,
  "valid_data_points": 4850,
  "data_sources": 4,
  "active_alerts": 2147159,
  "market_signals": 103
}