{
  "timestamp": "2025-08-29T09:35:31.112633",
  "overall_quality": 1.0,
  "avg_latency": 174.9480249952235,
  "total_data_points": 3350,
  "valid_data_points": 3350,
  "data_sources": 4,
  "active_alerts": 2272710,
  "market_signals": 100
}