{
  "timestamp": "2025-08-28T18:08:34.652454",
  "overall_quality": 1.0,
  "avg_latency": 268.5897583067282,
  "total_data_points": 5350,
  "valid_data_points": 5350,
  "data_sources": 4,
  "active_alerts": 1865291,
  "market_signals": 103
}