{
  "timestamp": "2025-08-26T11:29:32.010672",
  "overall_quality": 1.0,
  "avg_latency": 164.25157568765798,
  "total_data_points": 3160,
  "valid_data_points": 3160,
  "data_sources": 4,
  "active_alerts": 459590,
  "market_signals": 101
}