{
  "timestamp": "2025-08-29T06:20:48.983635",
  "overall_quality": 1.0,
  "avg_latency": 184.65069477356968,
  "total_data_points": 3670,
  "valid_data_points": 3670,
  "data_sources": 4,
  "active_alerts": 2187978,
  "market_signals": 101
}