{
  "timestamp": "2025-08-26T05:46:31.351227",
  "overall_quality": 1.0,
  "avg_latency": 225.30719063663562,
  "total_data_points": 4340,
  "valid_data_points": 4340,
  "data_sources": 4,
  "active_alerts": 312272,
  "market_signals": 101
}