{
  "timestamp": "2025-08-26T10:32:52.001306",
  "overall_quality": 1.0,
  "avg_latency": 264.77310421669983,
  "total_data_points": 5090,
  "valid_data_points": 5090,
  "data_sources": 4,
  "active_alerts": 434987,
  "market_signals": 101
}