{
  "timestamp": "2025-08-26T13:25:52.251279",
  "overall_quality": 1.0,
  "avg_latency": 203.2750758670913,
  "total_data_points": 3920,
  "valid_data_points": 3920,
  "data_sources": 4,
  "active_alerts": 508354,
  "market_signals": 106
}