{
  "timestamp": "2025-08-28T19:43:36.416436",
  "overall_quality": 1.0,
  "avg_latency": 269.8290100158585,
  "total_data_points": 5360,
  "valid_data_points": 5360,
  "data_sources": 4,
  "active_alerts": 1906255,
  "market_signals": 102
}