{
  "timestamp": "2025-08-29T01:02:42.398630",
  "overall_quality": 1.0,
  "avg_latency": 241.9063113972974,
  "total_data_points": 4810,
  "valid_data_points": 4810,
  "data_sources": 4,
  "active_alerts": 2048282,
  "market_signals": 103
}