{
  "timestamp": "2025-08-29T11:51:42.627248",
  "overall_quality": 1.0,
  "avg_latency": 209.87602322846698,
  "total_data_points": 4040,
  "valid_data_points": 4040,
  "data_sources": 4,
  "active_alerts": 2331164,
  "market_signals": 103
}