{
  "timestamp": "2025-08-28T03:30:31.211657",
  "overall_quality": 1.0,
  "avg_latency": 181.94123099487172,
  "total_data_points": 3510,
  "valid_data_points": 3510,
  "data_sources": 4,
  "active_alerts": 1490521,
  "market_signals": 103
}