{
  "timestamp": "2025-08-28T23:52:41.109651",
  "overall_quality": 1.0,
  "avg_latency": 241.55352434261934,
  "total_data_points": 4810,
  "valid_data_points": 4810,
  "data_sources": 4,
  "active_alerts": 2016816,
  "market_signals": 106
}