{
  "timestamp": "2025-08-28T05:55:45.270234",
  "overall_quality": 1.0,
  "avg_latency": 187.62884907222195,
  "total_data_points": 3600,
  "valid_data_points": 3600,
  "data_sources": 4,
  "active_alerts": 1552684,
  "market_signals": 100
}