{
  "timestamp": "2025-08-29T10:03:33.607249",
  "overall_quality": 1.0,
  "avg_latency": 266.10180720802333,
  "total_data_points": 5110,
  "valid_data_points": 5110,
  "data_sources": 4,
  "active_alerts": 2284819,
  "market_signals": 101
}