{
  "timestamp": "2025-08-29T16:35:40.357550",
  "overall_quality": 1.0,
  "avg_latency": 176.92965372580645,
  "total_data_points": 3410,
  "valid_data_points": 3410,
  "data_sources": 4,
  "active_alerts": 2451215,
  "market_signals": 103
}