{
  "timestamp": "2025-08-26T16:26:54.949420",
  "overall_quality": 1.0,
  "avg_latency": 233.38804715334842,
  "total_data_points": 4480,
  "valid_data_points": 4480,
  "data_sources": 4,
  "active_alerts": 586355,
  "market_signals": 101
}