{
  "timestamp": "2025-08-30T03:01:49.443028",
  "overall_quality": 1.0,
  "avg_latency": 208.8397709677887,
  "total_data_points": 4160,
  "valid_data_points": 4160,
  "data_sources": 4,
  "active_alerts": 2725004,
  "market_signals": 100
}