{
  "timestamp": "2025-08-28T03:32:31.351081",
  "overall_quality": 1.0,
  "avg_latency": 241.9279617841545,
  "total_data_points": 4670,
  "valid_data_points": 4670,
  "data_sources": 4,
  "active_alerts": 1491415,
  "market_signals": 100
}