{
  "timestamp": "2025-08-28T23:51:41.096220",
  "overall_quality": 1.0,
  "avg_latency": 211.7057277353922,
  "total_data_points": 4210,
  "valid_data_points": 4210,
  "data_sources": 4,
  "active_alerts": 2016309,
  "market_signals": 101
}