{
  "timestamp": "2025-08-26T05:37:59.738226",
  "overall_quality": 1.0,
  "avg_latency": 269.9551574074999,
  "total_data_points": 5200,
  "valid_data_points": 5200,
  "data_sources": 4,
  "active_alerts": 308657,
  "market_signals": 103
}