{
  "timestamp": "2025-08-30T07:24:54.362083",
  "overall_quality": 1.0,
  "avg_latency": 151.0728678769998,
  "total_data_points": 3000,
  "valid_data_points": 3000,
  "data_sources": 4,
  "active_alerts": 2839719,
  "market_signals": 101
}