{
  "timestamp": "2025-08-28T03:00:30.176207",
  "overall_quality": 1.0,
  "avg_latency": 181.26071744257746,
  "total_data_points": 3570,
  "valid_data_points": 3570,
  "data_sources": 4,
  "active_alerts": 1476829,
  "market_signals": 100
}