{
  "timestamp": "2025-08-29T08:43:56.243408",
  "overall_quality": 1.0,
  "avg_latency": 278.1222456733215,
  "total_data_points": 5360,
  "valid_data_points": 5360,
  "data_sources": 4,
  "active_alerts": 2250618,
  "market_signals": 103
}