{
  "timestamp": "2025-08-29T21:15:40.963479",
  "overall_quality": 1.0,
  "avg_latency": 175.81997010325443,
  "total_data_points": 3380,
  "valid_data_points": 3380,
  "data_sources": 4,
  "active_alerts": 2571422,
  "market_signals": 100
}