{
  "timestamp": "2025-08-29T19:23:31.123254",
  "overall_quality": 1.0,
  "avg_latency": 261.53664804780874,
  "total_data_points": 5020,
  "valid_data_points": 5020,
  "data_sources": 4,
  "active_alerts": 2523333,
  "market_signals": 102
}