{
  "timestamp": "2025-08-29T18:34:55.294377",
  "overall_quality": 1.0,
  "avg_latency": 153.93002324881397,
  "total_data_points": 2950,
  "valid_data_points": 2950,
  "data_sources": 4,
  "active_alerts": 2502746,
  "market_signals": 101
}