{
  "timestamp": "2025-08-28T00:31:56.808203",
  "overall_quality": 1.0,
  "avg_latency": 224.50238638004458,
  "total_data_points": 4460,
  "valid_data_points": 4460,
  "data_sources": 4,
  "active_alerts": 1411505,
  "market_signals": 100
}