{
  "timestamp": "2025-08-27T05:58:52.081083",
  "overall_quality": 1.0,
  "avg_latency": 287.8895618297143,
  "total_data_points": 5526,
  "valid_data_points": 5526,
  "data_sources": 4,
  "active_alerts": 932874,
  "market_signals": 101
}