{
  "timestamp": "2025-08-30T09:12:56.459262",
  "overall_quality": 1.0,
  "avg_latency": 241.71297889334627,
  "total_data_points": 4810,
  "valid_data_points": 4810,
  "data_sources": 4,
  "active_alerts": 2887339,
  "market_signals": 104
}