{
  "timestamp": "2025-08-27T12:52:57.446100",
  "overall_quality": 1.0,
  "avg_latency": 258.26276750764663,
  "total_data_points": 4970,
  "valid_data_points": 4970,
  "data_sources": 4,
  "active_alerts": 1110757,
  "market_signals": 101
}