{
  "timestamp": "2025-08-30T01:41:47.901635",
  "overall_quality": 1.0,
  "avg_latency": 208.96869825084326,
  "total_data_points": 4150,
  "valid_data_points": 4150,
  "data_sources": 4,
  "active_alerts": 2689419,
  "market_signals": 102
}