{
  "timestamp": "2025-08-28T06:52:51.028190",
  "overall_quality": 1.0,
  "avg_latency": 250.37643463908518,
  "total_data_points": 4810,
  "valid_data_points": 4810,
  "data_sources": 4,
  "active_alerts": 1576378,
  "market_signals": 100
}