{
  "timestamp": "2025-08-29T15:21:32.154665",
  "overall_quality": 1.0,
  "avg_latency": 203.13062600639321,
  "total_data_points": 3910,
  "valid_data_points": 3910,
  "data_sources": 4,
  "active_alerts": 2420453,
  "market_signals": 103
}