{
  "timestamp": "2025-08-25T21:47:58.601523",
  "overall_quality": 1.0,
  "avg_latency": 272.15051854758354,
  "total_data_points": 5170,
  "valid_data_points": 5170,
  "data_sources": 4,
  "active_alerts": 109756,
  "market_signals": 100
}