{
  "timestamp": "2025-08-27T22:18:54.324897",
  "overall_quality": 1.0,
  "avg_latency": 283.410605172341,
  "total_data_points": 5640,
  "valid_data_points": 5640,
  "data_sources": 4,
  "active_alerts": 1353056,
  "market_signals": 103
}