{
  "timestamp": "2025-08-27T18:53:30.316027",
  "overall_quality": 1.0,
  "avg_latency": 272.421783766348,
  "total_data_points": 5230,
  "valid_data_points": 5230,
  "data_sources": 4,
  "active_alerts": 1264986,
  "market_signals": 101
}