{
  "timestamp": "2025-08-29T03:48:45.664398",
  "overall_quality": 1.0,
  "avg_latency": 273.3463329362801,
  "total_data_points": 5430,
  "valid_data_points": 5430,
  "data_sources": 4,
  "active_alerts": 2121429,
  "market_signals": 103
}