{
  "timestamp": "2025-08-30T02:23:48.793504",
  "overall_quality": 1.0,
  "avg_latency": 268.53589138243,
  "total_data_points": 5350,
  "valid_data_points": 5350,
  "data_sources": 4,
  "active_alerts": 2708107,
  "market_signals": 102
}