{
  "timestamp": "2025-08-28T15:25:52.395972",
  "overall_quality": 1.0,
  "avg_latency": 188.70195201542697,
  "total_data_points": 3630,
  "valid_data_points": 3630,
  "data_sources": 4,
  "active_alerts": 1795676,
  "market_signals": 105
}