{
  "timestamp": "2025-08-27T13:28:33.510248",
  "overall_quality": 1.0,
  "avg_latency": 275.675061472316,
  "total_data_points": 5310,
  "valid_data_points": 5310,
  "data_sources": 4,
  "active_alerts": 1126313,
  "market_signals": 101
}