{
  "timestamp": "2025-08-28T13:57:48.060327",
  "overall_quality": 1.0,
  "avg_latency": 246.63943895906388,
  "total_data_points": 4910,
  "valid_data_points": 4910,
  "data_sources": 4,
  "active_alerts": 1758028,
  "market_signals": 102
}