{
  "timestamp": "2025-08-26T22:56:38.480692",
  "overall_quality": 1.0,
  "avg_latency": 223.1784163270396,
  "total_data_points": 4290,
  "valid_data_points": 4290,
  "data_sources": 4,
  "active_alerts": 752227,
  "market_signals": 101
}