{
  "timestamp": "2025-08-27T11:27:42.947535",
  "overall_quality": 1.0,
  "avg_latency": 251.32359075661165,
  "total_data_points": 4840,
  "valid_data_points": 4840,
  "data_sources": 4,
  "active_alerts": 1074475,
  "market_signals": 103
}