{
  "timestamp": "2025-08-30T04:06:50.619952",
  "overall_quality": 1.0,
  "avg_latency": 209.72125795827327,
  "total_data_points": 4170,
  "valid_data_points": 4170,
  "data_sources": 4,
  "active_alerts": 2752516,
  "market_signals": 100
}