{
  "timestamp": "2025-08-27T07:03:32.249340",
  "overall_quality": 1.0,
  "avg_latency": 277.123889471857,
  "total_data_points": 5330,
  "valid_data_points": 5330,
  "data_sources": 4,
  "active_alerts": 961579,
  "market_signals": 101
}