{
  "timestamp": "2025-08-26T17:01:32.151559",
  "overall_quality": 1.0,
  "avg_latency": 221.71156493325535,
  "total_data_points": 4270,
  "valid_data_points": 4270,
  "data_sources": 4,
  "active_alerts": 601089,
  "market_signals": 103
}