{
  "timestamp": "2025-08-30T02:10:48.521749",
  "overall_quality": 1.0,
  "avg_latency": 178.4719742469102,
  "total_data_points": 3560,
  "valid_data_points": 3560,
  "data_sources": 4,
  "active_alerts": 2702281,
  "market_signals": 103
}