{
  "timestamp": "2025-08-30T05:17:51.984120",
  "overall_quality": 1.0,
  "avg_latency": 239.79454283870277,
  "total_data_points": 4780,
  "valid_data_points": 4780,
  "data_sources": 4,
  "active_alerts": 2784025,
  "market_signals": 101
}