{
  "timestamp": "2025-08-27T05:31:48.783283",
  "overall_quality": 1.0,
  "avg_latency": 225.96250060275887,
  "total_data_points": 4350,
  "valid_data_points": 4350,
  "data_sources": 4,
  "active_alerts": 921194,
  "market_signals": 105
}