{
  "timestamp": "2025-08-26T21:18:50.391904",
  "overall_quality": 1.0,
  "avg_latency": 289.791067664452,
  "total_data_points": 5570,
  "valid_data_points": 5570,
  "data_sources": 4,
  "active_alerts": 711072,
  "market_signals": 100
}