{
  "timestamp": "2025-08-26T18:04:42.881114",
  "overall_quality": 1.0,
  "avg_latency": 167.00132214343762,
  "total_data_points": 3200,
  "valid_data_points": 3200,
  "data_sources": 4,
  "active_alerts": 627936,
  "market_signals": 101
}