{
  "timestamp": "2025-08-30T08:04:55.061672",
  "overall_quality": 1.0,
  "avg_latency": 151.35305037648993,
  "total_data_points": 3020,
  "valid_data_points": 3020,
  "data_sources": 4,
  "active_alerts": 2857854,
  "market_signals": 101
}