{
  "timestamp": "2025-08-27T05:48:50.809211",
  "overall_quality": 1.0,
  "avg_latency": 287.02015778584433,
  "total_data_points": 5510,
  "valid_data_points": 5510,
  "data_sources": 4,
  "active_alerts": 928687,
  "market_signals": 101
}