{
  "timestamp": "2025-08-26T01:37:44.702385",
  "overall_quality": 1.0,
  "avg_latency": 263.61887239723785,
  "total_data_points": 5070,
  "valid_data_points": 5070,
  "data_sources": 4,
  "active_alerts": 207573,
  "market_signals": 101
}