{
  "timestamp": "2025-08-29T15:38:33.746772",
  "overall_quality": 1.0,
  "avg_latency": 264.3242735677163,
  "total_data_points": 5080,
  "valid_data_points": 5080,
  "data_sources": 4,
  "active_alerts": 2427657,
  "market_signals": 102
}