{
  "timestamp": "2025-08-29T09:22:59.996801",
  "overall_quality": 1.0,
  "avg_latency": 249.4111641697914,
  "total_data_points": 4800,
  "valid_data_points": 4800,
  "data_sources": 4,
  "active_alerts": 2267273,
  "market_signals": 102
}