{
  "timestamp": "2025-08-29T18:03:51.603102",
  "overall_quality": 1.0,
  "avg_latency": 271.6415439489478,
  "total_data_points": 5230,
  "valid_data_points": 5230,
  "data_sources": 4,
  "active_alerts": 2488889,
  "market_signals": 102
}