{
  "timestamp": "2025-08-28T16:00:55.418221",
  "overall_quality": 1.0,
  "avg_latency": 189.80437518301326,
  "total_data_points": 3650,
  "valid_data_points": 3650,
  "data_sources": 4,
  "active_alerts": 1810635,
  "market_signals": 100
}