{
  "timestamp": "2025-08-29T18:41:56.060006",
  "overall_quality": 1.0,
  "avg_latency": 214.04595089805858,
  "total_data_points": 4120,
  "valid_data_points": 4120,
  "data_sources": 4,
  "active_alerts": 2505755,
  "market_signals": 102
}