{
  "timestamp": "2025-08-29T09:15:59.355245",
  "overall_quality": 1.0,
  "avg_latency": 189.13044741239653,
  "total_data_points": 3630,
  "valid_data_points": 3630,
  "data_sources": 4,
  "active_alerts": 2264254,
  "market_signals": 100
}