{
  "timestamp": "2025-08-27T14:36:44.089917",
  "overall_quality": 1.0,
  "avg_latency": 221.06735992352907,
  "total_data_points": 4250,
  "valid_data_points": 4250,
  "data_sources": 4,
  "active_alerts": 1155529,
  "market_signals": 102
}