{
  "timestamp": "2025-08-27T08:06:41.752850",
  "overall_quality": 1.0,
  "avg_latency": 222.0894536255275,
  "total_data_points": 4270,
  "valid_data_points": 4270,
  "data_sources": 4,
  "active_alerts": 988146,
  "market_signals": 102
}