{
  "timestamp": "2025-08-26T05:08:54.329027",
  "overall_quality": 1.0,
  "avg_latency": 297.0623627078666,
  "total_data_points": 5720,
  "valid_data_points": 5720,
  "data_sources": 4,
  "active_alerts": 296218,
  "market_signals": 100
}