{
  "timestamp": "2025-08-29T13:50:53.989501",
  "overall_quality": 1.0,
  "avg_latency": 184.9261064741577,
  "total_data_points": 3560,
  "valid_data_points": 3560,
  "data_sources": 4,
  "active_alerts": 2382036,
  "market_signals": 100
}