{
  "timestamp": "2025-08-28T11:09:43.123515",
  "overall_quality": 1.0,
  "avg_latency": 154.82130243973052,
  "total_data_points": 2970,
  "valid_data_points": 2970,
  "data_sources": 4,
  "active_alerts": 1685034,
  "market_signals": 103
}