{
  "timestamp": "2025-08-29T22:05:43.285684",
  "overall_quality": 1.0,
  "avg_latency": 176.61174815954357,
  "total_data_points": 3510,
  "valid_data_points": 3510,
  "data_sources": 4,
  "active_alerts": 2593285,
  "market_signals": 100
}