{
  "timestamp": "2025-08-30T01:02:47.057252",
  "overall_quality": 1.0,
  "avg_latency": 238.08008131139243,
  "total_data_points": 4740,
  "valid_data_points": 4740,
  "data_sources": 4,
  "active_alerts": 2672700,
  "market_signals": 101
}