{
  "timestamp": "2025-08-27T19:11:32.715265",
  "overall_quality": 1.0,
  "avg_latency": 213.3887236160586,
  "total_data_points": 4110,
  "valid_data_points": 4110,
  "data_sources": 4,
  "active_alerts": 1272653,
  "market_signals": 100
}