{
  "timestamp": "2025-08-30T05:14:51.918908",
  "overall_quality": 1.0,
  "avg_latency": 150.21650281946336,
  "total_data_points": 2980,
  "valid_data_points": 2980,
  "data_sources": 4,
  "active_alerts": 2782563,
  "market_signals": 102
}