{
  "timestamp": "2025-08-27T18:51:59.909538",
  "overall_quality": 1.0,
  "avg_latency": 227.3059393642206,
  "total_data_points": 4360,
  "valid_data_points": 4360,
  "data_sources": 4,
  "active_alerts": 1264322,
  "market_signals": 101
}