{
  "timestamp": "2025-08-29T22:43:44.242978",
  "overall_quality": 1.0,
  "avg_latency": 266.7266461960225,
  "total_data_points": 5280,
  "valid_data_points": 5280,
  "data_sources": 4,
  "active_alerts": 2610710,
  "market_signals": 101
}