{
  "timestamp": "2025-08-25T19:44:32.301553",
  "overall_quality": 1.0,
  "avg_latency": 169.89571798487702,
  "total_data_points": 3240,
  "valid_data_points": 3240,
  "data_sources": 4,
  "active_alerts": 57583,
  "market_signals": 103
}