{
  "timestamp": "2025-08-30T03:17:49.730898",
  "overall_quality": 1.0,
  "avg_latency": 239.15619212499988,
  "total_data_points": 4760,
  "valid_data_points": 4760,
  "data_sources": 4,
  "active_alerts": 2731525,
  "market_signals": 102
}