{
  "timestamp": "2025-08-27T06:37:58.088544",
  "overall_quality": 1.0,
  "avg_latency": 260.34481808283385,
  "total_data_points": 5010,
  "valid_data_points": 5010,
  "data_sources": 4,
  "active_alerts": 950626,
  "market_signals": 102
}