{
  "timestamp": "2025-08-27T14:19:41.448370",
  "overall_quality": 1.0,
  "avg_latency": 159.90739775032495,
  "total_data_points": 3080,
  "valid_data_points": 3080,
  "data_sources": 4,
  "active_alerts": 1148604,
  "market_signals": 102
}