{
  "timestamp": "2025-08-26T06:22:37.669198",
  "overall_quality": 1.0,
  "avg_latency": 258.54408470040204,
  "total_data_points": 4970,
  "valid_data_points": 4970,
  "data_sources": 4,
  "active_alerts": 327586,
  "market_signals": 100
}