{
  "timestamp": "2025-08-26T04:02:41.190267",
  "overall_quality": 1.0,
  "avg_latency": 261.67476058668,
  "total_data_points": 5030,
  "valid_data_points": 5030,
  "data_sources": 4,
  "active_alerts": 268591,
  "market_signals": 101
}