{
  "timestamp": "2025-08-29T15:39:33.838730",
  "overall_quality": 1.0,
  "avg_latency": 294.2726408757947,
  "total_data_points": 5660,
  "valid_data_points": 5660,
  "data_sources": 4,
  "active_alerts": 2428156,
  "market_signals": 103
}