{
  "timestamp": "2025-08-26T13:14:50.636577",
  "overall_quality": 1.0,
  "avg_latency": 173.07504618915678,
  "total_data_points": 3320,
  "valid_data_points": 3320,
  "data_sources": 4,
  "active_alerts": 503569,
  "market_signals": 101
}