{
  "timestamp": "2025-08-29T19:24:31.335764",
  "overall_quality": 1.0,
  "avg_latency": 291.53496441464256,
  "total_data_points": 5600,
  "valid_data_points": 5600,
  "data_sources": 4,
  "active_alerts": 2523671,
  "market_signals": 100
}