{
  "timestamp": "2025-08-29T07:12:50.718637",
  "overall_quality": 1.0,
  "avg_latency": 245.31418667551472,
  "total_data_points": 4860,
  "valid_data_points": 4860,
  "data_sources": 4,
  "active_alerts": 2211385,
  "market_signals": 101
}