{
  "timestamp": "2025-08-26T06:55:43.912218",
  "overall_quality": 1.0,
  "avg_latency": 201.25081343840216,
  "total_data_points": 3880,
  "valid_data_points": 3880,
  "data_sources": 4,
  "active_alerts": 341420,
  "market_signals": 101
}