{
  "timestamp": "2025-08-28T10:42:40.880297",
  "overall_quality": 1.0,
  "avg_latency": 243.85596323283582,
  "total_data_points": 4690,
  "valid_data_points": 4690,
  "data_sources": 4,
  "active_alerts": 1673471,
  "market_signals": 101
}