{
  "timestamp": "2025-08-30T04:43:51.279220",
  "overall_quality": 1.0,
  "avg_latency": 269.7126560873367,
  "total_data_points": 5370,
  "valid_data_points": 5370,
  "data_sources": 4,
  "active_alerts": 2768713,
  "market_signals": 101
}