{
  "timestamp": "2025-08-28T07:34:54.882842",
  "overall_quality": 1.0,
  "avg_latency": 161.7479613380647,
  "total_data_points": 3100,
  "valid_data_points": 3100,
  "data_sources": 4,
  "active_alerts": 1594119,
  "market_signals": 101
}