{
  "timestamp": "2025-08-30T02:54:49.318171",
  "overall_quality": 1.0,
  "avg_latency": 298.96212190537886,
  "total_data_points": 5950,
  "valid_data_points": 5950,
  "data_sources": 4,
  "active_alerts": 2722013,
  "market_signals": 103
}