{
  "timestamp": "2025-08-27T06:38:58.480210",
  "overall_quality": 1.0,
  "avg_latency": 290.5710505135946,
  "total_data_points": 5590,
  "valid_data_points": 5590,
  "data_sources": 4,
  "active_alerts": 951069,
  "market_signals": 101
}