{
  "timestamp": "2025-08-29T02:39:44.336194",
  "overall_quality": 1.0,
  "avg_latency": 152.53103582434258,
  "total_data_points": 3040,
  "valid_data_points": 3040,
  "data_sources": 4,
  "active_alerts": 2090695,
  "market_signals": 100
}