{
  "timestamp": "2025-08-26T02:13:51.270932",
  "overall_quality": 1.0,
  "avg_latency": 296.7827410957895,
  "total_data_points": 5700,
  "valid_data_points": 5700,
  "data_sources": 4,
  "active_alerts": 222584,
  "market_signals": 103
}