{
  "timestamp": "2025-08-29T16:53:42.218569",
  "overall_quality": 1.0,
  "avg_latency": 267.8384390780157,
  "total_data_points": 5140,
  "valid_data_points": 5140,
  "data_sources": 4,
  "active_alerts": 2459022,
  "market_signals": 100
}