{
  "timestamp": "2025-08-27T10:52:37.518839",
  "overall_quality": 1.0,
  "avg_latency": 249.0309245981213,
  "total_data_points": 4790,
  "valid_data_points": 4790,
  "data_sources": 4,
  "active_alerts": 1059279,
  "market_signals": 101
}