{
  "timestamp": "2025-08-28T00:37:56.902906",
  "overall_quality": 1.0,
  "avg_latency": 254.7051174707509,
  "total_data_points": 5060,
  "valid_data_points": 5060,
  "data_sources": 4,
  "active_alerts": 1414089,
  "market_signals": 101
}