{
  "timestamp": "2025-08-30T04:14:50.758278",
  "overall_quality": 1.0,
  "avg_latency": 299.77433851926367,
  "total_data_points": 5970,
  "valid_data_points": 5970,
  "data_sources": 4,
  "active_alerts": 2756042,
  "market_signals": 101
}