{
  "timestamp": "2025-08-30T00:27:46.313438",
  "overall_quality": 1.0,
  "avg_latency": 237.93079742917575,
  "total_data_points": 4730,
  "valid_data_points": 4730,
  "data_sources": 4,
  "active_alerts": 2656850,
  "market_signals": 100
}