{
  "timestamp": "2025-08-29T21:06:40.323922",
  "overall_quality": 1.0,
  "avg_latency": 205.70364052582286,
  "total_data_points": 3950,
  "valid_data_points": 3950,
  "data_sources": 4,
  "active_alerts": 2567518,
  "market_signals": 103
}