{
  "timestamp": "2025-08-28T16:33:58.227912",
  "overall_quality": 1.0,
  "avg_latency": 280.96484664851835,
  "total_data_points": 5400,
  "valid_data_points": 5400,
  "data_sources": 4,
  "active_alerts": 1825069,
  "market_signals": 102
}