{
  "timestamp": "2025-08-30T07:09:54.109913",
  "overall_quality": 1.0,
  "avg_latency": 151.3691457913623,
  "total_data_points": 3010,
  "valid_data_points": 3010,
  "data_sources": 4,
  "active_alerts": 2833276,
  "market_signals": 100
}