{
  "timestamp": "2025-08-26T16:42:57.915899",
  "overall_quality": 1.0,
  "avg_latency": 265.0311040206687,
  "total_data_points": 5080,
  "valid_data_points": 5080,
  "data_sources": 4,
  "active_alerts": 593151,
  "market_signals": 101
}