{
  "timestamp": "2025-08-26T08:01:55.042310",
  "overall_quality": 1.0,
  "avg_latency": 236.47355065758228,
  "total_data_points": 4550,
  "valid_data_points": 4550,
  "data_sources": 4,
  "active_alerts": 370812,
  "market_signals": 101
}