{
  "timestamp": "2025-08-25T19:33:29.917792",
  "overall_quality": 1.0,
  "avg_latency": 288.7734883030681,
  "total_data_points": 5540,
  "valid_data_points": 5540,
  "data_sources": 4,
  "active_alerts": 52904,
  "market_signals": 103
}