{
  "timestamp": "2025-08-27T15:38:53.766350",
  "overall_quality": 1.0,
  "avg_latency": 285.46840860127685,
  "total_data_points": 5480,
  "valid_data_points": 5480,
  "data_sources": 4,
  "active_alerts": 1182138,
  "market_signals": 104
}