{
  "timestamp": "2025-08-26T21:05:47.903615",
  "overall_quality": 1.0,
  "avg_latency": 198.49493853543316,
  "total_data_points": 3810,
  "valid_data_points": 3810,
  "data_sources": 4,
  "active_alerts": 705470,
  "market_signals": 101
}