{
  "timestamp": "2025-08-25T21:24:53.182291",
  "overall_quality": 1.0,
  "avg_latency": 179.3958679952941,
  "total_data_points": 3400,
  "valid_data_points": 3400,
  "data_sources": 4,
  "active_alerts": 100293,
  "market_signals": 101
}