{
  "timestamp": "2025-08-26T15:18:42.161129",
  "overall_quality": 1.0,
  "avg_latency": 288.21892378227733,
  "total_data_points": 5530,
  "valid_data_points": 5530,
  "data_sources": 4,
  "active_alerts": 556907,
  "market_signals": 102
}