{
  "timestamp": "2025-08-30T05:27:52.185381",
  "overall_quality": 1.0,
  "avg_latency": 240.81079209121455,
  "total_data_points": 4780,
  "valid_data_points": 4780,
  "data_sources": 4,
  "active_alerts": 2788292,
  "market_signals": 102
}