{
  "timestamp": "2025-08-30T02:53:49.294188",
  "overall_quality": 1.0,
  "avg_latency": 269.10210864729015,
  "total_data_points": 5350,
  "valid_data_points": 5350,
  "data_sources": 4,
  "active_alerts": 2721591,
  "market_signals": 102
}