{
  "timestamp": "2025-08-27T06:00:52.550859",
  "overall_quality": 1.0,
  "avg_latency": 197.88785306236892,
  "total_data_points": 3800,
  "valid_data_points": 3800,
  "data_sources": 4,
  "active_alerts": 933766,
  "market_signals": 100
}