{
  "timestamp": "2025-08-27T13:17:31.830061",
  "overall_quality": 1.0,
  "avg_latency": 245.4230940985134,
  "total_data_points": 4710,
  "valid_data_points": 4710,
  "data_sources": 4,
  "active_alerts": 1121747,
  "market_signals": 102
}