{
  "timestamp": "2025-08-28T10:49:41.436468",
  "overall_quality": 1.0,
  "avg_latency": 154.29396351858125,
  "total_data_points": 2960,
  "valid_data_points": 2960,
  "data_sources": 4,
  "active_alerts": 1676406,
  "market_signals": 100
}