{
  "timestamp": "2025-08-29T14:06:55.433182",
  "overall_quality": 1.0,
  "avg_latency": 215.35700663719842,
  "total_data_points": 4140,
  "valid_data_points": 4140,
  "data_sources": 4,
  "active_alerts": 2388774,
  "market_signals": 102
}