{
  "timestamp": "2025-08-26T14:51:38.169648",
  "overall_quality": 1.0,
  "avg_latency": 225.87021626880684,
  "total_data_points": 4360,
  "valid_data_points": 4360,
  "data_sources": 4,
  "active_alerts": 545569,
  "market_signals": 101
}