{
  "timestamp": "2025-08-30T06:06:53.008319",
  "overall_quality": 1.0,
  "avg_latency": 210.69743724619067,
  "total_data_points": 4200,
  "valid_data_points": 4200,
  "data_sources": 4,
  "active_alerts": 2805770,
  "market_signals": 102
}