{
  "timestamp": "2025-08-29T05:45:48.141178",
  "overall_quality": 1.0,
  "avg_latency": 184.12263838278722,
  "total_data_points": 3660,
  "valid_data_points": 3660,
  "data_sources": 4,
  "active_alerts": 2172716,
  "market_signals": 102
}