{
  "timestamp": "2025-08-29T16:52:42.020405",
  "overall_quality": 1.0,
  "avg_latency": 237.8542971315791,
  "total_data_points": 4560,
  "valid_data_points": 4560,
  "data_sources": 4,
  "active_alerts": 2458600,
  "market_signals": 101
}