{
  "timestamp": "2025-08-26T11:24:31.188558",
  "overall_quality": 1.0,
  "avg_latency": 163.81813243607607,
  "total_data_points": 3160,
  "valid_data_points": 3160,
  "data_sources": 4,
  "active_alerts": 457404,
  "market_signals": 101
}