{
  "timestamp": "2025-08-29T07:44:51.848911",
  "overall_quality": 1.0,
  "avg_latency": 156.0333366596669,
  "total_data_points": 3000,
  "valid_data_points": 3000,
  "data_sources": 4,
  "active_alerts": 2225117,
  "market_signals": 101
}