{
  "timestamp": "2025-08-28T07:01:51.846564",
  "overall_quality": 1.0,
  "avg_latency": 220.67605479424185,
  "total_data_points": 4238,
  "valid_data_points": 4238,
  "data_sources": 4,
  "active_alerts": 1580164,
  "market_signals": 101
}