{
  "timestamp": "2025-08-29T02:11:43.814171",
  "overall_quality": 1.0,
  "avg_latency": 212.88789610378296,
  "total_data_points": 4230,
  "valid_data_points": 4230,
  "data_sources": 4,
  "active_alerts": 2078091,
  "market_signals": 100
}