{
  "timestamp": "2025-08-28T22:59:40.138182",
  "overall_quality": 1.0,
  "avg_latency": 151.3560950358805,
  "total_data_points": 3010,
  "valid_data_points": 3010,
  "data_sources": 4,
  "active_alerts": 1993253,
  "market_signals": 102
}