{
  "timestamp": "2025-08-27T19:17:33.506024",
  "overall_quality": 1.0,
  "avg_latency": 244.40502006311158,
  "total_data_points": 4690,
  "valid_data_points": 4690,
  "data_sources": 4,
  "active_alerts": 1275270,
  "market_signals": 101
}