{
  "timestamp": "2025-08-27T20:07:41.898746",
  "overall_quality": 1.0,
  "avg_latency": 247.7709065890982,
  "total_data_points": 4770,
  "valid_data_points": 4770,
  "data_sources": 4,
  "active_alerts": 1296466,
  "market_signals": 102
}