{
  "timestamp": "2025-08-27T12:40:55.591174",
  "overall_quality": 1.0,
  "avg_latency": 197.32666147342047,
  "total_data_points": 3800,
  "valid_data_points": 3800,
  "data_sources": 4,
  "active_alerts": 1105741,
  "market_signals": 100
}