{
  "timestamp": "2025-08-28T00:03:56.272695",
  "overall_quality": 1.0,
  "avg_latency": 284.20599388427576,
  "total_data_points": 5660,
  "valid_data_points": 5660,
  "data_sources": 4,
  "active_alerts": 1398967,
  "market_signals": 103
}