{
  "timestamp": "2025-08-27T14:52:46.308204",
  "overall_quality": 1.0,
  "avg_latency": 252.2250279911248,
  "total_data_points": 4845,
  "valid_data_points": 4845,
  "data_sources": 4,
  "active_alerts": 1162142,
  "market_signals": 101
}