{
  "timestamp": "2025-08-28T17:47:34.069797",
  "overall_quality": 1.0,
  "avg_latency": 238.21968689673187,
  "total_data_points": 4590,
  "valid_data_points": 4590,
  "data_sources": 4,
  "active_alerts": 1856325,
  "market_signals": 100
}