{
  "timestamp": "2025-08-26T00:13:30.722459",
  "overall_quality": 1.0,
  "avg_latency": 287.11279202010775,
  "total_data_points": 5520,
  "valid_data_points": 5520,
  "data_sources": 4,
  "active_alerts": 172512,
  "market_signals": 100
}