{
  "timestamp": "2025-08-28T09:16:34.395274",
  "overall_quality": 1.0,
  "avg_latency": 211.13688783399027,
  "total_data_points": 4060,
  "valid_data_points": 4060,
  "data_sources": 4,
  "active_alerts": 1637579,
  "market_signals": 100
}