{
  "timestamp": "2025-08-27T07:02:32.169315",
  "overall_quality": 1.0,
  "avg_latency": 247.21153853557848,
  "total_data_points": 4750,
  "valid_data_points": 4750,
  "data_sources": 4,
  "active_alerts": 961054,
  "market_signals": 101
}