{
  "timestamp": "2025-08-26T09:41:44.065692",
  "overall_quality": 1.0,
  "avg_latency": 230.4495479559819,
  "total_data_points": 4430,
  "valid_data_points": 4430,
  "data_sources": 4,
  "active_alerts": 412861,
  "market_signals": 101
}