{
  "timestamp": "2025-08-27T08:09:42.146502",
  "overall_quality": 1.0,
  "avg_latency": 161.72506687916663,
  "total_data_points": 3120,
  "valid_data_points": 3120,
  "data_sources": 4,
  "active_alerts": 989387,
  "market_signals": 100
}