{
  "timestamp": "2025-08-29T22:54:44.472896",
  "overall_quality": 1.0,
  "avg_latency": 296.88630022081213,
  "total_data_points": 5910,
  "valid_data_points": 5910,
  "data_sources": 4,
  "active_alerts": 2615780,
  "market_signals": 104
}