{
  "timestamp": "2025-08-27T19:51:38.859286",
  "overall_quality": 1.0,
  "avg_latency": 216.92822321322112,
  "total_data_points": 4160,
  "valid_data_points": 4160,
  "data_sources": 4,
  "active_alerts": 1289594,
  "market_signals": 101
}