{
  "timestamp": "2025-08-30T01:29:47.649922",
  "overall_quality": 1.0,
  "avg_latency": 298.75074239124626,
  "total_data_points": 5940,
  "valid_data_points": 5940,
  "data_sources": 4,
  "active_alerts": 2684314,
  "market_signals": 100
}