{
  "timestamp": "2025-08-27T04:26:38.378940",
  "overall_quality": 1.0,
  "avg_latency": 221.46178788611883,
  "total_data_points": 4250,
  "valid_data_points": 4250,
  "data_sources": 4,
  "active_alerts": 893213,
  "market_signals": 104
}