{
  "timestamp": "2025-08-30T04:27:50.981826",
  "overall_quality": 1.0,
  "avg_latency": 239.37409219811315,
  "total_data_points": 4770,
  "valid_data_points": 4770,
  "data_sources": 4,
  "active_alerts": 2761555,
  "market_signals": 101
}