{
  "timestamp": "2025-08-25T20:19:38.513383",
  "overall_quality": 1.0,
  "avg_latency": 172.69733790909078,
  "total_data_points": 3300,
  "valid_data_points": 3300,
  "data_sources": 4,
  "active_alerts": 72347,
  "market_signals": 100
}