{
  "timestamp": "2025-08-25T20:17:38.179914",
  "overall_quality": 1.0,
  "avg_latency": 262.3786775215134,
  "total_data_points": 5020,
  "valid_data_points": 5020,
  "data_sources": 4,
  "active_alerts": 71457,
  "market_signals": 102
}