{
  "timestamp": "2025-08-29T16:55:42.739126",
  "overall_quality": 1.0,
  "avg_latency": 178.01574350380102,
  "total_data_points": 3420,
  "valid_data_points": 3420,
  "data_sources": 4,
  "active_alerts": 2459893,
  "market_signals": 100
}