{
  "timestamp": "2025-08-27T18:15:53.450610",
  "overall_quality": 1.0,
  "avg_latency": 194.4297044806965,
  "total_data_points": 3730,
  "valid_data_points": 3730,
  "data_sources": 4,
  "active_alerts": 1249086,
  "market_signals": 101
}