{
  "timestamp": "2025-08-30T07:37:54.588906",
  "overall_quality": 1.0,
  "avg_latency": 241.51329025666627,
  "total_data_points": 4800,
  "valid_data_points": 4800,
  "data_sources": 4,
  "active_alerts": 2845258,
  "market_signals": 106
}