{
  "timestamp": "2025-08-27T03:11:55.262552",
  "overall_quality": 1.0,
  "avg_latency": 229.9031786540724,
  "total_data_points": 4420,
  "valid_data_points": 4420,
  "data_sources": 4,
  "active_alerts": 860991,
  "market_signals": 101
}