{
  "timestamp": "2025-08-28T12:42:46.616134",
  "overall_quality": 1.0,
  "avg_latency": 245.9383902357137,
  "total_data_points": 4900,
  "valid_data_points": 4900,
  "data_sources": 4,
  "active_alerts": 1724735,
  "market_signals": 105
}