{
  "timestamp": "2025-08-25T17:39:52.055681",
  "overall_quality": 1.0,
  "avg_latency": 179.56801885307246,
  "total_data_points": 3580,
  "valid_data_points": 3580,
  "data_sources": 4,
  "active_alerts": 2528,
  "market_signals": 100
}