{
  "timestamp": "2025-08-29T23:16:44.966526",
  "overall_quality": 1.0,
  "avg_latency": 207.28933505520615,
  "total_data_points": 4130,
  "valid_data_points": 4130,
  "data_sources": 4,
  "active_alerts": 2625912,
  "market_signals": 102
}