{
  "timestamp": "2025-08-26T23:11:41.898226",
  "overall_quality": 1.0,
  "avg_latency": 224.52418956250003,
  "total_data_points": 4320,
  "valid_data_points": 4320,
  "data_sources": 4,
  "active_alerts": 758540,
  "market_signals": 100
}