{
  "timestamp": "2025-08-28T15:15:51.760973",
  "overall_quality": 1.0,
  "avg_latency": 188.81522487458548,
  "total_data_points": 3620,
  "valid_data_points": 3620,
  "data_sources": 4,
  "active_alerts": 1791488,
  "market_signals": 101
}