{
  "timestamp": "2025-08-29T19:21:30.960585",
  "overall_quality": 1.0,
  "avg_latency": 201.18683823953484,
  "total_data_points": 3870,
  "valid_data_points": 3870,
  "data_sources": 4,
  "active_alerts": 2522432,
  "market_signals": 102
}