{
  "timestamp": "2025-08-26T17:36:37.661528",
  "overall_quality": 1.0,
  "avg_latency": 224.28832974825946,
  "total_data_points": 4310,
  "valid_data_points": 4310,
  "data_sources": 4,
  "active_alerts": 616067,
  "market_signals": 102
}