{
  "timestamp": "2025-08-28T16:20:57.029629",
  "overall_quality": 1.0,
  "avg_latency": 190.57001143133436,
  "total_data_points": 3670,
  "valid_data_points": 3670,
  "data_sources": 4,
  "active_alerts": 1819420,
  "market_signals": 101
}