{
  "timestamp": "2025-08-29T06:26:49.149968",
  "overall_quality": 1.0,
  "avg_latency": 214.90433147230004,
  "total_data_points": 4260,
  "valid_data_points": 4260,
  "data_sources": 4,
  "active_alerts": 2190851,
  "market_signals": 100
}