{
  "timestamp": "2025-08-27T18:12:52.796655",
  "overall_quality": 1.0,
  "avg_latency": 254.0500997713697,
  "total_data_points": 4890,
  "valid_data_points": 4890,
  "data_sources": 4,
  "active_alerts": 1247798,
  "market_signals": 101
}