{
  "timestamp": "2025-08-26T15:15:41.508875",
  "overall_quality": 1.0,
  "avg_latency": 197.5595515710529,
  "total_data_points": 3800,
  "valid_data_points": 3800,
  "data_sources": 4,
  "active_alerts": 555558,
  "market_signals": 102
}