{
  "timestamp": "2025-08-26T20:33:42.310472",
  "overall_quality": 1.0,
  "avg_latency": 286.0313104963634,
  "total_data_points": 5500,
  "valid_data_points": 5500,
  "data_sources": 4,
  "active_alerts": 691802,
  "market_signals": 105
}