{
  "timestamp": "2025-08-27T21:25:51.258661",
  "overall_quality": 1.0,
  "avg_latency": 192.60309711517664,
  "total_data_points": 3690,
  "valid_data_points": 3690,
  "data_sources": 4,
  "active_alerts": 1329560,
  "market_signals": 105
}