{
  "timestamp": "2025-08-27T11:41:44.885440",
  "overall_quality": 1.0,
  "avg_latency": 222.17346914262316,
  "total_data_points": 4270,
  "valid_data_points": 4270,
  "data_sources": 4,
  "active_alerts": 1080815,
  "market_signals": 100
}