{
  "timestamp": "2025-08-30T04:31:51.048885",
  "overall_quality": 1.0,
  "avg_latency": 210.00869737362112,
  "total_data_points": 4170,
  "valid_data_points": 4170,
  "data_sources": 4,
  "active_alerts": 2763324,
  "market_signals": 101
}