{
  "timestamp": "2025-08-30T05:29:52.226009",
  "overall_quality": 1.0,
  "avg_latency": 150.2055612498329,
  "total_data_points": 2990,
  "valid_data_points": 2990,
  "data_sources": 4,
  "active_alerts": 2789246,
  "market_signals": 101
}