{
  "timestamp": "2025-08-27T00:47:59.372410",
  "overall_quality": 1.0,
  "avg_latency": 263.3665259367591,
  "total_data_points": 5060,
  "valid_data_points": 5060,
  "data_sources": 4,
  "active_alerts": 799308,
  "market_signals": 100
}