{
  "timestamp": "2025-08-25T22:39:41.390361",
  "overall_quality": 1.0,
  "avg_latency": 173.21836505945944,
  "total_data_points": 3330,
  "valid_data_points": 3330,
  "data_sources": 4,
  "active_alerts": 131744,
  "market_signals": 101
}