{
  "timestamp": "2025-08-26T17:40:38.729640",
  "overall_quality": 1.0,
  "avg_latency": 194.98379952005362,
  "total_data_points": 3740,
  "valid_data_points": 3740,
  "data_sources": 4,
  "active_alerts": 617819,
  "market_signals": 101
}