{
  "timestamp": "2025-08-28T01:51:58.363472",
  "overall_quality": 1.0,
  "avg_latency": 225.41010590066904,
  "total_data_points": 4480,
  "valid_data_points": 4480,
  "data_sources": 4,
  "active_alerts": 1446849,
  "market_signals": 100
}