{
  "timestamp": "2025-08-25T19:22:57.639345",
  "overall_quality": 1.0,
  "avg_latency": 272.8562320484681,
  "total_data_points": 5220,
  "valid_data_points": 5220,
  "data_sources": 4,
  "active_alerts": 48536,
  "market_signals": 100
}