{
  "timestamp": "2025-08-29T11:27:40.331911",
  "overall_quality": 1.0,
  "avg_latency": 239.13007173217366,
  "total_data_points": 4600,
  "valid_data_points": 4600,
  "data_sources": 4,
  "active_alerts": 2320910,
  "market_signals": 101
}