{
  "timestamp": "2025-08-29T15:14:31.512633",
  "overall_quality": 1.0,
  "avg_latency": 293.1005979122554,
  "total_data_points": 5630,
  "valid_data_points": 5630,
  "data_sources": 4,
  "active_alerts": 2417422,
  "market_signals": 102
}