{
  "timestamp": "2025-08-28T00:39:56.940600",
  "overall_quality": 1.0,
  "avg_latency": 164.53300066158565,
  "total_data_points": 3280,
  "valid_data_points": 3280,
  "data_sources": 4,
  "active_alerts": 1415036,
  "market_signals": 102
}