{
  "timestamp": "2025-08-28T13:55:48.001456",
  "overall_quality": 1.0,
  "avg_latency": 186.96793215876122,
  "total_data_points": 3710,
  "valid_data_points": 3710,
  "data_sources": 4,
  "active_alerts": 1757216,
  "market_signals": 102
}