{
  "timestamp": "2025-08-26T18:46:52.147476",
  "overall_quality": 1.0,
  "avg_latency": 231.11555602319828,
  "total_data_points": 4440,
  "valid_data_points": 4440,
  "data_sources": 4,
  "active_alerts": 646016,
  "market_signals": 101
}