{
  "timestamp": "2025-08-27T22:56:55.026717",
  "overall_quality": 1.0,
  "avg_latency": 223.92907286494352,
  "total_data_points": 4450,
  "valid_data_points": 4450,
  "data_sources": 4,
  "active_alerts": 1369604,
  "market_signals": 101
}