{
  "timestamp": "2025-08-25T23:37:51.648685",
  "overall_quality": 1.0,
  "avg_latency": 268.50024500505884,
  "total_data_points": 5140,
  "valid_data_points": 5140,
  "data_sources": 4,
  "active_alerts": 157187,
  "market_signals": 101
}