{
  "timestamp": "2025-08-29T10:45:36.698255",
  "overall_quality": 1.0,
  "avg_latency": 177.56134654281516,
  "total_data_points": 3410,
  "valid_data_points": 3410,
  "data_sources": 4,
  "active_alerts": 2302659,
  "market_signals": 102
}