{
  "timestamp": "2025-08-30T05:04:51.726603",
  "overall_quality": 1.0,
  "avg_latency": 150.2620422291945,
  "total_data_points": 2980,
  "valid_data_points": 2980,
  "data_sources": 4,
  "active_alerts": 2778018,
  "market_signals": 103
}