{
  "timestamp": "2025-08-25T21:25:53.258022",
  "overall_quality": 1.0,
  "avg_latency": 208.9587349472362,
  "total_data_points": 3980,
  "valid_data_points": 3980,
  "data_sources": 4,
  "active_alerts": 100752,
  "market_signals": 102
}