{
  "timestamp": "2025-08-26T08:17:58.397421",
  "overall_quality": 1.0,
  "avg_latency": 268.3823059587213,
  "total_data_points": 5160,
  "valid_data_points": 5160,
  "data_sources": 4,
  "active_alerts": 377393,
  "market_signals": 101
}