{
  "timestamp": "2025-08-30T04:25:50.952381",
  "overall_quality": 1.0,
  "avg_latency": 179.66966779944005,
  "total_data_points": 3570,
  "valid_data_points": 3570,
  "data_sources": 4,
  "active_alerts": 2760649,
  "market_signals": 102
}