{
  "timestamp": "2025-08-29T22:41:44.202261",
  "overall_quality": 1.0,
  "avg_latency": 206.8059377484105,
  "total_data_points": 4090,
  "valid_data_points": 4090,
  "data_sources": 4,
  "active_alerts": 2609891,
  "market_signals": 101
}