{
  "timestamp": "2025-08-29T05:15:47.475040",
  "overall_quality": 1.0,
  "avg_latency": 184.23493520684892,
  "total_data_points": 3650,
  "valid_data_points": 3650,
  "data_sources": 4,
  "active_alerts": 2159373,
  "market_signals": 102
}