{
  "timestamp": "2025-08-26T18:44:51.505313",
  "overall_quality": 1.0,
  "avg_latency": 170.8649505432925,
  "total_data_points": 3280,
  "valid_data_points": 3280,
  "data_sources": 4,
  "active_alerts": 645040,
  "market_signals": 100
}