{
  "timestamp": "2025-08-30T04:40:51.221370",
  "overall_quality": 1.0,
  "avg_latency": 179.63393451648017,
  "total_data_points": 3580,
  "valid_data_points": 3580,
  "data_sources": 4,
  "active_alerts": 2767214,
  "market_signals": 101
}