{
  "timestamp": "2025-08-27T19:56:39.681783",
  "overall_quality": 1.0,
  "avg_latency": 216.4996995796162,
  "total_data_points": 4170,
  "valid_data_points": 4170,
  "data_sources": 4,
  "active_alerts": 1291827,
  "market_signals": 100
}