{
  "timestamp": "2025-08-28T12:26:46.359648",
  "overall_quality": 1.0,
  "avg_latency": 215.81465926930207,
  "total_data_points": 4300,
  "valid_data_points": 4300,
  "data_sources": 4,
  "active_alerts": 1717935,
  "market_signals": 104
}