{
  "timestamp": "2025-08-26T07:55:54.077589",
  "overall_quality": 1.0,
  "avg_latency": 206.3329884312001,
  "total_data_points": 3968,
  "valid_data_points": 3968,
  "data_sources": 4,
  "active_alerts": 368121,
  "market_signals": 101
}