{
  "timestamp": "2025-08-27T10:16:31.658462",
  "overall_quality": 1.0,
  "avg_latency": 215.84983635384626,
  "total_data_points": 4160,
  "valid_data_points": 4160,
  "data_sources": 4,
  "active_alerts": 1043715,
  "market_signals": 100
}