{
  "timestamp": "2025-08-29T20:47:38.647897",
  "overall_quality": 1.0,
  "avg_latency": 234.54919795066255,
  "total_data_points": 4520,
  "valid_data_points": 4520,
  "data_sources": 4,
  "active_alerts": 2559476,
  "market_signals": 102
}