{
  "timestamp": "2025-08-28T11:14:43.591464",
  "overall_quality": 1.0,
  "avg_latency": 155.14545112055077,
  "total_data_points": 2978,
  "valid_data_points": 2978,
  "data_sources": 4,
  "active_alerts": 1687153,
  "market_signals": 100
}