{
  "timestamp": "2025-08-27T14:00:38.073844",
  "overall_quality": 1.0,
  "avg_latency": 188.05084223204418,
  "total_data_points": 3620,
  "valid_data_points": 3620,
  "data_sources": 4,
  "active_alerts": 1140218,
  "market_signals": 100
}