{
  "timestamp": "2025-08-28T08:08:58.411257",
  "overall_quality": 1.0,
  "avg_latency": 283.31378494448444,
  "total_data_points": 5440,
  "valid_data_points": 5440,
  "data_sources": 4,
  "active_alerts": 1608466,
  "market_signals": 105
}