{
  "timestamp": "2025-08-27T14:35:43.993963",
  "overall_quality": 1.0,
  "avg_latency": 191.12939433433223,
  "total_data_points": 3670,
  "valid_data_points": 3670,
  "data_sources": 4,
  "active_alerts": 1155159,
  "market_signals": 101
}