{
  "timestamp": "2025-08-28T14:01:48.137303",
  "overall_quality": 1.0,
  "avg_latency": 216.9140600410671,
  "total_data_points": 4310,
  "valid_data_points": 4310,
  "data_sources": 4,
  "active_alerts": 1759894,
  "market_signals": 100
}