{
  "timestamp": "2025-08-29T08:18:54.564720",
  "overall_quality": 1.0,
  "avg_latency": 277.09487491296926,
  "total_data_points": 5320,
  "valid_data_points": 5320,
  "data_sources": 4,
  "active_alerts": 2239961,
  "market_signals": 100
}