{
  "timestamp": "2025-08-26T13:13:50.463172",
  "overall_quality": 1.0,
  "avg_latency": 292.69801275248267,
  "total_data_points": 5640,
  "valid_data_points": 5640,
  "data_sources": 4,
  "active_alerts": 503097,
  "market_signals": 101
}