{
  "timestamp": "2025-08-28T11:48:45.740880",
  "overall_quality": 1.0,
  "avg_latency": 273.3222361022268,
  "total_data_points": 5390,
  "valid_data_points": 5390,
  "data_sources": 4,
  "active_alerts": 1701416,
  "market_signals": 102
}