{
  "timestamp": "2025-08-30T08:35:55.677214",
  "overall_quality": 1.0,
  "avg_latency": 181.67313082762425,
  "total_data_points": 3620,
  "valid_data_points": 3620,
  "data_sources": 4,
  "active_alerts": 2870876,
  "market_signals": 101
}