{
  "timestamp": "2025-08-29T14:02:55.026896",
  "overall_quality": 1.0,
  "avg_latency": 245.47919682182246,
  "total_data_points": 4720,
  "valid_data_points": 4720,
  "data_sources": 4,
  "active_alerts": 2386901,
  "market_signals": 100
}