{
  "timestamp": "2025-08-26T18:42:50.870118",
  "overall_quality": 1.0,
  "avg_latency": 260.9870278552888,
  "total_data_points": 5010,
  "valid_data_points": 5010,
  "data_sources": 4,
  "active_alerts": 644281,
  "market_signals": 101
}