{
  "timestamp": "2025-08-28T01:30:57.922458",
  "overall_quality": 1.0,
  "avg_latency": 195.03168225773194,
  "total_data_points": 3880,
  "valid_data_points": 3880,
  "data_sources": 4,
  "active_alerts": 1437620,
  "market_signals": 101
}