{
  "timestamp": "2025-08-26T02:31:55.353687",
  "overall_quality": 1.0,
  "avg_latency": 238.48409708496777,
  "total_data_points": 4590,
  "valid_data_points": 4590,
  "data_sources": 4,
  "active_alerts": 230496,
  "market_signals": 101
}