{
  "timestamp": "2025-08-27T20:39:46.543606",
  "overall_quality": 1.0,
  "avg_latency": 160.08447485714316,
  "total_data_points": 3080,
  "valid_data_points": 3080,
  "data_sources": 4,
  "active_alerts": 1309898,
  "market_signals": 101
}