{
  "timestamp": "2025-08-26T05:12:54.802702",
  "overall_quality": 1.0,
  "avg_latency": 267.8775649046605,
  "total_data_points": 5150,
  "valid_data_points": 5150,
  "data_sources": 4,
  "active_alerts": 297965,
  "market_signals": 100
}