{
  "timestamp": "2025-08-26T04:38:48.868261",
  "overall_quality": 1.0,
  "avg_latency": 294.50481947407343,
  "total_data_points": 5670,
  "valid_data_points": 5670,
  "data_sources": 4,
  "active_alerts": 283576,
  "market_signals": 101
}