{
  "timestamp": "2025-08-26T16:12:52.146688",
  "overall_quality": 1.0,
  "avg_latency": 262.36330822599155,
  "total_data_points": 5040,
  "valid_data_points": 5040,
  "data_sources": 4,
  "active_alerts": 579929,
  "market_signals": 102
}