{
  "timestamp": "2025-08-27T03:23:57.517860",
  "overall_quality": 1.0,
  "avg_latency": 290.71959224125175,
  "total_data_points": 5600,
  "valid_data_points": 5600,
  "data_sources": 4,
  "active_alerts": 866469,
  "market_signals": 102
}