{
  "timestamp": "2025-08-27T06:52:31.028129",
  "overall_quality": 1.0,
  "avg_latency": 246.6846894666659,
  "total_data_points": 4740,
  "valid_data_points": 4740,
  "data_sources": 4,
  "active_alerts": 956805,
  "market_signals": 101
}