{
  "timestamp": "2025-08-28T14:03:48.187189",
  "overall_quality": 1.0,
  "avg_latency": 277.0585457854539,
  "total_data_points": 5500,
  "valid_data_points": 5500,
  "data_sources": 4,
  "active_alerts": 1760815,
  "market_signals": 103
}