{
  "timestamp": "2025-08-29T18:02:51.449121",
  "overall_quality": 1.0,
  "avg_latency": 241.66593444967708,
  "total_data_points": 4650,
  "valid_data_points": 4650,
  "data_sources": 4,
  "active_alerts": 2488413,
  "market_signals": 100
}