{
  "timestamp": "2025-08-28T01:56:58.473914",
  "overall_quality": 1.0,
  "avg_latency": 225.26780924138674,
  "total_data_points": 4470,
  "valid_data_points": 4470,
  "data_sources": 4,
  "active_alerts": 1449256,
  "market_signals": 101
}