{
  "timestamp": "2025-08-28T10:12:38.791635",
  "overall_quality": 1.0,
  "avg_latency": 242.76561010107338,
  "total_data_points": 4660,
  "valid_data_points": 4660,
  "data_sources": 4,
  "active_alerts": 1661071,
  "market_signals": 102
}