{
  "timestamp": "2025-08-27T04:02:34.467889",
  "overall_quality": 1.0,
  "avg_latency": 249.5809171258876,
  "total_data_points": 4790,
  "valid_data_points": 4790,
  "data_sources": 4,
  "active_alerts": 882685,
  "market_signals": 100
}