{
  "timestamp": "2025-08-28T20:14:36.995473",
  "overall_quality": 1.0,
  "avg_latency": 299.6360160011747,
  "total_data_points": 5960,
  "valid_data_points": 5960,
  "data_sources": 4,
  "active_alerts": 1919909,
  "market_signals": 101
}