{
  "timestamp": "2025-08-25T20:43:44.268819",
  "overall_quality": 1.0,
  "avg_latency": 295.65652330141944,
  "total_data_points": 5640,
  "valid_data_points": 5640,
  "data_sources": 4,
  "active_alerts": 82619,
  "market_signals": 101
}