{
  "timestamp": "2025-08-26T12:07:38.173810",
  "overall_quality": 1.0,
  "avg_latency": 256.8056733642433,
  "total_data_points": 4950,
  "valid_data_points": 4950,
  "data_sources": 4,
  "active_alerts": 475712,
  "market_signals": 102
}