{
  "timestamp": "2025-08-27T00:07:52.792459",
  "overall_quality": 1.0,
  "avg_latency": 259.90328552164317,
  "total_data_points": 4990,
  "valid_data_points": 4990,
  "data_sources": 4,
  "active_alerts": 782020,
  "market_signals": 100
}