{
  "timestamp": "2025-08-26T10:31:51.862089",
  "overall_quality": 1.0,
  "avg_latency": 234.77446624944514,
  "total_data_points": 4510,
  "valid_data_points": 4510,
  "data_sources": 4,
  "active_alerts": 434463,
  "market_signals": 100
}