{
  "timestamp": "2025-08-26T15:07:40.542451",
  "overall_quality": 1.0,
  "avg_latency": 257.00285803636336,
  "total_data_points": 4950,
  "valid_data_points": 4950,
  "data_sources": 4,
  "active_alerts": 552284,
  "market_signals": 101
}