{
  "timestamp": "2025-08-27T17:36:46.567014",
  "overall_quality": 1.0,
  "avg_latency": 220.90034964588224,
  "total_data_points": 4250,
  "valid_data_points": 4250,
  "data_sources": 4,
  "active_alerts": 1232201,
  "market_signals": 103
}