{
  "timestamp": "2025-08-28T08:46:31.992964",
  "overall_quality": 1.0,
  "avg_latency": 210.36803350495,
  "total_data_points": 4040,
  "valid_data_points": 4040,
  "data_sources": 4,
  "active_alerts": 1624435,
  "market_signals": 100
}