{
  "timestamp": "2025-08-26T21:38:54.169153",
  "overall_quality": 1.0,
  "avg_latency": 291.67042303160633,
  "total_data_points": 5600,
  "valid_data_points": 5600,
  "data_sources": 4,
  "active_alerts": 719366,
  "market_signals": 103
}