{
  "timestamp": "2025-08-29T19:59:34.149792",
  "overall_quality": 1.0,
  "avg_latency": 292.9638706614572,
  "total_data_points": 5630,
  "valid_data_points": 5630,
  "data_sources": 4,
  "active_alerts": 2538795,
  "market_signals": 101
}