{
  "timestamp": "2025-08-28T13:30:47.557128",
  "overall_quality": 1.0,
  "avg_latency": 186.67049410431235,
  "total_data_points": 3710,
  "valid_data_points": 3710,
  "data_sources": 4,
  "active_alerts": 1745927,
  "market_signals": 102
}