{
  "timestamp": "2025-08-26T15:29:43.987043",
  "overall_quality": 1.0,
  "avg_latency": 168.8248883307691,
  "total_data_points": 3250,
  "valid_data_points": 3250,
  "data_sources": 4,
  "active_alerts": 561661,
  "market_signals": 100
}