{
  "timestamp": "2025-08-29T05:55:48.380481",
  "overall_quality": 1.0,
  "avg_latency": 184.34751561502742,
  "total_data_points": 3660,
  "valid_data_points": 3660,
  "data_sources": 4,
  "active_alerts": 2176917,
  "market_signals": 100
}