{
  "timestamp": "2025-08-27T20:37:46.401024",
  "overall_quality": 1.0,
  "avg_latency": 250.10706504354195,
  "total_data_points": 4800,
  "valid_data_points": 4800,
  "data_sources": 4,
  "active_alerts": 1308924,
  "market_signals": 102
}