{
  "timestamp": "2025-08-26T05:25:57.503429",
  "overall_quality": 1.0,
  "avg_latency": 208.7922522786067,
  "total_data_points": 4020,
  "valid_data_points": 4020,
  "data_sources": 4,
  "active_alerts": 303414,
  "market_signals": 101
}