{
  "timestamp": "2025-08-29T12:47:48.403940",
  "overall_quality": 1.0,
  "avg_latency": 242.36225767053728,
  "total_data_points": 4650,
  "valid_data_points": 4650,
  "data_sources": 4,
  "active_alerts": 2354978,
  "market_signals": 100
}