{
  "timestamp": "2025-08-30T03:46:50.221878",
  "overall_quality": 1.0,
  "avg_latency": 209.68722610167853,
  "total_data_points": 4170,
  "valid_data_points": 4170,
  "data_sources": 4,
  "active_alerts": 2744083,
  "market_signals": 101
}