{
  "timestamp": "2025-08-27T11:49:46.303336",
  "overall_quality": 1.0,
  "avg_latency": 163.16160775668808,
  "total_data_points": 3140,
  "valid_data_points": 3140,
  "data_sources": 4,
  "active_alerts": 1084259,
  "market_signals": 101
}