{
  "timestamp": "2025-08-26T09:37:43.267427",
  "overall_quality": 1.0,
  "avg_latency": 260.8036225724005,
  "total_data_points": 5000,
  "valid_data_points": 5000,
  "data_sources": 4,
  "active_alerts": 411072,
  "market_signals": 101
}