{
  "timestamp": "2025-08-27T07:37:37.435036",
  "overall_quality": 1.0,
  "avg_latency": 249.88464111354133,
  "total_data_points": 4800,
  "valid_data_points": 4800,
  "data_sources": 4,
  "active_alerts": 975962,
  "market_signals": 101
}