{
  "timestamp": "2025-08-26T05:05:53.549043",
  "overall_quality": 1.0,
  "avg_latency": 206.59958892311545,
  "total_data_points": 3980,
  "valid_data_points": 3980,
  "data_sources": 4,
  "active_alerts": 294880,
  "market_signals": 103
}