{
  "timestamp": "2025-08-26T06:59:44.230340",
  "overall_quality": 1.0,
  "avg_latency": 171.72339621268873,
  "total_data_points": 3310,
  "valid_data_points": 3310,
  "data_sources": 4,
  "active_alerts": 343266,
  "market_signals": 102
}