{
  "timestamp": "2025-08-30T07:40:54.634890",
  "overall_quality": 1.0,
  "avg_latency": 181.2108532094443,
  "total_data_points": 3600,
  "valid_data_points": 3600,
  "data_sources": 4,
  "active_alerts": 2846808,
  "market_signals": 104
}