{
  "timestamp": "2025-08-25T17:53:52.470447",
  "overall_quality": 1.0,
  "avg_latency": 150.22807063791916,
  "total_data_points": 2980,
  "valid_data_points": 2980,
  "data_sources": 4,
  "active_alerts": 8812,
  "market_signals": 103
}