{
  "timestamp": "2025-08-27T18:38:57.356746",
  "overall_quality": 1.0,
  "avg_latency": 286.04072775345446,
  "total_data_points": 5500,
  "valid_data_points": 5500,
  "data_sources": 4,
  "active_alerts": 1258911,
  "market_signals": 100
}