{
  "timestamp": "2025-08-27T10:17:31.830342",
  "overall_quality": 1.0,
  "avg_latency": 246.38007307589987,
  "total_data_points": 4730,
  "valid_data_points": 4730,
  "data_sources": 4,
  "active_alerts": 1044163,
  "market_signals": 101
}