{
  "timestamp": "2025-08-29T05:00:47.129224",
  "overall_quality": 1.0,
  "avg_latency": 184.08750022759574,
  "total_data_points": 3660,
  "valid_data_points": 3660,
  "data_sources": 4,
  "active_alerts": 2152578,
  "market_signals": 101
}