{
  "timestamp": "2025-08-28T16:37:58.466490",
  "overall_quality": 1.0,
  "avg_latency": 251.6712707892111,
  "total_data_points": 4820,
  "valid_data_points": 4820,
  "data_sources": 4,
  "active_alerts": 1826828,
  "market_signals": 102
}