{
  "timestamp": "2025-08-26T09:36:43.186053",
  "overall_quality": 1.0,
  "avg_latency": 230.4098874720091,
  "total_data_points": 4430,
  "valid_data_points": 4430,
  "data_sources": 4,
  "active_alerts": 410650,
  "market_signals": 102
}