{
  "timestamp": "2025-08-26T08:10:57.365475",
  "overall_quality": 1.0,
  "avg_latency": 208.15788566666697,
  "total_data_points": 3990,
  "valid_data_points": 3990,
  "data_sources": 4,
  "active_alerts": 374547,
  "market_signals": 101
}