{
  "timestamp": "2025-08-29T03:26:45.278327",
  "overall_quality": 1.0,
  "avg_latency": 213.39670199504678,
  "total_data_points": 4240,
  "valid_data_points": 4240,
  "data_sources": 4,
  "active_alerts": 2111625,
  "market_signals": 100
}