{
  "timestamp": "2025-08-26T22:03:58.953861",
  "overall_quality": 1.0,
  "avg_latency": 293.28580729982235,
  "total_data_points": 5630,
  "valid_data_points": 5630,
  "data_sources": 4,
  "active_alerts": 730403,
  "market_signals": 101
}