{
  "timestamp": "2025-08-30T03:43:50.172148",
  "overall_quality": 1.0,
  "avg_latency": 269.42282259309616,
  "total_data_points": 5360,
  "valid_data_points": 5360,
  "data_sources": 4,
  "active_alerts": 2742825,
  "market_signals": 101
}