{
  "timestamp": "2025-08-28T19:04:35.684203",
  "overall_quality": 1.0,
  "avg_latency": 299.1949486813457,
  "total_data_points": 5950,
  "valid_data_points": 5950,
  "data_sources": 4,
  "active_alerts": 1889578,
  "market_signals": 103
}