{
  "timestamp": "2025-08-29T16:10:37.261065",
  "overall_quality": 1.0,
  "avg_latency": 175.44425142840228,
  "total_data_points": 3380,
  "valid_data_points": 3380,
  "data_sources": 4,
  "active_alerts": 2440986,
  "market_signals": 101
}