{
  "timestamp": "2025-08-26T23:04:40.310764",
  "overall_quality": 1.0,
  "avg_latency": 164.17118021301542,
  "total_data_points": 3150,
  "valid_data_points": 3150,
  "data_sources": 4,
  "active_alerts": 755625,
  "market_signals": 101
}