{
  "timestamp": "2025-08-30T07:45:54.720418",
  "overall_quality": 1.0,
  "avg_latency": 181.15475321412728,
  "total_data_points": 3610,
  "valid_data_points": 3610,
  "data_sources": 4,
  "active_alerts": 2849098,
  "market_signals": 102
}