{
  "timestamp": "2025-08-27T02:12:44.003966",
  "overall_quality": 1.0,
  "avg_latency": 255.16555190651744,
  "total_data_points": 4910,
  "valid_data_points": 4910,
  "data_sources": 4,
  "active_alerts": 836028,
  "market_signals": 101
}