{
  "timestamp": "2025-08-26T19:05:55.750723",
  "overall_quality": 1.0,
  "avg_latency": 202.92018871641073,
  "total_data_points": 3900,
  "valid_data_points": 3900,
  "data_sources": 4,
  "active_alerts": 654295,
  "market_signals": 103
}