{
  "timestamp": "2025-08-28T19:12:35.841304",
  "overall_quality": 1.0,
  "avg_latency": 239.74479526344626,
  "total_data_points": 4760,
  "valid_data_points": 4760,
  "data_sources": 4,
  "active_alerts": 1893018,
  "market_signals": 102
}