{
  "timestamp": "2025-08-27T09:32:54.642418",
  "overall_quality": 1.0,
  "avg_latency": 257.9579379521212,
  "total_data_points": 4950,
  "valid_data_points": 4950,
  "data_sources": 4,
  "active_alerts": 1025091,
  "market_signals": 102
}