{
  "timestamp": "2025-08-29T16:28:39.507899",
  "overall_quality": 1.0,
  "avg_latency": 266.90621659610184,
  "total_data_points": 5130,
  "valid_data_points": 5130,
  "data_sources": 4,
  "active_alerts": 2448332,
  "market_signals": 102
}