{
  "timestamp": "2025-08-27T14:30:43.104563",
  "overall_quality": 1.0,
  "avg_latency": 190.75025309236992,
  "total_data_points": 3670,
  "valid_data_points": 3670,
  "data_sources": 4,
  "active_alerts": 1153071,
  "market_signals": 101
}