{
  "timestamp": "2025-08-26T11:37:33.358052",
  "overall_quality": 1.0,
  "avg_latency": 254.8670783544892,
  "total_data_points": 4900,
  "valid_data_points": 4900,
  "data_sources": 4,
  "active_alerts": 463143,
  "market_signals": 101
}