{
  "timestamp": "2025-08-27T22:19:54.343590",
  "overall_quality": 1.0,
  "avg_latency": 163.9385770350769,
  "total_data_points": 3250,
  "valid_data_points": 3250,
  "data_sources": 4,
  "active_alerts": 1353478,
  "market_signals": 102
}