{
  "timestamp": "2025-08-26T10:58:56.149901",
  "overall_quality": 1.0,
  "avg_latency": 296.1158697833336,
  "total_data_points": 5700,
  "valid_data_points": 5700,
  "data_sources": 4,
  "active_alerts": 445742,
  "market_signals": 102
}