{
  "timestamp": "2025-08-29T08:25:55.109568",
  "overall_quality": 1.0,
  "avg_latency": 186.914853668889,
  "total_data_points": 3600,
  "valid_data_points": 3600,
  "data_sources": 4,
  "active_alerts": 2242933,
  "market_signals": 100
}