{
  "timestamp": "2025-08-26T03:18:32.946032",
  "overall_quality": 1.0,
  "avg_latency": 287.1077526542497,
  "total_data_points": 5530,
  "valid_data_points": 5530,
  "data_sources": 4,
  "active_alerts": 250212,
  "market_signals": 100
}