{
  "timestamp": "2025-08-26T16:32:56.058428",
  "overall_quality": 1.0,
  "avg_latency": 264.19825821654206,
  "total_data_points": 5066,
  "valid_data_points": 5066,
  "data_sources": 4,
  "active_alerts": 588782,
  "market_signals": 101
}