{
  "timestamp": "2025-08-28T17:10:31.105995",
  "overall_quality": 1.0,
  "avg_latency": 177.21798018709683,
  "total_data_points": 3410,
  "valid_data_points": 3410,
  "data_sources": 4,
  "active_alerts": 1840573,
  "market_signals": 100
}