{
  "timestamp": "2025-08-26T01:57:48.616033",
  "overall_quality": 1.0,
  "avg_latency": 265.43454439803884,
  "total_data_points": 5100,
  "valid_data_points": 5100,
  "data_sources": 4,
  "active_alerts": 215851,
  "market_signals": 100
}