{
  "timestamp": "2025-08-29T01:29:42.944767",
  "overall_quality": 1.0,
  "avg_latency": 152.31060986171607,
  "total_data_points": 3030,
  "valid_data_points": 3030,
  "data_sources": 4,
  "active_alerts": 2059834,
  "market_signals": 101
}