{
  "timestamp": "2025-08-28T17:51:34.248647",
  "overall_quality": 1.0,
  "avg_latency": 208.5476503820896,
  "total_data_points": 4020,
  "valid_data_points": 4020,
  "data_sources": 4,
  "active_alerts": 1858001,
  "market_signals": 105
}