{
  "timestamp": "2025-08-29T21:21:41.446901",
  "overall_quality": 1.0,
  "avg_latency": 205.58543416338364,
  "total_data_points": 3960,
  "valid_data_points": 3960,
  "data_sources": 4,
  "active_alerts": 2574209,
  "market_signals": 102
}