{
  "timestamp": "2025-08-30T02:51:49.254844",
  "overall_quality": 1.0,
  "avg_latency": 208.884127649039,
  "total_data_points": 4160,
  "valid_data_points": 4160,
  "data_sources": 4,
  "active_alerts": 2720735,
  "market_signals": 101
}