{
  "timestamp": "2025-08-29T15:12:31.286033",
  "overall_quality": 1.0,
  "avg_latency": 232.6725638723213,
  "total_data_points": 4480,
  "valid_data_points": 4480,
  "data_sources": 4,
  "active_alerts": 2416619,
  "market_signals": 100
}