{
  "timestamp": "2025-08-29T14:25:57.255899",
  "overall_quality": 1.0,
  "avg_latency": 186.1916584571029,
  "total_data_points": 3590,
  "valid_data_points": 3590,
  "data_sources": 4,
  "active_alerts": 2397071,
  "market_signals": 101
}