{
  "timestamp": "2025-08-29T03:52:45.728711",
  "overall_quality": 1.0,
  "avg_latency": 243.38105896198357,
  "total_data_points": 4840,
  "valid_data_points": 4840,
  "data_sources": 4,
  "active_alerts": 2123054,
  "market_signals": 103
}