{
  "timestamp": "2025-08-26T10:09:48.074529",
  "overall_quality": 1.0,
  "avg_latency": 172.69061616867467,
  "total_data_points": 3320,
  "valid_data_points": 3320,
  "data_sources": 4,
  "active_alerts": 424720,
  "market_signals": 100
}