{
  "timestamp": "2025-08-27T21:26:51.426231",
  "overall_quality": 1.0,
  "avg_latency": 222.58634102014034,
  "total_data_points": 4270,
  "valid_data_points": 4270,
  "data_sources": 4,
  "active_alerts": 1329936,
  "market_signals": 100
}