{
  "timestamp": "2025-08-27T19:09:32.623390",
  "overall_quality": 1.0,
  "avg_latency": 153.59805214203428,
  "total_data_points": 2950,
  "valid_data_points": 2950,
  "data_sources": 4,
  "active_alerts": 1271845,
  "market_signals": 100
}