{
  "timestamp": "2025-08-28T15:43:54.241498",
  "overall_quality": 1.0,
  "avg_latency": 279.41579918992545,
  "total_data_points": 5360,
  "valid_data_points": 5360,
  "data_sources": 4,
  "active_alerts": 1803265,
  "market_signals": 103
}