{
  "timestamp": "2025-08-27T12:31:53.758162",
  "overall_quality": 1.0,
  "avg_latency": 226.71431526903598,
  "total_data_points": 4360,
  "valid_data_points": 4360,
  "data_sources": 4,
  "active_alerts": 1101780,
  "market_signals": 102
}