{
  "timestamp": "2025-08-29T13:58:54.697333",
  "overall_quality": 1.0,
  "avg_latency": 275.0720537960304,
  "total_data_points": 5290,
  "valid_data_points": 5290,
  "data_sources": 4,
  "active_alerts": 2385240,
  "market_signals": 101
}