{
  "timestamp": "2025-08-26T14:29:34.165955",
  "overall_quality": 1.0,
  "avg_latency": 163.8084680841775,
  "total_data_points": 3160,
  "valid_data_points": 3160,
  "data_sources": 4,
  "active_alerts": 535956,
  "market_signals": 104
}