{
  "timestamp": "2025-08-27T12:11:50.697357",
  "overall_quality": 1.0,
  "avg_latency": 225.37564329921443,
  "total_data_points": 4328,
  "valid_data_points": 4328,
  "data_sources": 4,
  "active_alerts": 1093832,
  "market_signals": 101
}