{
  "timestamp": "2025-08-29T09:03:58.067413",
  "overall_quality": 1.0,
  "avg_latency": 278.5671797057832,
  "total_data_points": 5360,
  "valid_data_points": 5360,
  "data_sources": 4,
  "active_alerts": 2258939,
  "market_signals": 100
}