{
  "timestamp": "2025-08-28T20:34:37.351795",
  "overall_quality": 1.0,
  "avg_latency": 300.1412897486576,
  "total_data_points": 5960,
  "valid_data_points": 5960,
  "data_sources": 4,
  "active_alerts": 1928455,
  "market_signals": 101
}