{
  "timestamp": "2025-08-30T06:37:53.542005",
  "overall_quality": 1.0,
  "avg_latency": 240.74996220939516,
  "total_data_points": 4790,
  "valid_data_points": 4790,
  "data_sources": 4,
  "active_alerts": 2819016,
  "market_signals": 101
}