{
  "timestamp": "2025-08-26T06:58:44.153794",
  "overall_quality": 1.0,
  "avg_latency": 291.5336510311944,
  "total_data_points": 5610,
  "valid_data_points": 5610,
  "data_sources": 4,
  "active_alerts": 342794,
  "market_signals": 104
}