{
  "timestamp": "2025-08-28T04:21:35.998484",
  "overall_quality": 1.0,
  "avg_latency": 213.59970882767007,
  "total_data_points": 4120,
  "valid_data_points": 4120,
  "data_sources": 4,
  "active_alerts": 1511949,
  "market_signals": 102
}