{
  "timestamp": "2025-08-30T07:11:54.135703",
  "overall_quality": 1.0,
  "avg_latency": 211.57303170809521,
  "total_data_points": 4200,
  "valid_data_points": 4200,
  "data_sources": 4,
  "active_alerts": 2834247,
  "market_signals": 100
}