{
  "timestamp": "2025-08-29T20:35:37.046556",
  "overall_quality": 1.0,
  "avg_latency": 173.97554640059695,
  "total_data_points": 3350,
  "valid_data_points": 3350,
  "data_sources": 4,
  "active_alerts": 2554167,
  "market_signals": 100
}