{
  "timestamp": "2025-08-29T20:06:34.710267",
  "overall_quality": 1.0,
  "avg_latency": 202.87529288746805,
  "total_data_points": 3910,
  "valid_data_points": 3910,
  "data_sources": 4,
  "active_alerts": 2542008,
  "market_signals": 100
}