{
  "timestamp": "2025-08-28T06:48:50.740948",
  "overall_quality": 1.0,
  "avg_latency": 280.18446639350697,
  "total_data_points": 5390,
  "valid_data_points": 5390,
  "data_sources": 4,
  "active_alerts": 1574959,
  "market_signals": 102
}