{
  "timestamp": "2025-08-30T04:13:50.737647",
  "overall_quality": 1.0,
  "avg_latency": 269.91654268696567,
  "total_data_points": 5370,
  "valid_data_points": 5370,
  "data_sources": 4,
  "active_alerts": 2755539,
  "market_signals": 102
}