{
  "timestamp": "2025-08-25T20:09:36.616745",
  "overall_quality": 1.0,
  "avg_latency": 172.05582047355605,
  "total_data_points": 3290,
  "valid_data_points": 3290,
  "data_sources": 4,
  "active_alerts": 67882,
  "market_signals": 101
}