{
  "timestamp": "2025-08-27T12:13:50.949530",
  "overall_quality": 1.0,
  "avg_latency": 285.32960514048887,
  "total_data_points": 5488,
  "valid_data_points": 5488,
  "data_sources": 4,
  "active_alerts": 1094599,
  "market_signals": 102
}