{
  "timestamp": "2025-08-27T04:07:35.117802",
  "overall_quality": 1.0,
  "avg_latency": 250.05769789770895,
  "total_data_points": 4800,
  "valid_data_points": 4800,
  "data_sources": 4,
  "active_alerts": 884902,
  "market_signals": 102
}