{
  "timestamp": "2025-08-29T05:28:47.767708",
  "overall_quality": 1.0,
  "avg_latency": 274.1823848067889,
  "total_data_points": 5450,
  "valid_data_points": 5450,
  "data_sources": 4,
  "active_alerts": 2165121,
  "market_signals": 102
}