{
  "timestamp": "2025-08-30T07:54:54.883109",
  "overall_quality": 1.0,
  "avg_latency": 151.1362306724253,
  "total_data_points": 3010,
  "valid_data_points": 3010,
  "data_sources": 4,
  "active_alerts": 2853153,
  "market_signals": 101
}