{
  "timestamp": "2025-08-29T01:01:42.374990",
  "overall_quality": 1.0,
  "avg_latency": 212.04425994940647,
  "total_data_points": 4210,
  "valid_data_points": 4210,
  "data_sources": 4,
  "active_alerts": 2047857,
  "market_signals": 101
}