{
  "timestamp": "2025-08-29T09:40:31.527897",
  "overall_quality": 1.0,
  "avg_latency": 175.02441348630933,
  "total_data_points": 3360,
  "valid_data_points": 3360,
  "data_sources": 4,
  "active_alerts": 2274721,
  "market_signals": 101
}