{
  "timestamp": "2025-08-26T23:06:40.796480",
  "overall_quality": 1.0,
  "avg_latency": 224.356917902784,
  "total_data_points": 4310,
  "valid_data_points": 4310,
  "data_sources": 4,
  "active_alerts": 756353,
  "market_signals": 101
}