{
  "timestamp": "2025-08-29T21:59:43.173783",
  "overall_quality": 1.0,
  "avg_latency": 296.7603698506779,
  "total_data_points": 5900,
  "valid_data_points": 5900,
  "data_sources": 4,
  "active_alerts": 2590579,
  "market_signals": 101
}