{
  "timestamp": "2025-08-25T20:04:35.811459",
  "overall_quality": 1.0,
  "avg_latency": 171.36942864316111,
  "total_data_points": 3290,
  "valid_data_points": 3290,
  "data_sources": 4,
  "active_alerts": 65802,
  "market_signals": 101
}