{
  "timestamp": "2025-08-27T20:40:46.628712",
  "overall_quality": 1.0,
  "avg_latency": 189.97058976120243,
  "total_data_points": 3660,
  "valid_data_points": 3660,
  "data_sources": 4,
  "active_alerts": 1310364,
  "market_signals": 100
}