{
  "timestamp": "2025-08-29T16:56:42.880909",
  "overall_quality": 1.0,
  "avg_latency": 208.00044612049984,
  "total_data_points": 4000,
  "valid_data_points": 4000,
  "data_sources": 4,
  "active_alerts": 2460357,
  "market_signals": 104
}