{
  "timestamp": "2025-08-26T13:15:50.877099",
  "overall_quality": 1.0,
  "avg_latency": 203.147609129231,
  "total_data_points": 3900,
  "valid_data_points": 3900,
  "data_sources": 4,
  "active_alerts": 504066,
  "market_signals": 101
}