{
  "timestamp": "2025-08-29T11:53:42.799257",
  "overall_quality": 1.0,
  "avg_latency": 270.2889227693642,
  "total_data_points": 5190,
  "valid_data_points": 5190,
  "data_sources": 4,
  "active_alerts": 2332078,
  "market_signals": 100
}