{
  "timestamp": "2025-08-28T17:23:32.398880",
  "overall_quality": 1.0,
  "avg_latency": 268.0129995986406,
  "total_data_points": 5150,
  "valid_data_points": 5150,
  "data_sources": 4,
  "active_alerts": 1846100,
  "market_signals": 100
}