{
  "timestamp": "2025-08-30T06:04:52.970611",
  "overall_quality": 1.0,
  "avg_latency": 150.9857929790001,
  "total_data_points": 3000,
  "valid_data_points": 3000,
  "data_sources": 4,
  "active_alerts": 2804846,
  "market_signals": 102
}