{
  "timestamp": "2025-08-29T07:35:51.364613",
  "overall_quality": 1.0,
  "avg_latency": 186.61057578934452,
  "total_data_points": 3660,
  "valid_data_points": 3660,
  "data_sources": 4,
  "active_alerts": 2221167,
  "market_signals": 102
}