{
  "timestamp": "2025-08-27T18:28:55.666391",
  "overall_quality": 1.0,
  "avg_latency": 285.5053810937965,
  "total_data_points": 5480,
  "valid_data_points": 5480,
  "data_sources": 4,
  "active_alerts": 1254741,
  "market_signals": 101
}