{
  "timestamp": "2025-08-26T10:10:48.227186",
  "overall_quality": 1.0,
  "avg_latency": 202.66985699487225,
  "total_data_points": 3900,
  "valid_data_points": 3900,
  "data_sources": 4,
  "active_alerts": 425130,
  "market_signals": 100
}