{
  "timestamp": "2025-08-30T07:04:54.031810",
  "overall_quality": 1.0,
  "avg_latency": 150.95213001993363,
  "total_data_points": 3010,
  "valid_data_points": 3010,
  "data_sources": 4,
  "active_alerts": 2830971,
  "market_signals": 102
}