{
  "timestamp": "2025-08-26T13:58:58.179913",
  "overall_quality": 1.0,
  "avg_latency": 296.5458008274959,
  "total_data_points": 5710,
  "valid_data_points": 5710,
  "data_sources": 4,
  "active_alerts": 522594,
  "market_signals": 101
}