{
  "timestamp": "2025-08-28T16:03:55.755047",
  "overall_quality": 1.0,
  "avg_latency": 280.21039763921874,
  "total_data_points": 5380,
  "valid_data_points": 5380,
  "data_sources": 4,
  "active_alerts": 1811985,
  "market_signals": 100
}