{
  "timestamp": "2025-08-28T02:51:59.821881",
  "overall_quality": 1.0,
  "avg_latency": 226.06555354899268,
  "total_data_points": 4470,
  "valid_data_points": 4470,
  "data_sources": 4,
  "active_alerts": 1473226,
  "market_signals": 100
}