{
  "timestamp": "2025-08-27T05:30:48.696288",
  "overall_quality": 1.0,
  "avg_latency": 196.02625841909756,
  "total_data_points": 3770,
  "valid_data_points": 3770,
  "data_sources": 4,
  "active_alerts": 920715,
  "market_signals": 103
}