{
  "timestamp": "2025-08-27T07:31:36.482013",
  "overall_quality": 1.0,
  "avg_latency": 219.65912990473916,
  "total_data_points": 4220,
  "valid_data_points": 4220,
  "data_sources": 4,
  "active_alerts": 973211,
  "market_signals": 102
}