{
  "timestamp": "2025-08-30T00:42:46.609829",
  "overall_quality": 1.0,
  "avg_latency": 238.03386427505257,
  "total_data_points": 4730,
  "valid_data_points": 4730,
  "data_sources": 4,
  "active_alerts": 2663491,
  "market_signals": 102
}