{
  "timestamp": "2025-08-26T04:22:45.360277",
  "overall_quality": 1.0,
  "avg_latency": 263.6201180255895,
  "total_data_points": 5080,
  "valid_data_points": 5080,
  "data_sources": 4,
  "active_alerts": 277064,
  "market_signals": 102
}