{
  "timestamp": "2025-08-27T07:23:35.429546",
  "overall_quality": 1.0,
  "avg_latency": 278.89764600391175,
  "total_data_points": 5369,
  "valid_data_points": 5369,
  "data_sources": 4,
  "active_alerts": 970030,
  "market_signals": 102
}