{
  "timestamp": "2025-08-28T10:57:41.997746",
  "overall_quality": 1.0,
  "avg_latency": 244.08119414574364,
  "total_data_points": 4700,
  "valid_data_points": 4700,
  "data_sources": 4,
  "active_alerts": 1679856,
  "market_signals": 100
}