{
  "timestamp": "2025-08-29T22:49:44.378163",
  "overall_quality": 1.0,
  "avg_latency": 297.5290844915398,
  "total_data_points": 5910,
  "valid_data_points": 5910,
  "data_sources": 4,
  "active_alerts": 2613536,
  "market_signals": 101
}