{
  "timestamp": "2025-08-27T16:38:37.119426",
  "overall_quality": 1.0,
  "avg_latency": 276.89427430319466,
  "total_data_points": 5320,
  "valid_data_points": 5320,
  "data_sources": 4,
  "active_alerts": 1207679,
  "market_signals": 102
}