{
  "timestamp": "2025-08-29T09:58:33.125032",
  "overall_quality": 1.0,
  "avg_latency": 266.12525138454055,
  "total_data_points": 5110,
  "valid_data_points": 5110,
  "data_sources": 4,
  "active_alerts": 2282494,
  "market_signals": 102
}