{
  "timestamp": "2025-08-27T14:09:39.520312",
  "overall_quality": 1.0,
  "avg_latency": 159.17883096764697,
  "total_data_points": 3060,
  "valid_data_points": 3060,
  "data_sources": 4,
  "active_alerts": 1144081,
  "market_signals": 101
}