{
  "timestamp": "2025-08-27T23:22:55.517945",
  "overall_quality": 1.0,
  "avg_latency": 254.0867757426873,
  "total_data_points": 5060,
  "valid_data_points": 5060,
  "data_sources": 4,
  "active_alerts": 1381530,
  "market_signals": 101
}