{
  "timestamp": "2025-08-26T05:22:56.945359",
  "overall_quality": 1.0,
  "avg_latency": 268.44125461821665,
  "total_data_points": 5160,
  "valid_data_points": 5160,
  "data_sources": 4,
  "active_alerts": 302248,
  "market_signals": 101
}