{
  "timestamp": "2025-08-29T12:33:46.413223",
  "overall_quality": 1.0,
  "avg_latency": 271.82633319233685,
  "total_data_points": 5220,
  "valid_data_points": 5220,
  "data_sources": 4,
  "active_alerts": 2348799,
  "market_signals": 102
}