{
  "timestamp": "2025-08-26T00:33:34.079586",
  "overall_quality": 1.0,
  "avg_latency": 288.831295217117,
  "total_data_points": 5550,
  "valid_data_points": 5550,
  "data_sources": 4,
  "active_alerts": 180248,
  "market_signals": 101
}