{
  "timestamp": "2025-08-27T23:11:55.303723",
  "overall_quality": 1.0,
  "avg_latency": 223.9120744650476,
  "total_data_points": 4449,
  "valid_data_points": 4449,
  "data_sources": 4,
  "active_alerts": 1376290,
  "market_signals": 104
}