{
  "timestamp": "2025-08-27T10:28:33.668950",
  "overall_quality": 1.0,
  "avg_latency": 276.8849019746702,
  "total_data_points": 5330,
  "valid_data_points": 5330,
  "data_sources": 4,
  "active_alerts": 1049051,
  "market_signals": 102
}