{
  "timestamp": "2025-08-25T22:01:32.350458",
  "overall_quality": 1.0,
  "avg_latency": 228.82132834470073,
  "total_data_points": 4340,
  "valid_data_points": 4340,
  "data_sources": 4,
  "active_alerts": 115533,
  "market_signals": 101
}