{
  "timestamp": "2025-08-26T12:55:47.366106",
  "overall_quality": 1.0,
  "avg_latency": 201.34561152480538,
  "total_data_points": 3870,
  "valid_data_points": 3870,
  "data_sources": 4,
  "active_alerts": 495510,
  "market_signals": 102
}