{
  "timestamp": "2025-08-25T19:08:54.853211",
  "overall_quality": 1.0,
  "avg_latency": 152.16409424212335,
  "total_data_points": 2920,
  "valid_data_points": 2920,
  "data_sources": 4,
  "active_alerts": 42512,
  "market_signals": 102
}