{
  "timestamp": "2025-08-30T02:33:48.956578",
  "overall_quality": 1.0,
  "avg_latency": 268.947018281716,
  "total_data_points": 5360,
  "valid_data_points": 5360,
  "data_sources": 4,
  "active_alerts": 2712693,
  "market_signals": 100
}