{
  "timestamp": "2025-08-26T04:51:50.629087",
  "overall_quality": 1.0,
  "avg_latency": 235.84654320154533,
  "total_data_points": 4530,
  "valid_data_points": 4530,
  "data_sources": 4,
  "active_alerts": 288958,
  "market_signals": 106
}