{
  "timestamp": "2025-08-27T18:05:51.447629",
  "overall_quality": 1.0,
  "avg_latency": 193.21817507043,
  "total_data_points": 3720,
  "valid_data_points": 3720,
  "data_sources": 4,
  "active_alerts": 1244805,
  "market_signals": 100
}