{
  "timestamp": "2025-08-26T15:10:40.953205",
  "overall_quality": 1.0,
  "avg_latency": 197.4281555010558,
  "total_data_points": 3790,
  "valid_data_points": 3790,
  "data_sources": 4,
  "active_alerts": 553523,
  "market_signals": 101
}