{
  "timestamp": "2025-08-27T17:23:44.946531",
  "overall_quality": 1.0,
  "avg_latency": 280.6152923174401,
  "total_data_points": 5390,
  "valid_data_points": 5390,
  "data_sources": 4,
  "active_alerts": 1226573,
  "market_signals": 103
}