{
  "timestamp": "2025-08-28T17:33:33.030851",
  "overall_quality": 1.0,
  "avg_latency": 268.15488670174443,
  "total_data_points": 5160,
  "valid_data_points": 5160,
  "data_sources": 4,
  "active_alerts": 1850470,
  "market_signals": 102
}