{
  "timestamp": "2025-08-29T23:03:44.678384",
  "overall_quality": 1.0,
  "avg_latency": 267.3274691071424,
  "total_data_points": 5320,
  "valid_data_points": 5320,
  "data_sources": 4,
  "active_alerts": 2619861,
  "market_signals": 101
}