{
  "timestamp": "2025-08-28T00:42:56.989129",
  "overall_quality": 1.0,
  "avg_latency": 254.5476047948713,
  "total_data_points": 5070,
  "valid_data_points": 5070,
  "data_sources": 4,
  "active_alerts": 1416273,
  "market_signals": 101
}