{
  "timestamp": "2025-08-28T09:08:33.900001",
  "overall_quality": 1.0,
  "avg_latency": 270.11404247074654,
  "total_data_points": 5230,
  "valid_data_points": 5230,
  "data_sources": 4,
  "active_alerts": 1633964,
  "market_signals": 100
}