{
  "timestamp": "2025-08-26T16:06:50.949862",
  "overall_quality": 1.0,
  "avg_latency": 232.10653788314627,
  "total_data_points": 4450,
  "valid_data_points": 4450,
  "data_sources": 4,
  "active_alerts": 577256,
  "market_signals": 100
}