{
  "timestamp": "2025-08-26T20:25:40.706266",
  "overall_quality": 1.0,
  "avg_latency": 195.2261144650663,
  "total_data_points": 3750,
  "valid_data_points": 3750,
  "data_sources": 4,
  "active_alerts": 688278,
  "market_signals": 100
}