{
  "timestamp": "2025-08-28T21:54:38.791372",
  "overall_quality": 1.0,
  "avg_latency": 150.2914758050162,
  "total_data_points": 2990,
  "valid_data_points": 2990,
  "data_sources": 4,
  "active_alerts": 1964289,
  "market_signals": 104
}