{
  "timestamp": "2025-08-26T11:34:32.717048",
  "overall_quality": 1.0,
  "avg_latency": 164.12588950977926,
  "total_data_points": 3170,
  "valid_data_points": 3170,
  "data_sources": 4,
  "active_alerts": 461774,
  "market_signals": 101
}