{
  "timestamp": "2025-08-28T23:44:40.986569",
  "overall_quality": 1.0,
  "avg_latency": 151.55409097342198,
  "total_data_points": 3010,
  "valid_data_points": 3010,
  "data_sources": 4,
  "active_alerts": 2013327,
  "market_signals": 102
}