{
  "timestamp": "2025-08-29T08:15:54.232079",
  "overall_quality": 1.0,
  "avg_latency": 186.7292617167127,
  "total_data_points": 3590,
  "valid_data_points": 3590,
  "data_sources": 4,
  "active_alerts": 2238668,
  "market_signals": 101
}