{
  "timestamp": "2025-08-27T20:06:41.603750",
  "overall_quality": 1.0,
  "avg_latency": 217.7407982281623,
  "total_data_points": 4190,
  "valid_data_points": 4190,
  "data_sources": 4,
  "active_alerts": 1296019,
  "market_signals": 102
}