{
  "timestamp": "2025-08-30T00:03:45.863672",
  "overall_quality": 1.0,
  "avg_latency": 267.6029345560139,
  "total_data_points": 5320,
  "valid_data_points": 5320,
  "data_sources": 4,
  "active_alerts": 2646485,
  "market_signals": 101
}