{
  "timestamp": "2025-08-28T11:41:45.504842",
  "overall_quality": 1.0,
  "avg_latency": 215.87149461156528,
  "total_data_points": 4150,
  "valid_data_points": 4150,
  "data_sources": 4,
  "active_alerts": 1698505,
  "market_signals": 100
}