{
  "timestamp": "2025-08-28T18:47:35.365770",
  "overall_quality": 1.0,
  "avg_latency": 238.95025114432724,
  "total_data_points": 4760,
  "valid_data_points": 4760,
  "data_sources": 4,
  "active_alerts": 1882053,
  "market_signals": 103
}