{
  "timestamp": "2025-08-26T20:30:41.842966",
  "overall_quality": 1.0,
  "avg_latency": 196.1100078795217,
  "total_data_points": 3760,
  "valid_data_points": 3760,
  "data_sources": 4,
  "active_alerts": 690537,
  "market_signals": 100
}