{
  "timestamp": "2025-08-28T03:19:30.679918",
  "overall_quality": 1.0,
  "avg_latency": 151.06052887558525,
  "total_data_points": 2990,
  "valid_data_points": 2990,
  "data_sources": 4,
  "active_alerts": 1485495,
  "market_signals": 104
}