{
  "timestamp": "2025-08-30T07:00:53.940046",
  "overall_quality": 1.0,
  "avg_latency": 180.77674493083305,
  "total_data_points": 3600,
  "valid_data_points": 3600,
  "data_sources": 4,
  "active_alerts": 2829123,
  "market_signals": 101
}