{
  "timestamp": "2025-08-27T15:39:53.984688",
  "overall_quality": 1.0,
  "avg_latency": 165.89622387634034,
  "total_data_points": 3170,
  "valid_data_points": 3170,
  "data_sources": 4,
  "active_alerts": 1182564,
  "market_signals": 101
}