{
  "timestamp": "2025-08-26T07:01:44.544634",
  "overall_quality": 1.0,
  "avg_latency": 232.2641751697312,
  "total_data_points": 4460,
  "valid_data_points": 4460,
  "data_sources": 4,
  "active_alerts": 344238,
  "market_signals": 101
}