{
  "timestamp": "2025-08-28T02:22:59.092794",
  "overall_quality": 1.0,
  "avg_latency": 255.69779945711386,
  "total_data_points": 5060,
  "valid_data_points": 5060,
  "data_sources": 4,
  "active_alerts": 1460406,
  "market_signals": 101
}