{
  "timestamp": "2025-08-27T11:38:44.388289",
  "overall_quality": 1.0,
  "avg_latency": 282.00135359963105,
  "total_data_points": 5430,
  "valid_data_points": 5430,
  "data_sources": 4,
  "active_alerts": 1079490,
  "market_signals": 102
}