{
  "timestamp": "2025-08-29T03:24:45.247606",
  "overall_quality": 1.0,
  "avg_latency": 153.2016351036069,
  "total_data_points": 3050,
  "valid_data_points": 3050,
  "data_sources": 4,
  "active_alerts": 2110712,
  "market_signals": 100
}