{
  "timestamp": "2025-08-26T00:45:35.839819",
  "overall_quality": 1.0,
  "avg_latency": 199.65218837526038,
  "total_data_points": 3840,
  "valid_data_points": 3840,
  "data_sources": 4,
  "active_alerts": 185171,
  "market_signals": 102
}