{
  "timestamp": "2025-08-28T00:47:57.089536",
  "overall_quality": 1.0,
  "avg_latency": 254.91409329921134,
  "total_data_points": 5070,
  "valid_data_points": 5070,
  "data_sources": 4,
  "active_alerts": 1418545,
  "market_signals": 102
}