{
  "timestamp": "2025-08-26T03:55:40.002052",
  "overall_quality": 1.0,
  "avg_latency": 200.71975135348845,
  "total_data_points": 3870,
  "valid_data_points": 3870,
  "data_sources": 4,
  "active_alerts": 265498,
  "market_signals": 102
}