{
  "timestamp": "2025-08-28T15:48:54.548937",
  "overall_quality": 1.0,
  "avg_latency": 278.53162085046404,
  "total_data_points": 5390,
  "valid_data_points": 5390,
  "data_sources": 4,
  "active_alerts": 1805562,
  "market_signals": 101
}