{
  "timestamp": "2025-08-29T14:38:58.295562",
  "overall_quality": 1.0,
  "avg_latency": 277.17550974530064,
  "total_data_points": 5320,
  "valid_data_points": 5320,
  "data_sources": 4,
  "active_alerts": 2402516,
  "market_signals": 100
}