{
  "timestamp": "2025-08-28T23:08:40.322453",
  "overall_quality": 1.0,
  "avg_latency": 271.26479310500923,
  "total_data_points": 5390,
  "valid_data_points": 5390,
  "data_sources": 4,
  "active_alerts": 1997270,
  "market_signals": 101
}