{
  "timestamp": "2025-08-29T05:12:47.395609",
  "overall_quality": 1.0,
  "avg_latency": 243.6615038740208,
  "total_data_points": 4850,
  "valid_data_points": 4850,
  "data_sources": 4,
  "active_alerts": 2158028,
  "market_signals": 102
}