{
  "timestamp": "2025-08-27T13:35:34.697230",
  "overall_quality": 1.0,
  "avg_latency": 186.61639165418975,
  "total_data_points": 3580,
  "valid_data_points": 3580,
  "data_sources": 4,
  "active_alerts": 1129514,
  "market_signals": 101
}