{
  "timestamp": "2025-08-27T17:46:48.070406",
  "overall_quality": 1.0,
  "avg_latency": 222.21593677845388,
  "total_data_points": 4270,
  "valid_data_points": 4270,
  "data_sources": 4,
  "active_alerts": 1236606,
  "market_signals": 102
}