{
  "timestamp": "2025-08-27T22:54:54.993408",
  "overall_quality": 1.0,
  "avg_latency": 163.749405353374,
  "total_data_points": 3260,
  "valid_data_points": 3260,
  "data_sources": 4,
  "active_alerts": 1368719,
  "market_signals": 103
}