{
  "timestamp": "2025-08-29T16:44:41.194619",
  "overall_quality": 1.0,
  "avg_latency": 296.95802444929984,
  "total_data_points": 5720,
  "valid_data_points": 5720,
  "data_sources": 4,
  "active_alerts": 2455079,
  "market_signals": 101
}