{
  "timestamp": "2025-08-27T23:25:55.582860",
  "overall_quality": 1.0,
  "avg_latency": 193.82606671839395,
  "total_data_points": 3860,
  "valid_data_points": 3860,
  "data_sources": 4,
  "active_alerts": 1382754,
  "market_signals": 102
}