{
  "timestamp": "2025-08-29T06:32:49.304633",
  "overall_quality": 1.0,
  "avg_latency": 244.94197734061834,
  "total_data_points": 4850,
  "valid_data_points": 4850,
  "data_sources": 4,
  "active_alerts": 2193442,
  "market_signals": 100
}