{
  "timestamp": "2025-08-25T20:15:38.020656",
  "overall_quality": 1.0,
  "avg_latency": 202.21906644160234,
  "total_data_points": 3870,
  "valid_data_points": 3870,
  "data_sources": 4,
  "active_alerts": 70519,
  "market_signals": 100
}