{
  "timestamp": "2025-08-27T12:53:57.751619",
  "overall_quality": 1.0,
  "avg_latency": 288.40579139963853,
  "total_data_points": 5550,
  "valid_data_points": 5550,
  "data_sources": 4,
  "active_alerts": 1111232,
  "market_signals": 100
}