{
  "timestamp": "2025-08-29T12:07:44.059378",
  "overall_quality": 1.0,
  "avg_latency": 240.51769292922071,
  "total_data_points": 4620,
  "valid_data_points": 4620,
  "data_sources": 4,
  "active_alerts": 2337872,
  "market_signals": 100
}