{
  "timestamp": "2025-08-27T02:16:44.704628",
  "overall_quality": 1.0,
  "avg_latency": 224.64328724826748,
  "total_data_points": 4330,
  "valid_data_points": 4330,
  "data_sources": 4,
  "active_alerts": 837686,
  "market_signals": 100
}