{
  "timestamp": "2025-08-28T07:57:57.191424",
  "overall_quality": 1.0,
  "avg_latency": 252.4695320574068,
  "total_data_points": 4860,
  "valid_data_points": 4860,
  "data_sources": 4,
  "active_alerts": 1603873,
  "market_signals": 103
}