{
  "timestamp": "2025-08-26T09:04:37.518287",
  "overall_quality": 1.0,
  "avg_latency": 167.4301782813665,
  "total_data_points": 3220,
  "valid_data_points": 3220,
  "data_sources": 4,
  "active_alerts": 396594,
  "market_signals": 101
}