{
  "timestamp": "2025-08-26T10:16:49.348055",
  "overall_quality": 1.0,
  "avg_latency": 233.0617748658483,
  "total_data_points": 4480,
  "valid_data_points": 4480,
  "data_sources": 4,
  "active_alerts": 427853,
  "market_signals": 104
}