{
  "timestamp": "2025-08-28T08:52:32.630123",
  "overall_quality": 1.0,
  "avg_latency": 239.64135774403474,
  "total_data_points": 4610,
  "valid_data_points": 4610,
  "data_sources": 4,
  "active_alerts": 1627243,
  "market_signals": 103
}