{
  "timestamp": "2025-08-29T04:21:46.290984",
  "overall_quality": 1.0,
  "avg_latency": 213.24229076533013,
  "total_data_points": 4240,
  "valid_data_points": 4240,
  "data_sources": 4,
  "active_alerts": 2135802,
  "market_signals": 102
}