{
  "timestamp": "2025-08-27T01:44:39.655112",
  "overall_quality": 1.0,
  "avg_latency": 162.831142702866,
  "total_data_points": 3140,
  "valid_data_points": 3140,
  "data_sources": 4,
  "active_alerts": 824013,
  "market_signals": 101
}