{
  "timestamp": "2025-08-26T04:33:47.828343",
  "overall_quality": 1.0,
  "avg_latency": 294.63898198356895,
  "total_data_points": 5660,
  "valid_data_points": 5660,
  "data_sources": 4,
  "active_alerts": 281473,
  "market_signals": 101
}