{
  "timestamp": "2025-08-27T05:25:47.842347",
  "overall_quality": 1.0,
  "avg_latency": 195.78151312281187,
  "total_data_points": 3770,
  "valid_data_points": 3770,
  "data_sources": 4,
  "active_alerts": 918447,
  "market_signals": 101
}