{
  "timestamp": "2025-08-28T01:34:58.018688",
  "overall_quality": 1.0,
  "avg_latency": 165.07109548814552,
  "total_data_points": 3290,
  "valid_data_points": 3290,
  "data_sources": 4,
  "active_alerts": 1439310,
  "market_signals": 100
}