{
  "timestamp": "2025-08-27T01:57:41.677081",
  "overall_quality": 1.0,
  "avg_latency": 253.57878501527534,
  "total_data_points": 4910,
  "valid_data_points": 4910,
  "data_sources": 4,
  "active_alerts": 829750,
  "market_signals": 101
}