{
  "timestamp": "2025-08-30T04:55:51.538703",
  "overall_quality": 1.0,
  "avg_latency": 180.10729923463632,
  "total_data_points": 3580,
  "valid_data_points": 3580,
  "data_sources": 4,
  "active_alerts": 2774028,
  "market_signals": 101
}