{
  "timestamp": "2025-08-26T08:45:34.085292",
  "overall_quality": 1.0,
  "avg_latency": 195.76480783448247,
  "total_data_points": 3770,
  "valid_data_points": 3770,
  "data_sources": 4,
  "active_alerts": 388637,
  "market_signals": 103
}