{
  "timestamp": "2025-08-26T15:36:45.062605",
  "overall_quality": 1.0,
  "avg_latency": 229.04988082838332,
  "total_data_points": 4411,
  "valid_data_points": 4411,
  "data_sources": 4,
  "active_alerts": 564494,
  "market_signals": 101
}