{
  "timestamp": "2025-08-28T13:00:46.943528",
  "overall_quality": 1.0,
  "avg_latency": 186.45247968382733,
  "total_data_points": 3710,
  "valid_data_points": 3710,
  "data_sources": 4,
  "active_alerts": 1732666,
  "market_signals": 103
}