{
  "timestamp": "2025-08-26T22:08:59.987886",
  "overall_quality": 1.0,
  "avg_latency": 294.55207174911425,
  "total_data_points": 5640,
  "valid_data_points": 5640,
  "data_sources": 4,
  "active_alerts": 732518,
  "market_signals": 101
}