{
  "timestamp": "2025-08-29T20:27:36.381501",
  "overall_quality": 1.0,
  "avg_latency": 233.70064805444522,
  "total_data_points": 4500,
  "valid_data_points": 4500,
  "data_sources": 4,
  "active_alerts": 2550799,
  "market_signals": 102
}