{
  "timestamp": "2025-08-26T20:58:46.542624",
  "overall_quality": 1.0,
  "avg_latency": 287.6378043585145,
  "total_data_points": 5520,
  "valid_data_points": 5520,
  "data_sources": 4,
  "active_alerts": 702229,
  "market_signals": 101
}