{
  "timestamp": "2025-08-28T01:15:57.606184",
  "overall_quality": 1.0,
  "avg_latency": 194.773317305412,
  "total_data_points": 3880,
  "valid_data_points": 3880,
  "data_sources": 4,
  "active_alerts": 1431148,
  "market_signals": 101
}