{
  "timestamp": "2025-08-30T03:28:49.921360",
  "overall_quality": 1.0,
  "avg_latency": 268.9711159800379,
  "total_data_points": 5360,
  "valid_data_points": 5360,
  "data_sources": 4,
  "active_alerts": 2736458,
  "market_signals": 100
}