{
  "timestamp": "2025-08-29T21:30:42.399408",
  "overall_quality": 1.0,
  "avg_latency": 176.06483698348134,
  "total_data_points": 3390,
  "valid_data_points": 3390,
  "data_sources": 4,
  "active_alerts": 2577952,
  "market_signals": 104
}