{
  "timestamp": "2025-08-28T00:26:56.713971",
  "overall_quality": 1.0,
  "avg_latency": 224.68079175436267,
  "total_data_points": 4470,
  "valid_data_points": 4470,
  "data_sources": 4,
  "active_alerts": 1409257,
  "market_signals": 100
}