{
  "timestamp": "2025-08-30T00:01:45.822449",
  "overall_quality": 1.0,
  "avg_latency": 207.42434629927416,
  "total_data_points": 4130,
  "valid_data_points": 4130,
  "data_sources": 4,
  "active_alerts": 2645486,
  "market_signals": 102
}