{
  "timestamp": "2025-08-30T05:33:52.309023",
  "overall_quality": 1.0,
  "avg_latency": 270.1452307472116,
  "total_data_points": 5380,
  "valid_data_points": 5380,
  "data_sources": 4,
  "active_alerts": 2791026,
  "market_signals": 102
}