{
  "timestamp": "2025-08-28T16:58:30.311399",
  "overall_quality": 1.0,
  "avg_latency": 266.6269678711495,
  "total_data_points": 5130,
  "valid_data_points": 5130,
  "data_sources": 4,
  "active_alerts": 1835695,
  "market_signals": 100
}