{
  "timestamp": "2025-08-26T14:13:30.804414",
  "overall_quality": 1.0,
  "avg_latency": 282.8706040642734,
  "total_data_points": 5430,
  "valid_data_points": 5430,
  "data_sources": 4,
  "active_alerts": 529081,
  "market_signals": 100
}