{
  "timestamp": "2025-08-30T05:55:52.778373",
  "overall_quality": 1.0,
  "avg_latency": 180.38784422869065,
  "total_data_points": 3590,
  "valid_data_points": 3590,
  "data_sources": 4,
  "active_alerts": 2800814,
  "market_signals": 102
}