{
  "timestamp": "2025-08-27T14:10:39.743002",
  "overall_quality": 1.0,
  "avg_latency": 189.24078869148363,
  "total_data_points": 3640,
  "valid_data_points": 3640,
  "data_sources": 4,
  "active_alerts": 1144535,
  "market_signals": 100
}