{
  "timestamp": "2025-08-27T12:41:55.747827",
  "overall_quality": 1.0,
  "avg_latency": 227.32475413858447,
  "total_data_points": 4380,
  "valid_data_points": 4380,
  "data_sources": 4,
  "active_alerts": 1106212,
  "market_signals": 100
}