{
  "timestamp": "2025-08-25T23:27:49.476619",
  "overall_quality": 1.0,
  "avg_latency": 267.1371014187125,
  "total_data_points": 5130,
  "valid_data_points": 5130,
  "data_sources": 4,
  "active_alerts": 152842,
  "market_signals": 100
}