{
  "timestamp": "2025-08-29T02:41:44.371095",
  "overall_quality": 1.0,
  "avg_latency": 212.73110939172489,
  "total_data_points": 4230,
  "valid_data_points": 4230,
  "data_sources": 4,
  "active_alerts": 2091634,
  "market_signals": 100
}