{
  "timestamp": "2025-08-28T12:57:46.881310",
  "overall_quality": 1.0,
  "avg_latency": 246.22966716102138,
  "total_data_points": 4900,
  "valid_data_points": 4900,
  "data_sources": 4,
  "active_alerts": 1731372,
  "market_signals": 104
}