{
  "timestamp": "2025-08-28T02:12:58.853888",
  "overall_quality": 1.0,
  "avg_latency": 255.63244590709996,
  "total_data_points": 5070,
  "valid_data_points": 5070,
  "data_sources": 4,
  "active_alerts": 1456253,
  "market_signals": 103
}