{
  "timestamp": "2025-08-28T04:52:38.572166",
  "overall_quality": 1.0,
  "avg_latency": 245.06437588644098,
  "total_data_points": 4720,
  "valid_data_points": 4720,
  "data_sources": 4,
  "active_alerts": 1525047,
  "market_signals": 101
}