{
  "timestamp": "2025-08-27T01:10:33.825010",
  "overall_quality": 1.0,
  "avg_latency": 190.0159795063017,
  "total_data_points": 3650,
  "valid_data_points": 3650,
  "data_sources": 4,
  "active_alerts": 809176,
  "market_signals": 102
}