{
  "timestamp": "2025-08-27T14:22:41.910627",
  "overall_quality": 1.0,
  "avg_latency": 250.4009050902291,
  "total_data_points": 4810,
  "valid_data_points": 4810,
  "data_sources": 4,
  "active_alerts": 1149718,
  "market_signals": 101
}