{
  "timestamp": "2025-08-25T19:07:54.692878",
  "overall_quality": 1.0,
  "avg_latency": 272.9359670347099,
  "total_data_points": 5330,
  "valid_data_points": 5330,
  "data_sources": 4,
  "active_alerts": 42055,
  "market_signals": 100
}