{
  "timestamp": "2025-08-28T19:02:35.642899",
  "overall_quality": 1.0,
  "avg_latency": 239.00179969138625,
  "total_data_points": 4760,
  "valid_data_points": 4760,
  "data_sources": 4,
  "active_alerts": 1888632,
  "market_signals": 103
}