{
  "timestamp": "2025-08-29T15:05:30.537536",
  "overall_quality": 1.0,
  "avg_latency": 172.77963370662658,
  "total_data_points": 3320,
  "valid_data_points": 3320,
  "data_sources": 4,
  "active_alerts": 2413638,
  "market_signals": 100
}