{
  "timestamp": "2025-08-27T05:05:44.957064",
  "overall_quality": 1.0,
  "avg_latency": 194.61322115802184,
  "total_data_points": 3740,
  "valid_data_points": 3740,
  "data_sources": 4,
  "active_alerts": 909921,
  "market_signals": 101
}