{
  "timestamp": "2025-08-28T06:13:47.141909",
  "overall_quality": 1.0,
  "avg_latency": 278.23050115437746,
  "total_data_points": 5370,
  "valid_data_points": 5370,
  "data_sources": 4,
  "active_alerts": 1560309,
  "market_signals": 101
}