{
  "timestamp": "2025-08-28T13:33:47.607788",
  "overall_quality": 1.0,
  "avg_latency": 276.6190529330904,
  "total_data_points": 5500,
  "valid_data_points": 5500,
  "data_sources": 4,
  "active_alerts": 1747233,
  "market_signals": 102
}