{
  "timestamp": "2025-08-26T17:56:41.217983",
  "overall_quality": 1.0,
  "avg_latency": 226.06692220645078,
  "total_data_points": 4340,
  "valid_data_points": 4340,
  "data_sources": 4,
  "active_alerts": 624566,
  "market_signals": 102
}