{
  "timestamp": "2025-08-26T20:53:45.840668",
  "overall_quality": 1.0,
  "avg_latency": 287.5962061281302,
  "total_data_points": 5510,
  "valid_data_points": 5510,
  "data_sources": 4,
  "active_alerts": 700129,
  "market_signals": 102
}