{
  "timestamp": "2025-08-30T02:27:48.864091",
  "overall_quality": 1.0,
  "avg_latency": 239.13861822168386,
  "total_data_points": 4750,
  "valid_data_points": 4750,
  "data_sources": 4,
  "active_alerts": 2709842,
  "market_signals": 103
}