{
  "timestamp": "2025-08-27T03:55:33.195191",
  "overall_quality": 1.0,
  "avg_latency": 188.3672703534433,
  "total_data_points": 3630,
  "valid_data_points": 3630,
  "data_sources": 4,
  "active_alerts": 879738,
  "market_signals": 101
}