{
  "timestamp": "2025-08-30T08:22:55.393225",
  "overall_quality": 1.0,
  "avg_latency": 241.6193602191269,
  "total_data_points": 4810,
  "valid_data_points": 4810,
  "data_sources": 4,
  "active_alerts": 2865284,
  "market_signals": 103
}