{
  "timestamp": "2025-08-26T01:55:48.152173",
  "overall_quality": 1.0,
  "avg_latency": 205.34387542182753,
  "total_data_points": 3940,
  "valid_data_points": 3940,
  "data_sources": 4,
  "active_alerts": 215113,
  "market_signals": 101
}