{
  "timestamp": "2025-08-28T19:15:35.889506",
  "overall_quality": 1.0,
  "avg_latency": 179.40114376235945,
  "total_data_points": 3560,
  "valid_data_points": 3560,
  "data_sources": 4,
  "active_alerts": 1894255,
  "market_signals": 101
}