{
  "timestamp": "2025-08-26T19:28:59.524346",
  "overall_quality": 1.0,
  "avg_latency": 294.8697210810963,
  "total_data_points": 5660,
  "valid_data_points": 5660,
  "data_sources": 4,
  "active_alerts": 663876,
  "market_signals": 101
}