{
  "timestamp": "2025-08-27T12:09:50.393556",
  "overall_quality": 1.0,
  "avg_latency": 164.9081360874764,
  "total_data_points": 3178,
  "valid_data_points": 3178,
  "data_sources": 4,
  "active_alerts": 1092977,
  "market_signals": 101
}