{
  "timestamp": "2025-08-26T13:19:51.286318",
  "overall_quality": 1.0,
  "avg_latency": 173.05161006656604,
  "total_data_points": 3320,
  "valid_data_points": 3320,
  "data_sources": 4,
  "active_alerts": 505768,
  "market_signals": 100
}