{
  "timestamp": "2025-08-29T05:01:47.148205",
  "overall_quality": 1.0,
  "avg_latency": 213.9278114661972,
  "total_data_points": 4260,
  "valid_data_points": 4260,
  "data_sources": 4,
  "active_alerts": 2153136,
  "market_signals": 101
}