{
  "timestamp": "2025-08-26T06:15:36.397433",
  "overall_quality": 1.0,
  "avg_latency": 198.1756308603671,
  "total_data_points": 3810,
  "valid_data_points": 3810,
  "data_sources": 4,
  "active_alerts": 324613,
  "market_signals": 101
}