{
  "timestamp": "2025-08-28T17:57:34.448202",
  "overall_quality": 1.0,
  "avg_latency": 236.9441788839744,
  "total_data_points": 4680,
  "valid_data_points": 4680,
  "data_sources": 4,
  "active_alerts": 1860622,
  "market_signals": 101
}