{
  "timestamp": "2025-08-29T13:36:52.574866",
  "overall_quality": 1.0,
  "avg_latency": 214.15668301116511,
  "total_data_points": 4120,
  "valid_data_points": 4120,
  "data_sources": 4,
  "active_alerts": 2376172,
  "market_signals": 103
}