{
  "timestamp": "2025-08-29T01:20:42.773806",
  "overall_quality": 1.0,
  "avg_latency": 182.18790550247945,
  "total_data_points": 3630,
  "valid_data_points": 3630,
  "data_sources": 4,
  "active_alerts": 2055979,
  "market_signals": 101
}