{
  "timestamp": "2025-08-30T06:02:52.917024",
  "overall_quality": 1.0,
  "avg_latency": 240.56995144906014,
  "total_data_points": 4790,
  "valid_data_points": 4790,
  "data_sources": 4,
  "active_alerts": 2803914,
  "market_signals": 101
}