{
  "timestamp": "2025-08-27T20:03:41.042129",
  "overall_quality": 1.0,
  "avg_latency": 277.6608902457784,
  "total_data_points": 5330,
  "valid_data_points": 5330,
  "data_sources": 4,
  "active_alerts": 1294746,
  "market_signals": 102
}