{
  "timestamp": "2025-08-27T19:00:31.119089",
  "overall_quality": 1.0,
  "avg_latency": 182.77680264261403,
  "total_data_points": 3520,
  "valid_data_points": 3520,
  "data_sources": 4,
  "active_alerts": 1267957,
  "market_signals": 102
}