{
  "timestamp": "2025-08-29T20:52:38.962300",
  "overall_quality": 1.0,
  "avg_latency": 234.86957956297186,
  "total_data_points": 4510,
  "valid_data_points": 4510,
  "data_sources": 4,
  "active_alerts": 2561542,
  "market_signals": 103
}