{
  "timestamp": "2025-08-27T08:00:40.888219",
  "overall_quality": 1.0,
  "avg_latency": 191.4881946750004,
  "total_data_points": 3680,
  "valid_data_points": 3680,
  "data_sources": 4,
  "active_alerts": 985646,
  "market_signals": 100
}