{
  "timestamp": "2025-08-30T05:39:52.437406",
  "overall_quality": 1.0,
  "avg_latency": 150.1936422896324,
  "total_data_points": 2990,
  "valid_data_points": 2990,
  "data_sources": 4,
  "active_alerts": 2793757,
  "market_signals": 100
}