{
  "timestamp": "2025-08-30T07:31:54.473867",
  "overall_quality": 1.0,
  "avg_latency": 211.18879017142862,
  "total_data_points": 4200,
  "valid_data_points": 4200,
  "data_sources": 4,
  "active_alerts": 2842640,
  "market_signals": 103
}