{
  "timestamp": "2025-08-30T01:59:48.284353",
  "overall_quality": 1.0,
  "avg_latency": 298.43641711717066,
  "total_data_points": 5940,
  "valid_data_points": 5940,
  "data_sources": 4,
  "active_alerts": 2697428,
  "market_signals": 103
}