{
  "timestamp": "2025-08-29T11:44:41.831563",
  "overall_quality": 1.0,
  "avg_latency": 299.6123263809027,
  "total_data_points": 5760,
  "valid_data_points": 5760,
  "data_sources": 4,
  "active_alerts": 2328284,
  "market_signals": 101
}