{
  "timestamp": "2025-08-28T21:14:38.061039",
  "overall_quality": 1.0,
  "avg_latency": 149.9450464752509,
  "total_data_points": 2990,
  "valid_data_points": 2990,
  "data_sources": 4,
  "active_alerts": 1946369,
  "market_signals": 102
}