{
  "timestamp": "2025-08-28T13:36:47.656076",
  "overall_quality": 1.0,
  "avg_latency": 216.1493941811634,
  "total_data_points": 4300,
  "valid_data_points": 4300,
  "data_sources": 4,
  "active_alerts": 1748570,
  "market_signals": 101
}