{
  "timestamp": "2025-08-26T22:00:58.246434",
  "overall_quality": 1.0,
  "avg_latency": 202.71973593743527,
  "total_data_points": 3900,
  "valid_data_points": 3900,
  "data_sources": 4,
  "active_alerts": 729129,
  "market_signals": 102
}