{
  "timestamp": "2025-08-28T23:41:40.926158",
  "overall_quality": 1.0,
  "avg_latency": 211.27798842714253,
  "total_data_points": 4200,
  "valid_data_points": 4200,
  "data_sources": 4,
  "active_alerts": 2011967,
  "market_signals": 103
}