{
  "timestamp": "2025-08-29T04:10:46.083405",
  "overall_quality": 1.0,
  "avg_latency": 183.46718553013733,
  "total_data_points": 3650,
  "valid_data_points": 3650,
  "data_sources": 4,
  "active_alerts": 2130960,
  "market_signals": 102
}