{
  "timestamp": "2025-08-28T02:00:58.549732",
  "overall_quality": 1.0,
  "avg_latency": 195.19553978402064,
  "total_data_points": 3880,
  "valid_data_points": 3880,
  "data_sources": 4,
  "active_alerts": 1450996,
  "market_signals": 103
}