{
  "timestamp": "2025-08-30T04:48:51.378352",
  "overall_quality": 1.0,
  "avg_latency": 270.18503698435865,
  "total_data_points": 5370,
  "valid_data_points": 5370,
  "data_sources": 4,
  "active_alerts": 2771003,
  "market_signals": 102
}