{
  "timestamp": "2025-08-27T15:09:49.262611",
  "overall_quality": 1.0,
  "avg_latency": 163.6691062054138,
  "total_data_points": 3140,
  "valid_data_points": 3140,
  "data_sources": 4,
  "active_alerts": 1169540,
  "market_signals": 100
}