{
  "timestamp": "2025-08-27T19:28:35.114283",
  "overall_quality": 1.0,
  "avg_latency": 275.06814227159094,
  "total_data_points": 5280,
  "valid_data_points": 5280,
  "data_sources": 4,
  "active_alerts": 1280031,
  "market_signals": 103
}