{
  "timestamp": "2025-08-28T22:37:39.686830",
  "overall_quality": 1.0,
  "avg_latency": 240.65409811252533,
  "total_data_points": 4790,
  "valid_data_points": 4790,
  "data_sources": 4,
  "active_alerts": 1983269,
  "market_signals": 102
}