{
  "timestamp": "2025-08-26T02:07:50.465444",
  "overall_quality": 1.0,
  "avg_latency": 266.5466722394527,
  "total_data_points": 5120,
  "valid_data_points": 5120,
  "data_sources": 4,
  "active_alerts": 220117,
  "market_signals": 103
}