{
  "timestamp": "2025-08-29T13:22:51.348109",
  "overall_quality": 1.0,
  "avg_latency": 243.53531822692256,
  "total_data_points": 4680,
  "valid_data_points": 4680,
  "data_sources": 4,
  "active_alerts": 2369989,
  "market_signals": 104
}