{
  "timestamp": "2025-08-27T15:53:57.668308",
  "overall_quality": 1.0,
  "avg_latency": 286.90712768548076,
  "total_data_points": 5510,
  "valid_data_points": 5510,
  "data_sources": 4,
  "active_alerts": 1188609,
  "market_signals": 102
}