{
  "timestamp": "2025-08-29T05:11:47.376971",
  "overall_quality": 1.0,
  "avg_latency": 213.8284208799998,
  "total_data_points": 4250,
  "valid_data_points": 4250,
  "data_sources": 4,
  "active_alerts": 2157596,
  "market_signals": 102
}