{
  "timestamp": "2025-08-26T17:46:39.366246",
  "overall_quality": 1.0,
  "avg_latency": 225.13696961574138,
  "total_data_points": 4320,
  "valid_data_points": 4320,
  "data_sources": 4,
  "active_alerts": 620540,
  "market_signals": 102
}