{
  "timestamp": "2025-08-25T22:53:43.715317",
  "overall_quality": 1.0,
  "avg_latency": 294.1092217572433,
  "total_data_points": 5660,
  "valid_data_points": 5660,
  "data_sources": 4,
  "active_alerts": 138069,
  "market_signals": 101
}