{
  "timestamp": "2025-08-26T01:03:38.393751",
  "overall_quality": 1.0,
  "avg_latency": 290.4446214037575,
  "total_data_points": 5590,
  "valid_data_points": 5590,
  "data_sources": 4,
  "active_alerts": 192731,
  "market_signals": 100
}