{
  "timestamp": "2025-08-27T00:27:56.094870",
  "overall_quality": 1.0,
  "avg_latency": 261.2611788222237,
  "total_data_points": 5040,
  "valid_data_points": 5040,
  "data_sources": 4,
  "active_alerts": 790488,
  "market_signals": 102
}