{
  "timestamp": "2025-08-26T17:33:37.113868",
  "overall_quality": 1.0,
  "avg_latency": 284.2544724608776,
  "total_data_points": 5470,
  "valid_data_points": 5470,
  "data_sources": 4,
  "active_alerts": 614983,
  "market_signals": 105
}