{
  "timestamp": "2025-08-27T02:05:43.027984",
  "overall_quality": 1.0,
  "avg_latency": 194.3987757629335,
  "total_data_points": 3750,
  "valid_data_points": 3750,
  "data_sources": 4,
  "active_alerts": 832930,
  "market_signals": 103
}