{
  "timestamp": "2025-08-28T15:51:54.717596",
  "overall_quality": 1.0,
  "avg_latency": 219.71671953207468,
  "total_data_points": 4240,
  "valid_data_points": 4240,
  "data_sources": 4,
  "active_alerts": 1806842,
  "market_signals": 100
}