{
  "timestamp": "2025-08-29T20:29:36.547592",
  "overall_quality": 1.0,
  "avg_latency": 294.08264196141687,
  "total_data_points": 5650,
  "valid_data_points": 5650,
  "data_sources": 4,
  "active_alerts": 2551575,
  "market_signals": 103
}