{
  "timestamp": "2025-08-28T07:44:55.771167",
  "overall_quality": 1.0,
  "avg_latency": 161.96340323408342,
  "total_data_points": 3110,
  "valid_data_points": 3110,
  "data_sources": 4,
  "active_alerts": 1598360,
  "market_signals": 102
}