{
  "timestamp": "2025-08-27T16:54:39.920975",
  "overall_quality": 1.0,
  "avg_latency": 157.65931725526323,
  "total_data_points": 3040,
  "valid_data_points": 3040,
  "data_sources": 4,
  "active_alerts": 1214544,
  "market_signals": 101
}