{
  "timestamp": "2025-08-27T13:58:37.763864",
  "overall_quality": 1.0,
  "avg_latency": 278.3412770928975,
  "total_data_points": 5350,
  "valid_data_points": 5350,
  "data_sources": 4,
  "active_alerts": 1139348,
  "market_signals": 100
}