{
  "timestamp": "2025-08-28T13:15:47.256078",
  "overall_quality": 1.0,
  "avg_latency": 186.63915879757465,
  "total_data_points": 3710,
  "valid_data_points": 3710,
  "data_sources": 4,
  "active_alerts": 1739208,
  "market_signals": 102
}