{
  "timestamp": "2025-08-26T15:51:47.874951",
  "overall_quality": 1.0,
  "avg_latency": 230.3201160748872,
  "total_data_points": 4420,
  "valid_data_points": 4420,
  "data_sources": 4,
  "active_alerts": 570930,
  "market_signals": 101
}