{
  "timestamp": "2025-08-28T08:09:58.484013",
  "overall_quality": 1.0,
  "avg_latency": 163.34706696464946,
  "total_data_points": 3140,
  "valid_data_points": 3140,
  "data_sources": 4,
  "active_alerts": 1608992,
  "market_signals": 100
}