{
  "timestamp": "2025-08-26T03:30:35.037744",
  "overall_quality": 1.0,
  "avg_latency": 198.59274143543368,
  "total_data_points": 3810,
  "valid_data_points": 3810,
  "data_sources": 4,
  "active_alerts": 255024,
  "market_signals": 101
}