{
  "timestamp": "2025-08-25T18:30:53.600043",
  "overall_quality": 1.0,
  "avg_latency": 210.6229852816223,
  "total_data_points": 4190,
  "valid_data_points": 4190,
  "data_sources": 4,
  "active_alerts": 25316,
  "market_signals": 101
}