{
  "timestamp": "2025-08-29T00:39:41.961269",
  "overall_quality": 1.0,
  "avg_latency": 151.98355839039763,
  "total_data_points": 3020,
  "valid_data_points": 3020,
  "data_sources": 4,
  "active_alerts": 2038133,
  "market_signals": 101
}