{
  "timestamp": "2025-08-28T12:38:46.560358",
  "overall_quality": 1.0,
  "avg_latency": 275.88328743934454,
  "total_data_points": 5490,
  "valid_data_points": 5490,
  "data_sources": 4,
  "active_alerts": 1723164,
  "market_signals": 102
}