{
  "timestamp": "2025-08-28T04:20:35.852343",
  "overall_quality": 1.0,
  "avg_latency": 183.5996065669488,
  "total_data_points": 3540,
  "valid_data_points": 3540,
  "data_sources": 4,
  "active_alerts": 1511493,
  "market_signals": 101
}