{
  "timestamp": "2025-08-27T03:25:57.916103",
  "overall_quality": 1.0,
  "avg_latency": 201.5242571689924,
  "total_data_points": 3870,
  "valid_data_points": 3870,
  "data_sources": 4,
  "active_alerts": 867268,
  "market_signals": 100
}