{
  "timestamp": "2025-08-26T14:09:29.929854",
  "overall_quality": 1.0,
  "avg_latency": 162.14893037916661,
  "total_data_points": 3120,
  "valid_data_points": 3120,
  "data_sources": 4,
  "active_alerts": 527401,
  "market_signals": 101
}