{
  "timestamp": "2025-08-27T12:21:51.837723",
  "overall_quality": 1.0,
  "avg_latency": 225.47187194919184,
  "total_data_points": 4330,
  "valid_data_points": 4330,
  "data_sources": 4,
  "active_alerts": 1097739,
  "market_signals": 100
}