{
  "timestamp": "2025-08-26T08:04:55.748427",
  "overall_quality": 1.0,
  "avg_latency": 177.26571054323512,
  "total_data_points": 3400,
  "valid_data_points": 3400,
  "data_sources": 4,
  "active_alerts": 372080,
  "market_signals": 101
}