{
  "timestamp": "2025-08-30T04:18:50.830906",
  "overall_quality": 1.0,
  "avg_latency": 269.8617176708952,
  "total_data_points": 5360,
  "valid_data_points": 5360,
  "data_sources": 4,
  "active_alerts": 2757628,
  "market_signals": 102
}