{
  "timestamp": "2025-08-28T07:58:57.275382",
  "overall_quality": 1.0,
  "avg_latency": 282.3978026106619,
  "total_data_points": 5440,
  "valid_data_points": 5440,
  "data_sources": 4,
  "active_alerts": 1604359,
  "market_signals": 101
}