{
  "timestamp": "2025-08-29T00:30:41.775203",
  "overall_quality": 1.0,
  "avg_latency": 181.86297839530408,
  "total_data_points": 3620,
  "valid_data_points": 3620,
  "data_sources": 4,
  "active_alerts": 2034011,
  "market_signals": 102
}