{
  "timestamp": "2025-08-28T05:22:41.390631",
  "overall_quality": 1.0,
  "avg_latency": 245.72594672325604,
  "total_data_points": 4730,
  "valid_data_points": 4730,
  "data_sources": 4,
  "active_alerts": 1538256,
  "market_signals": 100
}