{
  "timestamp": "2025-08-27T02:55:51.990341",
  "overall_quality": 1.0,
  "avg_latency": 198.21062700026175,
  "total_data_points": 3820,
  "valid_data_points": 3820,
  "data_sources": 4,
  "active_alerts": 854056,
  "market_signals": 101
}