{
  "timestamp": "2025-08-26T09:08:38.387411",
  "overall_quality": 1.0,
  "avg_latency": 287.63761897545055,
  "total_data_points": 5540,
  "valid_data_points": 5540,
  "data_sources": 4,
  "active_alerts": 398397,
  "market_signals": 103
}