{
  "timestamp": "2025-08-28T08:31:30.792947",
  "overall_quality": 1.0,
  "avg_latency": 209.16893733208943,
  "total_data_points": 4020,
  "valid_data_points": 4020,
  "data_sources": 4,
  "active_alerts": 1618284,
  "market_signals": 100
}