{
  "timestamp": "2025-08-27T00:03:52.073364",
  "overall_quality": 1.0,
  "avg_latency": 289.778463591577,
  "total_data_points": 5580,
  "valid_data_points": 5580,
  "data_sources": 4,
  "active_alerts": 780274,
  "market_signals": 101
}