{
  "timestamp": "2025-08-26T15:58:49.534449",
  "overall_quality": 1.0,
  "avg_latency": 291.55335509874465,
  "total_data_points": 5580,
  "valid_data_points": 5580,
  "data_sources": 4,
  "active_alerts": 573744,
  "market_signals": 102
}