{
  "timestamp": "2025-08-29T18:52:57.688291",
  "overall_quality": 1.0,
  "avg_latency": 244.73524089214473,
  "total_data_points": 4710,
  "valid_data_points": 4710,
  "data_sources": 4,
  "active_alerts": 2510400,
  "market_signals": 102
}