{
  "timestamp": "2025-08-29T17:32:47.334423",
  "overall_quality": 1.0,
  "avg_latency": 240.1672357245118,
  "total_data_points": 4610,
  "valid_data_points": 4610,
  "data_sources": 4,
  "active_alerts": 2476034,
  "market_signals": 100
}