{
  "timestamp": "2025-08-28T12:27:46.375854",
  "overall_quality": 1.0,
  "avg_latency": 246.16781274458077,
  "total_data_points": 4890,
  "valid_data_points": 4890,
  "data_sources": 4,
  "active_alerts": 1718371,
  "market_signals": 103
}