{
  "timestamp": "2025-08-27T07:59:40.806069",
  "overall_quality": 1.0,
  "avg_latency": 161.5770185619357,
  "total_data_points": 3100,
  "valid_data_points": 3100,
  "data_sources": 4,
  "active_alerts": 985283,
  "market_signals": 100
}