{
  "timestamp": "2025-08-27T23:59:56.200199",
  "overall_quality": 1.0,
  "avg_latency": 164.3109793103972,
  "total_data_points": 3270,
  "valid_data_points": 3270,
  "data_sources": 4,
  "active_alerts": 1397401,
  "market_signals": 101
}