{
  "timestamp": "2025-08-26T18:26:47.509681",
  "overall_quality": 1.0,
  "avg_latency": 229.10093996150346,
  "total_data_points": 4390,
  "valid_data_points": 4390,
  "data_sources": 4,
  "active_alerts": 637489,
  "market_signals": 100
}