{
  "timestamp": "2025-08-27T00:39:57.991523",
  "overall_quality": 1.0,
  "avg_latency": 172.18993428975898,
  "total_data_points": 3320,
  "valid_data_points": 3320,
  "data_sources": 4,
  "active_alerts": 795871,
  "market_signals": 101
}