{
  "timestamp": "2025-08-28T06:10:46.719280",
  "overall_quality": 1.0,
  "avg_latency": 188.05005221212073,
  "total_data_points": 3630,
  "valid_data_points": 3630,
  "data_sources": 4,
  "active_alerts": 1559202,
  "market_signals": 102
}