{
  "timestamp": "2025-08-29T07:48:52.326940",
  "overall_quality": 1.0,
  "avg_latency": 276.39934697966135,
  "total_data_points": 5310,
  "valid_data_points": 5310,
  "data_sources": 4,
  "active_alerts": 2226824,
  "market_signals": 101
}