{
  "timestamp": "2025-08-29T14:24:57.196500",
  "overall_quality": 1.0,
  "avg_latency": 156.33246234883717,
  "total_data_points": 3010,
  "valid_data_points": 3010,
  "data_sources": 4,
  "active_alerts": 2396674,
  "market_signals": 100
}