{
  "timestamp": "2025-08-28T21:59:38.899902",
  "overall_quality": 1.0,
  "avg_latency": 150.80728964180614,
  "total_data_points": 2990,
  "valid_data_points": 2990,
  "data_sources": 4,
  "active_alerts": 1966388,
  "market_signals": 103
}