{
  "timestamp": "2025-08-29T03:27:45.301044",
  "overall_quality": 1.0,
  "avg_latency": 243.25144555413166,
  "total_data_points": 4840,
  "valid_data_points": 4840,
  "data_sources": 4,
  "active_alerts": 2112063,
  "market_signals": 100
}