{
  "timestamp": "2025-08-27T21:44:53.366547",
  "overall_quality": 1.0,
  "avg_latency": 163.02586332324822,
  "total_data_points": 3140,
  "valid_data_points": 3140,
  "data_sources": 4,
  "active_alerts": 1337621,
  "market_signals": 101
}