{
  "timestamp": "2025-08-27T15:55:58.227479",
  "overall_quality": 1.0,
  "avg_latency": 197.79752746543502,
  "total_data_points": 3790,
  "valid_data_points": 3790,
  "data_sources": 4,
  "active_alerts": 1189442,
  "market_signals": 101
}