{
  "timestamp": "2025-08-27T15:47:55.850611",
  "overall_quality": 1.0,
  "avg_latency": 256.16771211056925,
  "total_data_points": 4920,
  "valid_data_points": 4920,
  "data_sources": 4,
  "active_alerts": 1185985,
  "market_signals": 101
}