{
  "timestamp": "2025-08-30T00:17:46.131560",
  "overall_quality": 1.0,
  "avg_latency": 238.26809184862591,
  "total_data_points": 4730,
  "valid_data_points": 4730,
  "data_sources": 4,
  "active_alerts": 2652420,
  "market_signals": 101
}