{
  "timestamp": "2025-08-27T17:05:41.897702",
  "overall_quality": 1.0,
  "avg_latency": 188.99830389143688,
  "total_data_points": 3620,
  "valid_data_points": 3620,
  "data_sources": 4,
  "active_alerts": 1219108,
  "market_signals": 103
}