{
  "timestamp": "2025-08-29T07:08:50.608554",
  "overall_quality": 1.0,
  "avg_latency": 275.2600505084555,
  "total_data_points": 5440,
  "valid_data_points": 5440,
  "data_sources": 4,
  "active_alerts": 2209568,
  "market_signals": 100
}