{
  "timestamp": "2025-08-28T15:35:53.522694",
  "overall_quality": 1.0,
  "avg_latency": 189.08354122005434,
  "total_data_points": 3640,
  "valid_data_points": 3640,
  "data_sources": 4,
  "active_alerts": 1799797,
  "market_signals": 100
}