{
  "timestamp": "2025-08-27T11:12:40.625291",
  "overall_quality": 1.0,
  "avg_latency": 250.4702652237003,
  "total_data_points": 4810,
  "valid_data_points": 4810,
  "data_sources": 4,
  "active_alerts": 1068233,
  "market_signals": 102
}