{
  "timestamp": "2025-08-29T10:14:34.400771",
  "overall_quality": 1.0,
  "avg_latency": 296.1240398626322,
  "total_data_points": 5700,
  "valid_data_points": 5700,
  "data_sources": 4,
  "active_alerts": 2289323,
  "market_signals": 102
}