{
  "timestamp": "2025-08-26T04:09:42.718296",
  "overall_quality": 1.0,
  "avg_latency": 171.47441421716846,
  "total_data_points": 3320,
  "valid_data_points": 3320,
  "data_sources": 4,
  "active_alerts": 271519,
  "market_signals": 102
}