{
  "timestamp": "2025-08-27T09:58:59.044275",
  "overall_quality": 1.0,
  "avg_latency": 289.739742937635,
  "total_data_points": 5580,
  "valid_data_points": 5580,
  "data_sources": 4,
  "active_alerts": 1036361,
  "market_signals": 101
}