{
  "timestamp": "2025-08-29T00:36:41.896858",
  "overall_quality": 1.0,
  "avg_latency": 211.71451031235028,
  "total_data_points": 4210,
  "valid_data_points": 4210,
  "data_sources": 4,
  "active_alerts": 2036834,
  "market_signals": 102
}