{
  "timestamp": "2025-08-25T18:33:53.684131",
  "overall_quality": 1.0,
  "avg_latency": 151.05770728866688,
  "total_data_points": 3000,
  "valid_data_points": 3000,
  "data_sources": 4,
  "active_alerts": 26662,
  "market_signals": 101
}