{
  "timestamp": "2025-08-28T23:56:41.182388",
  "overall_quality": 1.0,
  "avg_latency": 211.6539800630955,
  "total_data_points": 4200,
  "valid_data_points": 4200,
  "data_sources": 4,
  "active_alerts": 2018653,
  "market_signals": 100
}