{
  "timestamp": "2025-08-26T18:11:44.231984",
  "overall_quality": 1.0,
  "avg_latency": 227.3520240972539,
  "total_data_points": 4370,
  "valid_data_points": 4370,
  "data_sources": 4,
  "active_alerts": 630954,
  "market_signals": 100
}