{
  "timestamp": "2025-08-26T05:00:52.396840",
  "overall_quality": 1.0,
  "avg_latency": 206.49132240755654,
  "total_data_points": 3970,
  "valid_data_points": 3970,
  "data_sources": 4,
  "active_alerts": 292828,
  "market_signals": 100
}