{
  "timestamp": "2025-08-28T03:51:33.282400",
  "overall_quality": 1.0,
  "avg_latency": 212.3628222553921,
  "total_data_points": 4080,
  "valid_data_points": 4080,
  "data_sources": 4,
  "active_alerts": 1499296,
  "market_signals": 101
}