{
  "timestamp": "2025-08-27T21:05:48.968668",
  "overall_quality": 1.0,
  "avg_latency": 191.5653122842394,
  "total_data_points": 3680,
  "valid_data_points": 3680,
  "data_sources": 4,
  "active_alerts": 1320895,
  "market_signals": 101
}