{
  "timestamp": "2025-08-27T10:45:36.543233",
  "overall_quality": 1.0,
  "avg_latency": 188.4405304019338,
  "total_data_points": 3620,
  "valid_data_points": 3620,
  "data_sources": 4,
  "active_alerts": 1056287,
  "market_signals": 101
}