{
  "timestamp": "2025-08-27T11:15:40.891129",
  "overall_quality": 1.0,
  "avg_latency": 190.39664373378702,
  "total_data_points": 3670,
  "valid_data_points": 3670,
  "data_sources": 4,
  "active_alerts": 1069520,
  "market_signals": 103
}