{
  "timestamp": "2025-08-28T03:27:31.016320",
  "overall_quality": 1.0,
  "avg_latency": 242.56527260611804,
  "total_data_points": 4740,
  "valid_data_points": 4740,
  "data_sources": 4,
  "active_alerts": 1489084,
  "market_signals": 100
}