{
  "timestamp": "2025-08-29T17:42:48.395460",
  "overall_quality": 1.0,
  "avg_latency": 240.82299826328273,
  "total_data_points": 4630,
  "valid_data_points": 4630,
  "data_sources": 4,
  "active_alerts": 2480254,
  "market_signals": 102
}