{
  "timestamp": "2025-08-25T20:16:38.111220",
  "overall_quality": 1.0,
  "avg_latency": 232.0858354561794,
  "total_data_points": 4450,
  "valid_data_points": 4450,
  "data_sources": 4,
  "active_alerts": 70976,
  "market_signals": 101
}