{
  "timestamp": "2025-08-28T01:20:57.715005",
  "overall_quality": 1.0,
  "avg_latency": 195.22724169536087,
  "total_data_points": 3880,
  "valid_data_points": 3880,
  "data_sources": 4,
  "active_alerts": 1433283,
  "market_signals": 100
}