{
  "timestamp": "2025-08-30T02:57:49.373527",
  "overall_quality": 1.0,
  "avg_latency": 239.2298562023113,
  "total_data_points": 4760,
  "valid_data_points": 4760,
  "data_sources": 4,
  "active_alerts": 2723144,
  "market_signals": 104
}