{
  "timestamp": "2025-08-26T13:39:54.468912",
  "overall_quality": 1.0,
  "avg_latency": 174.7599456465877,
  "total_data_points": 3370,
  "valid_data_points": 3370,
  "data_sources": 4,
  "active_alerts": 514381,
  "market_signals": 103
}