{
  "timestamp": "2025-08-28T12:24:46.325964",
  "overall_quality": 1.0,
  "avg_latency": 156.1151280732256,
  "total_data_points": 3100,
  "valid_data_points": 3100,
  "data_sources": 4,
  "active_alerts": 1717044,
  "market_signals": 102
}