{
  "timestamp": "2025-08-28T17:56:34.429708",
  "overall_quality": 1.0,
  "avg_latency": 207.31233164338235,
  "total_data_points": 4080,
  "valid_data_points": 4080,
  "data_sources": 4,
  "active_alerts": 1860232,
  "market_signals": 101
}