{
  "timestamp": "2025-08-29T00:40:41.978920",
  "overall_quality": 1.0,
  "avg_latency": 181.83498306381202,
  "total_data_points": 3620,
  "valid_data_points": 3620,
  "data_sources": 4,
  "active_alerts": 2038587,
  "market_signals": 102
}