{
  "timestamp": "2025-08-26T21:31:52.638788",
  "overall_quality": 1.0,
  "avg_latency": 230.970518741776,
  "total_data_points": 4438,
  "valid_data_points": 4438,
  "data_sources": 4,
  "active_alerts": 716526,
  "market_signals": 101
}