{
  "timestamp": "2025-08-27T03:36:29.992994",
  "overall_quality": 1.0,
  "avg_latency": 217.12028876076562,
  "total_data_points": 4180,
  "valid_data_points": 4180,
  "data_sources": 4,
  "active_alerts": 871865,
  "market_signals": 103
}