{
  "timestamp": "2025-08-28T23:38:40.881741",
  "overall_quality": 1.0,
  "avg_latency": 271.5457054998153,
  "total_data_points": 5400,
  "valid_data_points": 5400,
  "data_sources": 4,
  "active_alerts": 2010660,
  "market_signals": 101
}