{
  "timestamp": "2025-08-27T11:20:41.750713",
  "overall_quality": 1.0,
  "avg_latency": 190.53443973433303,
  "total_data_points": 3670,
  "valid_data_points": 3670,
  "data_sources": 4,
  "active_alerts": 1071430,
  "market_signals": 100
}