{
  "timestamp": "2025-08-26T23:40:47.598885",
  "overall_quality": 1.0,
  "avg_latency": 197.554570978947,
  "total_data_points": 3800,
  "valid_data_points": 3800,
  "data_sources": 4,
  "active_alerts": 770420,
  "market_signals": 106
}