{
  "timestamp": "2025-08-29T03:45:45.607921",
  "overall_quality": 1.0,
  "avg_latency": 183.31094892719722,
  "total_data_points": 3640,
  "valid_data_points": 3640,
  "data_sources": 4,
  "active_alerts": 2120180,
  "market_signals": 101
}