{
  "timestamp": "2025-08-28T16:23:57.349747",
  "overall_quality": 1.0,
  "avg_latency": 280.8103664651861,
  "total_data_points": 5400,
  "valid_data_points": 5400,
  "data_sources": 4,
  "active_alerts": 1820604,
  "market_signals": 100
}