{
  "timestamp": "2025-08-27T07:32:36.705589",
  "overall_quality": 1.0,
  "avg_latency": 249.72205745541666,
  "total_data_points": 4800,
  "valid_data_points": 4800,
  "data_sources": 4,
  "active_alerts": 973687,
  "market_signals": 103
}