{
  "timestamp": "2025-08-28T11:07:42.956356",
  "overall_quality": 1.0,
  "avg_latency": 244.7321314760084,
  "total_data_points": 4710,
  "valid_data_points": 4710,
  "data_sources": 4,
  "active_alerts": 1684076,
  "market_signals": 102
}