{
  "timestamp": "2025-08-28T12:23:46.311332",
  "overall_quality": 1.0,
  "avg_latency": 275.57271245683063,
  "total_data_points": 5490,
  "valid_data_points": 5490,
  "data_sources": 4,
  "active_alerts": 1716681,
  "market_signals": 101
}