{
  "timestamp": "2025-08-28T21:49:38.681339",
  "overall_quality": 1.0,
  "avg_latency": 150.34981446266667,
  "total_data_points": 3000,
  "valid_data_points": 3000,
  "data_sources": 4,
  "active_alerts": 1962117,
  "market_signals": 100
}