{
  "timestamp": "2025-08-25T23:43:52.914720",
  "overall_quality": 1.0,
  "avg_latency": 298.5959369329837,
  "total_data_points": 5730,
  "valid_data_points": 5730,
  "data_sources": 4,
  "active_alerts": 159866,
  "market_signals": 102
}