{
  "timestamp": "2025-08-28T05:45:44.083057",
  "overall_quality": 1.0,
  "avg_latency": 187.20366846072423,
  "total_data_points": 3590,
  "valid_data_points": 3590,
  "data_sources": 4,
  "active_alerts": 1548386,
  "market_signals": 101
}