{
  "timestamp": "2025-08-29T14:52:59.507273",
  "overall_quality": 1.0,
  "avg_latency": 247.2089814981058,
  "total_data_points": 4750,
  "valid_data_points": 4750,
  "data_sources": 4,
  "active_alerts": 2408615,
  "market_signals": 100
}