{
  "timestamp": "2025-08-29T21:51:43.000867",
  "overall_quality": 1.0,
  "avg_latency": 206.32991760072952,
  "total_data_points": 4110,
  "valid_data_points": 4110,
  "data_sources": 4,
  "active_alerts": 2586911,
  "market_signals": 103
}