{
  "timestamp": "2025-08-27T23:10:55.282382",
  "overall_quality": 1.0,
  "avg_latency": 194.06666600935287,
  "total_data_points": 3849,
  "valid_data_points": 3849,
  "data_sources": 4,
  "active_alerts": 1375838,
  "market_signals": 100
}