{
  "timestamp": "2025-08-29T20:51:38.889075",
  "overall_quality": 1.0,
  "avg_latency": 204.4377646218272,
  "total_data_points": 3940,
  "valid_data_points": 3940,
  "data_sources": 4,
  "active_alerts": 2561148,
  "market_signals": 102
}