{
  "timestamp": "2025-08-26T09:17:40.151619",
  "overall_quality": 1.0,
  "avg_latency": 258.6200845384306,
  "total_data_points": 4970,
  "valid_data_points": 4970,
  "data_sources": 4,
  "active_alerts": 402523,
  "market_signals": 101
}