{
  "timestamp": "2025-08-28T11:18:43.815460",
  "overall_quality": 1.0,
  "avg_latency": 274.74475944582787,
  "total_data_points": 5298,
  "valid_data_points": 5298,
  "data_sources": 4,
  "active_alerts": 1688966,
  "market_signals": 102
}