{
  "timestamp": "2025-08-29T03:30:45.346859",
  "overall_quality": 1.0,
  "avg_latency": 182.9825864140108,
  "total_data_points": 3640,
  "valid_data_points": 3640,
  "data_sources": 4,
  "active_alerts": 2113450,
  "market_signals": 101
}