{
  "timestamp": "2025-08-28T13:40:47.724415",
  "overall_quality": 1.0,
  "avg_latency": 186.12546497250645,
  "total_data_points": 3710,
  "valid_data_points": 3710,
  "data_sources": 4,
  "active_alerts": 1750471,
  "market_signals": 100
}