{
  "timestamp": "2025-08-29T09:09:58.634054",
  "overall_quality": 1.0,
  "avg_latency": 158.60916513006512,
  "total_data_points": 3060,
  "valid_data_points": 3060,
  "data_sources": 4,
  "active_alerts": 2261500,
  "market_signals": 101
}