{
  "timestamp": "2025-08-28T16:30:57.993286",
  "overall_quality": 1.0,
  "avg_latency": 190.75018908583078,
  "total_data_points": 3670,
  "valid_data_points": 3670,
  "data_sources": 4,
  "active_alerts": 1823798,
  "market_signals": 100
}