{
  "timestamp": "2025-08-26T22:36:35.033362",
  "overall_quality": 1.0,
  "avg_latency": 221.63038131173735,
  "total_data_points": 4260,
  "valid_data_points": 4260,
  "data_sources": 4,
  "active_alerts": 743766,
  "market_signals": 101
}