{
  "timestamp": "2025-08-29T14:37:58.229035",
  "overall_quality": 1.0,
  "avg_latency": 246.77814776378935,
  "total_data_points": 4750,
  "valid_data_points": 4750,
  "data_sources": 4,
  "active_alerts": 2402088,
  "market_signals": 101
}