{
  "timestamp": "2025-08-28T10:21:39.358060",
  "overall_quality": 1.0,
  "avg_latency": 212.89183973496299,
  "total_data_points": 4090,
  "valid_data_points": 4090,
  "data_sources": 4,
  "active_alerts": 1664856,
  "market_signals": 102
}