{
  "timestamp": "2025-08-30T02:39:49.059323",
  "overall_quality": 1.0,
  "avg_latency": 298.7612577391594,
  "total_data_points": 5950,
  "valid_data_points": 5950,
  "data_sources": 4,
  "active_alerts": 2715518,
  "market_signals": 102
}