{
  "timestamp": "2025-08-30T05:57:52.822613",
  "overall_quality": 1.0,
  "avg_latency": 240.60973113535468,
  "total_data_points": 4780,
  "valid_data_points": 4780,
  "data_sources": 4,
  "active_alerts": 2801714,
  "market_signals": 100
}