{
  "timestamp": "2025-08-26T13:31:53.282736",
  "overall_quality": 1.0,
  "avg_latency": 233.69885970777858,
  "total_data_points": 4500,
  "valid_data_points": 4500,
  "data_sources": 4,
  "active_alerts": 510989,
  "market_signals": 103
}