{
  "timestamp": "2025-08-27T07:20:34.885001",
  "overall_quality": 1.0,
  "avg_latency": 188.8679912915404,
  "total_data_points": 3629,
  "valid_data_points": 3629,
  "data_sources": 4,
  "active_alerts": 968704,
  "market_signals": 101
}