{
  "timestamp": "2025-08-27T22:13:54.233308",
  "overall_quality": 1.0,
  "avg_latency": 283.56141178206093,
  "total_data_points": 5630,
  "valid_data_points": 5630,
  "data_sources": 4,
  "active_alerts": 1350766,
  "market_signals": 101
}