{
  "timestamp": "2025-08-26T08:26:59.995673",
  "overall_quality": 1.0,
  "avg_latency": 238.98177001546821,
  "total_data_points": 4590,
  "valid_data_points": 4590,
  "data_sources": 4,
  "active_alerts": 381068,
  "market_signals": 101
}