{
  "timestamp": "2025-08-29T02:24:44.060114",
  "overall_quality": 1.0,
  "avg_latency": 152.60102139108898,
  "total_data_points": 3030,
  "valid_data_points": 3030,
  "data_sources": 4,
  "active_alerts": 2083927,
  "market_signals": 101
}