{
  "timestamp": "2025-08-26T01:10:39.357166",
  "overall_quality": 1.0,
  "avg_latency": 201.24166989326443,
  "total_data_points": 3860,
  "valid_data_points": 3860,
  "data_sources": 4,
  "active_alerts": 195699,
  "market_signals": 101
}