{
  "timestamp": "2025-08-29T04:12:46.115197",
  "overall_quality": 1.0,
  "avg_latency": 243.64080284483498,
  "total_data_points": 4840,
  "valid_data_points": 4840,
  "data_sources": 4,
  "active_alerts": 2131777,
  "market_signals": 104
}