{
  "timestamp": "2025-08-29T08:23:54.890454",
  "overall_quality": 1.0,
  "avg_latency": 277.33879547579807,
  "total_data_points": 5330,
  "valid_data_points": 5330,
  "data_sources": 4,
  "active_alerts": 2242030,
  "market_signals": 102
}