{
  "timestamp": "2025-08-26T12:08:38.398123",
  "overall_quality": 1.0,
  "avg_latency": 286.9007280094032,
  "total_data_points": 5530,
  "valid_data_points": 5530,
  "data_sources": 4,
  "active_alerts": 476139,
  "market_signals": 103
}