{
  "timestamp": "2025-08-26T17:08:33.207273",
  "overall_quality": 1.0,
  "avg_latency": 282.59990030515536,
  "total_data_points": 5430,
  "valid_data_points": 5430,
  "data_sources": 4,
  "active_alerts": 604145,
  "market_signals": 100
}