{
  "timestamp": "2025-08-26T13:52:56.800390",
  "overall_quality": 1.0,
  "avg_latency": 265.55051954824233,
  "total_data_points": 5120,
  "valid_data_points": 5120,
  "data_sources": 4,
  "active_alerts": 519842,
  "market_signals": 100
}