{
  "timestamp": "2025-08-26T17:30:36.548391",
  "overall_quality": 1.0,
  "avg_latency": 194.2411683447723,
  "total_data_points": 3730,
  "valid_data_points": 3730,
  "data_sources": 4,
  "active_alerts": 613548,
  "market_signals": 101
}