{
  "timestamp": "2025-08-27T22:09:54.175118",
  "overall_quality": 1.0,
  "avg_latency": 163.23377302799966,
  "total_data_points": 3250,
  "valid_data_points": 3250,
  "data_sources": 4,
  "active_alerts": 1348878,
  "market_signals": 101
}