{
  "timestamp": "2025-08-26T23:49:48.891479",
  "overall_quality": 1.0,
  "avg_latency": 167.9365607916664,
  "total_data_points": 3240,
  "valid_data_points": 3240,
  "data_sources": 4,
  "active_alerts": 774229,
  "market_signals": 102
}