{
  "timestamp": "2025-08-25T22:19:37.494912",
  "overall_quality": 1.0,
  "avg_latency": 170.90325072621974,
  "total_data_points": 3280,
  "valid_data_points": 3280,
  "data_sources": 4,
  "active_alerts": 123256,
  "market_signals": 103
}