{
  "timestamp": "2025-08-27T00:02:51.687769",
  "overall_quality": 1.0,
  "avg_latency": 259.57659366320047,
  "total_data_points": 5000,
  "valid_data_points": 5000,
  "data_sources": 4,
  "active_alerts": 779764,
  "market_signals": 101
}