{
  "timestamp": "2025-08-27T10:54:37.903786",
  "overall_quality": 1.0,
  "avg_latency": 158.72816555163382,
  "total_data_points": 3060,
  "valid_data_points": 3060,
  "data_sources": 4,
  "active_alerts": 1060234,
  "market_signals": 105
}