{
  "timestamp": "2025-08-29T16:11:37.341969",
  "overall_quality": 1.0,
  "avg_latency": 205.87955725519058,
  "total_data_points": 3950,
  "valid_data_points": 3950,
  "data_sources": 4,
  "active_alerts": 2441435,
  "market_signals": 101
}