{
  "timestamp": "2025-08-30T02:52:49.278013",
  "overall_quality": 1.0,
  "avg_latency": 239.24665460336854,
  "total_data_points": 4750,
  "valid_data_points": 4750,
  "data_sources": 4,
  "active_alerts": 2721119,
  "market_signals": 100
}