{
  "timestamp": "2025-08-26T15:50:47.754682",
  "overall_quality": 1.0,
  "avg_latency": 200.4050219500004,
  "total_data_points": 3840,
  "valid_data_points": 3840,
  "data_sources": 4,
  "active_alerts": 570479,
  "market_signals": 100
}