{
  "timestamp": "2025-08-29T11:30:40.623308",
  "overall_quality": 1.0,
  "avg_latency": 179.14626983866307,
  "total_data_points": 3440,
  "valid_data_points": 3440,
  "data_sources": 4,
  "active_alerts": 2322241,
  "market_signals": 102
}