{
  "timestamp": "2025-08-27T09:13:51.902614",
  "overall_quality": 1.0,
  "avg_latency": 286.4439898303078,
  "total_data_points": 5510,
  "valid_data_points": 5510,
  "data_sources": 4,
  "active_alerts": 1017014,
  "market_signals": 100
}