{
  "timestamp": "2025-08-26T06:19:36.941451",
  "overall_quality": 1.0,
  "avg_latency": 168.26087032972166,
  "total_data_points": 3230,
  "valid_data_points": 3230,
  "data_sources": 4,
  "active_alerts": 326262,
  "market_signals": 100
}