{
  "timestamp": "2025-08-27T06:42:59.037723",
  "overall_quality": 1.0,
  "avg_latency": 260.73309674371336,
  "total_data_points": 5010,
  "valid_data_points": 5010,
  "data_sources": 4,
  "active_alerts": 952719,
  "market_signals": 105
}