{
  "timestamp": "2025-08-25T17:59:52.609832",
  "overall_quality": 1.0,
  "avg_latency": 180.14920814373266,
  "total_data_points": 3590,
  "valid_data_points": 3590,
  "data_sources": 4,
  "active_alerts": 11419,
  "market_signals": 102
}