{
  "timestamp": "2025-08-30T08:09:55.146598",
  "overall_quality": 1.0,
  "avg_latency": 151.26725149667794,
  "total_data_points": 3010,
  "valid_data_points": 3010,
  "data_sources": 4,
  "active_alerts": 2859907,
  "market_signals": 103
}