{
  "timestamp": "2025-08-28T23:07:40.299095",
  "overall_quality": 1.0,
  "avg_latency": 240.90609519750126,
  "total_data_points": 4800,
  "valid_data_points": 4800,
  "data_sources": 4,
  "active_alerts": 1996838,
  "market_signals": 102
}