{
  "timestamp": "2025-08-30T03:19:49.763393",
  "overall_quality": 1.0,
  "avg_latency": 299.3688699364698,
  "total_data_points": 5950,
  "valid_data_points": 5950,
  "data_sources": 4,
  "active_alerts": 2732440,
  "market_signals": 102
}