{
  "timestamp": "2025-08-29T02:32:44.195603",
  "overall_quality": 1.0,
  "avg_latency": 242.62367698447133,
  "total_data_points": 4830,
  "valid_data_points": 4830,
  "data_sources": 4,
  "active_alerts": 2087518,
  "market_signals": 102
}