{
  "timestamp": "2025-08-29T21:52:43.019047",
  "overall_quality": 1.0,
  "avg_latency": 236.67907170383006,
  "total_data_points": 4700,
  "valid_data_points": 4700,
  "data_sources": 4,
  "active_alerts": 2587352,
  "market_signals": 103
}