{
  "timestamp": "2025-08-29T16:29:39.594631",
  "overall_quality": 1.0,
  "avg_latency": 296.79679267267994,
  "total_data_points": 5710,
  "valid_data_points": 5710,
  "data_sources": 4,
  "active_alerts": 2448748,
  "market_signals": 102
}