{
  "timestamp": "2025-08-27T14:26:42.624785",
  "overall_quality": 1.0,
  "avg_latency": 220.16651292075454,
  "total_data_points": 4240,
  "valid_data_points": 4240,
  "data_sources": 4,
  "active_alerts": 1151417,
  "market_signals": 102
}