{
  "timestamp": "2025-08-26T17:34:37.265006",
  "overall_quality": 1.0,
  "avg_latency": 164.3590457257146,
  "total_data_points": 3150,
  "valid_data_points": 3150,
  "data_sources": 4,
  "active_alerts": 615322,
  "market_signals": 102
}