{
  "timestamp": "2025-08-25T22:03:33.170651",
  "overall_quality": 1.0,
  "avg_latency": 289.0232855253184,
  "total_data_points": 5490,
  "valid_data_points": 5490,
  "data_sources": 4,
  "active_alerts": 116444,
  "market_signals": 101
}