{
  "timestamp": "2025-08-29T22:17:43.713647",
  "overall_quality": 1.0,
  "avg_latency": 237.20568647579688,
  "total_data_points": 4710,
  "valid_data_points": 4710,
  "data_sources": 4,
  "active_alerts": 2598735,
  "market_signals": 102
}