{
  "timestamp": "2025-08-29T11:05:38.487667",
  "overall_quality": 1.0,
  "avg_latency": 177.94427855830875,
  "total_data_points": 3430,
  "valid_data_points": 3430,
  "data_sources": 4,
  "active_alerts": 2311451,
  "market_signals": 101
}