{
  "timestamp": "2025-08-27T06:17:54.962912",
  "overall_quality": 1.0,
  "avg_latency": 259.0618651070265,
  "total_data_points": 4980,
  "valid_data_points": 4980,
  "data_sources": 4,
  "active_alerts": 941672,
  "market_signals": 104
}