{
  "timestamp": "2025-08-29T13:49:53.841085",
  "overall_quality": 1.0,
  "avg_latency": 154.93746399865776,
  "total_data_points": 2980,
  "valid_data_points": 2980,
  "data_sources": 4,
  "active_alerts": 2381708,
  "market_signals": 100
}