{
  "timestamp": "2025-08-30T00:32:46.414608",
  "overall_quality": 1.0,
  "avg_latency": 238.31131499450277,
  "total_data_points": 4730,
  "valid_data_points": 4730,
  "data_sources": 4,
  "active_alerts": 2659171,
  "market_signals": 100
}