{
  "timestamp": "2025-08-27T16:55:40.067407",
  "overall_quality": 1.0,
  "avg_latency": 188.15791667396093,
  "total_data_points": 3610,
  "valid_data_points": 3610,
  "data_sources": 4,
  "active_alerts": 1214991,
  "market_signals": 103
}