{
  "timestamp": "2025-08-29T16:09:37.194265",
  "overall_quality": 1.0,
  "avg_latency": 295.31295023983114,
  "total_data_points": 5679,
  "valid_data_points": 5679,
  "data_sources": 4,
  "active_alerts": 2440602,
  "market_signals": 101
}