{
  "timestamp": "2025-08-29T13:11:50.490499",
  "overall_quality": 1.0,
  "avg_latency": 212.95629925268324,
  "total_data_points": 4100,
  "valid_data_points": 4100,
  "data_sources": 4,
  "active_alerts": 2365236,
  "market_signals": 103
}