{
  "timestamp": "2025-08-27T21:43:53.287754",
  "overall_quality": 1.0,
  "avg_latency": 283.0707791652564,
  "total_data_points": 5440,
  "valid_data_points": 5440,
  "data_sources": 4,
  "active_alerts": 1337113,
  "market_signals": 104
}