{
  "timestamp": "2025-08-27T00:04:52.330608",
  "overall_quality": 1.0,
  "avg_latency": 169.39581271687135,
  "total_data_points": 3260,
  "valid_data_points": 3260,
  "data_sources": 4,
  "active_alerts": 780676,
  "market_signals": 102
}