{
  "timestamp": "2025-08-27T11:45:45.430716",
  "overall_quality": 1.0,
  "avg_latency": 192.62523994756666,
  "total_data_points": 3700,
  "valid_data_points": 3700,
  "data_sources": 4,
  "active_alerts": 1082571,
  "market_signals": 100
}