{
  "timestamp": "2025-08-29T08:44:56.400782",
  "overall_quality": 1.0,
  "avg_latency": 157.9382438092408,
  "total_data_points": 3030,
  "valid_data_points": 3030,
  "data_sources": 4,
  "active_alerts": 2251034,
  "market_signals": 101
}