{
  "timestamp": "2025-08-29T12:39:47.196716",
  "overall_quality": 1.0,
  "avg_latency": 152.13275546678113,
  "total_data_points": 2920,
  "valid_data_points": 2920,
  "data_sources": 4,
  "active_alerts": 2351432,
  "market_signals": 101
}