{
  "timestamp": "2025-08-25T20:40:43.572955",
  "overall_quality": 1.0,
  "avg_latency": 205.05243205561285,
  "total_data_points": 3920,
  "valid_data_points": 3920,
  "data_sources": 4,
  "active_alerts": 81403,
  "market_signals": 104
}