{
  "timestamp": "2025-08-29T06:55:50.156460",
  "overall_quality": 1.0,
  "avg_latency": 185.17358428191778,
  "total_data_points": 3650,
  "valid_data_points": 3650,
  "data_sources": 4,
  "active_alerts": 2203760,
  "market_signals": 102
}