{
  "timestamp": "2025-08-26T06:35:39.993487",
  "overall_quality": 1.0,
  "avg_latency": 199.84311883775985,
  "total_data_points": 3840,
  "valid_data_points": 3840,
  "data_sources": 4,
  "active_alerts": 333139,
  "market_signals": 101
}