{
  "timestamp": "2025-08-29T10:16:34.435265",
  "overall_quality": 1.0,
  "avg_latency": 205.3441313042497,
  "total_data_points": 4000,
  "valid_data_points": 4000,
  "data_sources": 4,
  "active_alerts": 2290228,
  "market_signals": 103
}