{
  "timestamp": "2025-08-30T07:49:54.796874",
  "overall_quality": 1.0,
  "avg_latency": 151.7176801614615,
  "total_data_points": 3010,
  "valid_data_points": 3010,
  "data_sources": 4,
  "active_alerts": 2850838,
  "market_signals": 101
}