{
  "timestamp": "2025-08-26T17:39:38.558350",
  "overall_quality": 1.0,
  "avg_latency": 165.0408431050633,
  "total_data_points": 3160,
  "valid_data_points": 3160,
  "data_sources": 4,
  "active_alerts": 617371,
  "market_signals": 101
}