{
  "timestamp": "2025-08-28T10:32:40.078308",
  "overall_quality": 1.0,
  "avg_latency": 243.4997159341149,
  "total_data_points": 4690,
  "valid_data_points": 4690,
  "data_sources": 4,
  "active_alerts": 1669409,
  "market_signals": 101
}