{
  "timestamp": "2025-08-28T17:36:33.202210",
  "overall_quality": 1.0,
  "avg_latency": 208.548738468812,
  "total_data_points": 4008,
  "valid_data_points": 4008,
  "data_sources": 4,
  "active_alerts": 1851671,
  "market_signals": 100
}