{
  "timestamp": "2025-08-29T13:52:54.150933",
  "overall_quality": 1.0,
  "avg_latency": 245.28507753885327,
  "total_data_points": 4710,
  "valid_data_points": 4710,
  "data_sources": 4,
  "active_alerts": 2382834,
  "market_signals": 101
}