{
  "timestamp": "2025-08-25T17:35:51.960326",
  "overall_quality": 1.0,
  "avg_latency": 60.20983979833341,
  "total_data_points": 1200,
  "valid_data_points": 1200,
  "data_sources": 4,
  "active_alerts": 734,
  "market_signals": 102
}