{
  "timestamp": "2025-08-29T12:21:45.361366",
  "overall_quality": 1.0,
  "avg_latency": 211.27930598940952,
  "total_data_points": 4060,
  "valid_data_points": 4060,
  "data_sources": 4,
  "active_alerts": 2343551,
  "market_signals": 103
}