{
  "timestamp": "2025-08-27T12:23:52.241014",
  "overall_quality": 1.0,
  "avg_latency": 285.552683430055,
  "total_data_points": 5490,
  "valid_data_points": 5490,
  "data_sources": 4,
  "active_alerts": 1098645,
  "market_signals": 100
}