{
  "timestamp": "2025-08-28T23:24:40.633540",
  "overall_quality": 1.0,
  "avg_latency": 151.70294799269107,
  "total_data_points": 3010,
  "valid_data_points": 3010,
  "data_sources": 4,
  "active_alerts": 2004315,
  "market_signals": 101
}