{
  "timestamp": "2025-08-27T06:28:56.716874",
  "overall_quality": 1.0,
  "avg_latency": 289.95032004488314,
  "total_data_points": 5570,
  "valid_data_points": 5570,
  "data_sources": 4,
  "active_alerts": 946568,
  "market_signals": 101
}