{
  "timestamp": "2025-08-28T00:35:56.870680",
  "overall_quality": 1.0,
  "avg_latency": 194.51350381989712,
  "total_data_points": 3870,
  "valid_data_points": 3870,
  "data_sources": 4,
  "active_alerts": 1413217,
  "market_signals": 100
}