{
  "timestamp": "2025-08-27T00:17:54.559669",
  "overall_quality": 1.0,
  "avg_latency": 260.490412668063,
  "total_data_points": 5010,
  "valid_data_points": 5010,
  "data_sources": 4,
  "active_alerts": 786396,
  "market_signals": 102
}