{
  "timestamp": "2025-08-29T14:16:56.406187",
  "overall_quality": 1.0,
  "avg_latency": 215.83301297566297,
  "total_data_points": 4150,
  "valid_data_points": 4150,
  "data_sources": 4,
  "active_alerts": 2393269,
  "market_signals": 102
}