{
  "timestamp": "2025-08-25T22:36:41.021374",
  "overall_quality": 1.0,
  "avg_latency": 232.532460259955,
  "total_data_points": 4470,
  "valid_data_points": 4470,
  "data_sources": 4,
  "active_alerts": 130472,
  "market_signals": 101
}