{
  "timestamp": "2025-08-27T16:46:38.304338",
  "overall_quality": 1.0,
  "avg_latency": 217.17245491842152,
  "total_data_points": 4180,
  "valid_data_points": 4180,
  "data_sources": 4,
  "active_alerts": 1211066,
  "market_signals": 100
}