{
  "timestamp": "2025-08-26T08:42:33.423836",
  "overall_quality": 1.0,
  "avg_latency": 255.5514760629338,
  "total_data_points": 4910,
  "valid_data_points": 4910,
  "data_sources": 4,
  "active_alerts": 387366,
  "market_signals": 102
}