{
  "timestamp": "2025-08-29T20:03:34.457480",
  "overall_quality": 1.0,
  "avg_latency": 262.83459277623786,
  "total_data_points": 5050,
  "valid_data_points": 5050,
  "data_sources": 4,
  "active_alerts": 2540600,
  "market_signals": 103
}