{
  "timestamp": "2025-08-25T17:54:52.483840",
  "overall_quality": 1.0,
  "avg_latency": 180.08683865391072,
  "total_data_points": 3580,
  "valid_data_points": 3580,
  "data_sources": 4,
  "active_alerts": 9314,
  "market_signals": 100
}