{
  "timestamp": "2025-08-29T06:36:49.457286",
  "overall_quality": 1.0,
  "avg_latency": 215.3353922821597,
  "total_data_points": 4260,
  "valid_data_points": 4260,
  "data_sources": 4,
  "active_alerts": 2195271,
  "market_signals": 101
}