{
  "timestamp": "2025-08-28T07:29:54.322706",
  "overall_quality": 1.0,
  "avg_latency": 161.36249259099674,
  "total_data_points": 3110,
  "valid_data_points": 3110,
  "data_sources": 4,
  "active_alerts": 1591720,
  "market_signals": 102
}