{
  "timestamp": "2025-08-30T08:51:56.031476",
  "overall_quality": 1.0,
  "avg_latency": 211.84413219431306,
  "total_data_points": 4220,
  "valid_data_points": 4220,
  "data_sources": 4,
  "active_alerts": 2877897,
  "market_signals": 103
}