{
  "timestamp": "2025-08-27T13:38:35.030668",
  "overall_quality": 1.0,
  "avg_latency": 276.4947650704886,
  "total_data_points": 5320,
  "valid_data_points": 5320,
  "data_sources": 4,
  "active_alerts": 1130734,
  "market_signals": 100
}