{
  "timestamp": "2025-08-30T02:30:48.908696",
  "overall_quality": 1.0,
  "avg_latency": 179.38494900365123,
  "total_data_points": 3560,
  "valid_data_points": 3560,
  "data_sources": 4,
  "active_alerts": 2711286,
  "market_signals": 103
}