{
  "timestamp": "2025-08-26T14:40:36.183814",
  "overall_quality": 1.0,
  "avg_latency": 194.73483052830645,
  "total_data_points": 3780,
  "valid_data_points": 3780,
  "data_sources": 4,
  "active_alerts": 540841,
  "market_signals": 101
}