{
  "timestamp": "2025-08-28T03:17:30.622672",
  "overall_quality": 1.0,
  "avg_latency": 241.52424484539776,
  "total_data_points": 4780,
  "valid_data_points": 4780,
  "data_sources": 4,
  "active_alerts": 1484536,
  "market_signals": 102
}