{
  "timestamp": "2025-08-27T06:23:56.069814",
  "overall_quality": 1.0,
  "avg_latency": 289.3848481384891,
  "total_data_points": 5560,
  "valid_data_points": 5560,
  "data_sources": 4,
  "active_alerts": 944417,
  "market_signals": 101
}