{
  "timestamp": "2025-08-26T10:37:53.030290",
  "overall_quality": 1.0,
  "avg_latency": 264.8683363594114,
  "total_data_points": 5100,
  "valid_data_points": 5100,
  "data_sources": 4,
  "active_alerts": 437110,
  "market_signals": 102
}