{
  "timestamp": "2025-08-26T07:17:47.346170",
  "overall_quality": 1.0,
  "avg_latency": 263.0978165669953,
  "total_data_points": 5060,
  "valid_data_points": 5060,
  "data_sources": 4,
  "active_alerts": 351242,
  "market_signals": 100
}