{
  "timestamp": "2025-08-29T03:58:45.850748",
  "overall_quality": 1.0,
  "avg_latency": 273.61286379687476,
  "total_data_points": 5440,
  "valid_data_points": 5440,
  "data_sources": 4,
  "active_alerts": 2125647,
  "market_signals": 103
}