{
  "timestamp": "2025-08-29T18:18:53.105110",
  "overall_quality": 1.0,
  "avg_latency": 272.89753964526443,
  "total_data_points": 5249,
  "valid_data_points": 5249,
  "data_sources": 4,
  "active_alerts": 2495626,
  "market_signals": 100
}