{
  "timestamp": "2025-08-26T20:32:42.155351",
  "overall_quality": 1.0,
  "avg_latency": 256.05325849085443,
  "total_data_points": 4920,
  "valid_data_points": 4920,
  "data_sources": 4,
  "active_alerts": 691344,
  "market_signals": 101
}