{
  "timestamp": "2025-08-29T17:57:50.829958",
  "overall_quality": 1.0,
  "avg_latency": 241.50132182974107,
  "total_data_points": 4640,
  "valid_data_points": 4640,
  "data_sources": 4,
  "active_alerts": 2486496,
  "market_signals": 103
}