{
  "timestamp": "2025-08-29T01:41:43.197939",
  "overall_quality": 1.0,
  "avg_latency": 212.54196856492874,
  "total_data_points": 4220,
  "valid_data_points": 4220,
  "data_sources": 4,
  "active_alerts": 2064904,
  "market_signals": 101
}