{
  "timestamp": "2025-08-28T17:24:32.481119",
  "overall_quality": 1.0,
  "avg_latency": 297.9362191938921,
  "total_data_points": 5730,
  "valid_data_points": 5730,
  "data_sources": 4,
  "active_alerts": 1846598,
  "market_signals": 102
}