{
  "timestamp": "2025-08-29T06:14:48.848963",
  "overall_quality": 1.0,
  "avg_latency": 154.8640974231274,
  "total_data_points": 3070,
  "valid_data_points": 3070,
  "data_sources": 4,
  "active_alerts": 2185234,
  "market_signals": 101
}