{
  "timestamp": "2025-08-26T16:09:51.512735",
  "overall_quality": 1.0,
  "avg_latency": 172.4959324603036,
  "total_data_points": 3300,
  "valid_data_points": 3300,
  "data_sources": 4,
  "active_alerts": 578663,
  "market_signals": 101
}