{
  "timestamp": "2025-08-29T08:47:56.640594",
  "overall_quality": 1.0,
  "avg_latency": 247.6683384385738,
  "total_data_points": 4770,
  "valid_data_points": 4770,
  "data_sources": 4,
  "active_alerts": 2252113,
  "market_signals": 100
}