{
  "timestamp": "2025-08-30T04:04:50.588272",
  "overall_quality": 1.0,
  "avg_latency": 299.3064207345641,
  "total_data_points": 5960,
  "valid_data_points": 5960,
  "data_sources": 4,
  "active_alerts": 2751706,
  "market_signals": 101
}