{
  "timestamp": "2025-08-29T06:22:49.035913",
  "overall_quality": 1.0,
  "avg_latency": 244.77943273847683,
  "total_data_points": 4860,
  "valid_data_points": 4860,
  "data_sources": 4,
  "active_alerts": 2188912,
  "market_signals": 102
}