{
  "timestamp": "2025-08-30T06:20:53.266755",
  "overall_quality": 1.0,
  "avg_latency": 180.72778110947013,
  "total_data_points": 3590,
  "valid_data_points": 3590,
  "data_sources": 4,
  "active_alerts": 2811732,
  "market_signals": 100
}