{
  "timestamp": "2025-08-28T01:04:57.400261",
  "overall_quality": 1.0,
  "avg_latency": 164.6733996993892,
  "total_data_points": 3270,
  "valid_data_points": 3270,
  "data_sources": 4,
  "active_alerts": 1426329,
  "market_signals": 101
}