{
  "timestamp": "2025-08-26T12:26:41.429460",
  "overall_quality": 1.0,
  "avg_latency": 228.88442052420754,
  "total_data_points": 4420,
  "valid_data_points": 4420,
  "data_sources": 4,
  "active_alerts": 483524,
  "market_signals": 100
}