{
  "timestamp": "2025-08-26T15:54:48.740403",
  "overall_quality": 1.0,
  "avg_latency": 170.67138794420703,
  "total_data_points": 3280,
  "valid_data_points": 3280,
  "data_sources": 4,
  "active_alerts": 572139,
  "market_signals": 101
}