{
  "timestamp": "2025-08-30T04:49:51.416002",
  "overall_quality": 1.0,
  "avg_latency": 149.7402848989931,
  "total_data_points": 2980,
  "valid_data_points": 2980,
  "data_sources": 4,
  "active_alerts": 2771416,
  "market_signals": 100
}