{
  "timestamp": "2025-08-25T23:30:50.003638",
  "overall_quality": 1.0,
  "avg_latency": 206.95541091331648,
  "total_data_points": 3980,
  "valid_data_points": 3980,
  "data_sources": 4,
  "active_alerts": 154262,
  "market_signals": 103
}