{
  "timestamp": "2025-08-28T22:55:40.053571",
  "overall_quality": 1.0,
  "avg_latency": 181.28601284138924,
  "total_data_points": 3600,
  "valid_data_points": 3600,
  "data_sources": 4,
  "active_alerts": 1991444,
  "market_signals": 102
}