{
  "timestamp": "2025-08-26T03:26:34.388519",
  "overall_quality": 1.0,
  "avg_latency": 228.17810988633255,
  "total_data_points": 4390,
  "valid_data_points": 4390,
  "data_sources": 4,
  "active_alerts": 253211,
  "market_signals": 101
}