{
  "timestamp": "2025-08-28T13:23:47.425894",
  "overall_quality": 1.0,
  "avg_latency": 276.53420547541,
  "total_data_points": 5490,
  "valid_data_points": 5490,
  "data_sources": 4,
  "active_alerts": 1742811,
  "market_signals": 101
}