{
  "timestamp": "2025-08-30T07:15:54.208790",
  "overall_quality": 1.0,
  "avg_latency": 181.1895034869444,
  "total_data_points": 3600,
  "valid_data_points": 3600,
  "data_sources": 4,
  "active_alerts": 2835867,
  "market_signals": 100
}