{
  "timestamp": "2025-08-26T18:49:52.955402",
  "overall_quality": 1.0,
  "avg_latency": 171.85469152796327,
  "total_data_points": 3290,
  "valid_data_points": 3290,
  "data_sources": 4,
  "active_alerts": 647215,
  "market_signals": 101
}