{
  "timestamp": "2025-08-26T01:22:42.158514",
  "overall_quality": 1.0,
  "avg_latency": 262.3979921980157,
  "total_data_points": 5040,
  "valid_data_points": 5040,
  "data_sources": 4,
  "active_alerts": 200785,
  "market_signals": 101
}