{
  "timestamp": "2025-08-30T00:21:46.197871",
  "overall_quality": 1.0,
  "avg_latency": 207.7717482527843,
  "total_data_points": 4130,
  "valid_data_points": 4130,
  "data_sources": 4,
  "active_alerts": 2654236,
  "market_signals": 101
}