{
  "timestamp": "2025-08-29T05:53:48.340048",
  "overall_quality": 1.0,
  "avg_latency": 274.2217224086236,
  "total_data_points": 5450,
  "valid_data_points": 5450,
  "data_sources": 4,
  "active_alerts": 2176223,
  "market_signals": 103
}