{
  "timestamp": "2025-08-28T06:11:46.802910",
  "overall_quality": 1.0,
  "avg_latency": 218.03672006627028,
  "total_data_points": 4210,
  "valid_data_points": 4210,
  "data_sources": 4,
  "active_alerts": 1559551,
  "market_signals": 103
}