{
  "timestamp": "2025-08-30T07:52:54.853839",
  "overall_quality": 1.0,
  "avg_latency": 241.77465021958278,
  "total_data_points": 4800,
  "valid_data_points": 4800,
  "data_sources": 4,
  "active_alerts": 2852312,
  "market_signals": 101
}