{
  "timestamp": "2025-08-29T03:33:45.401361",
  "overall_quality": 1.0,
  "avg_latency": 273.0534478023935,
  "total_data_points": 5430,
  "valid_data_points": 5430,
  "data_sources": 4,
  "active_alerts": 2114708,
  "market_signals": 101
}