{
  "timestamp": "2025-08-29T19:34:32.155226",
  "overall_quality": 1.0,
  "avg_latency": 291.79671783137263,
  "total_data_points": 5610,
  "valid_data_points": 5610,
  "data_sources": 4,
  "active_alerts": 2528175,
  "market_signals": 101
}