{
  "timestamp": "2025-08-28T18:58:35.570317",
  "overall_quality": 1.0,
  "avg_latency": 269.4951439960826,
  "total_data_points": 5360,
  "valid_data_points": 5360,
  "data_sources": 4,
  "active_alerts": 1887089,
  "market_signals": 102
}