{
  "timestamp": "2025-08-27T20:48:47.277455",
  "overall_quality": 1.0,
  "avg_latency": 280.6131140762968,
  "total_data_points": 5400,
  "valid_data_points": 5400,
  "data_sources": 4,
  "active_alerts": 1313614,
  "market_signals": 100
}