{
  "timestamp": "2025-08-26T22:54:38.168037",
  "overall_quality": 1.0,
  "avg_latency": 163.18349399137364,
  "total_data_points": 3130,
  "valid_data_points": 3130,
  "data_sources": 4,
  "active_alerts": 751378,
  "market_signals": 100
}