{
  "timestamp": "2025-08-28T06:25:48.474684",
  "overall_quality": 1.0,
  "avg_latency": 188.96571365631843,
  "total_data_points": 3640,
  "valid_data_points": 3640,
  "data_sources": 4,
  "active_alerts": 1565114,
  "market_signals": 101
}