{
  "timestamp": "2025-08-29T11:41:41.509337",
  "overall_quality": 1.0,
  "avg_latency": 209.23273724937914,
  "total_data_points": 4030,
  "valid_data_points": 4030,
  "data_sources": 4,
  "active_alerts": 2326985,
  "market_signals": 100
}