{
  "timestamp": "2025-08-29T14:43:58.720697",
  "overall_quality": 1.0,
  "avg_latency": 276.99797036334456,
  "total_data_points": 5320,
  "valid_data_points": 5320,
  "data_sources": 4,
  "active_alerts": 2404747,
  "market_signals": 101
}