{
  "timestamp": "2025-08-25T19:34:30.445301",
  "overall_quality": 1.0,
  "avg_latency": 169.05332547901253,
  "total_data_points": 3240,
  "valid_data_points": 3240,
  "data_sources": 4,
  "active_alerts": 53230,
  "market_signals": 104
}