{
  "timestamp": "2025-08-26T03:46:38.315866",
  "overall_quality": 1.0,
  "avg_latency": 230.12882217217216,
  "total_data_points": 4420,
  "valid_data_points": 4420,
  "data_sources": 4,
  "active_alerts": 261902,
  "market_signals": 105
}