{
  "timestamp": "2025-08-27T16:07:30.390841",
  "overall_quality": 1.0,
  "avg_latency": 243.60704110769146,
  "total_data_points": 4680,
  "valid_data_points": 4680,
  "data_sources": 4,
  "active_alerts": 1194464,
  "market_signals": 101
}