{
  "timestamp": "2025-08-28T06:34:49.440928",
  "overall_quality": 1.0,
  "avg_latency": 159.6522563149839,
  "total_data_points": 3070,
  "valid_data_points": 3070,
  "data_sources": 4,
  "active_alerts": 1568974,
  "market_signals": 100
}