{
  "timestamp": "2025-08-26T01:36:44.394743",
  "overall_quality": 1.0,
  "avg_latency": 233.52297801046743,
  "total_data_points": 4490,
  "valid_data_points": 4490,
  "data_sources": 4,
  "active_alerts": 207169,
  "market_signals": 100
}