{
  "timestamp": "2025-08-30T01:39:47.860900",
  "overall_quality": 1.0,
  "avg_latency": 298.6033320538712,
  "total_data_points": 5940,
  "valid_data_points": 5940,
  "data_sources": 4,
  "active_alerts": 2688591,
  "market_signals": 101
}