{
  "timestamp": "2025-08-30T05:50:52.680482",
  "overall_quality": 1.0,
  "avg_latency": 180.94288231114183,
  "total_data_points": 3590,
  "valid_data_points": 3590,
  "data_sources": 4,
  "active_alerts": 2798498,
  "market_signals": 101
}