{
  "timestamp": "2025-08-26T02:48:58.233555",
  "overall_quality": 1.0,
  "avg_latency": 150.04875834166643,
  "total_data_points": 2880,
  "valid_data_points": 2880,
  "data_sources": 4,
  "active_alerts": 237630,
  "market_signals": 102
}