{
  "timestamp": "2025-08-25T17:37:52.012007",
  "overall_quality": 1.0,
  "avg_latency": 120.40219163138087,
  "total_data_points": 2390,
  "valid_data_points": 2390,
  "data_sources": 4,
  "active_alerts": 1589,
  "market_signals": 103
}