{
  "timestamp": "2025-08-27T07:58:40.627735",
  "overall_quality": 1.0,
  "avg_latency": 281.3239078292592,
  "total_data_points": 5400,
  "valid_data_points": 5400,
  "data_sources": 4,
  "active_alerts": 984794,
  "market_signals": 101
}