{
  "timestamp": "2025-08-30T01:14:47.333456",
  "overall_quality": 1.0,
  "avg_latency": 298.1184326784141,
  "total_data_points": 5930,
  "valid_data_points": 5930,
  "data_sources": 4,
  "active_alerts": 2677860,
  "market_signals": 101
}