{
  "timestamp": "2025-08-27T12:03:49.034649",
  "overall_quality": 1.0,
  "avg_latency": 284.65054066325393,
  "total_data_points": 5470,
  "valid_data_points": 5470,
  "data_sources": 4,
  "active_alerts": 1090452,
  "market_signals": 101
}