{
  "timestamp": "2025-08-26T08:21:58.860876",
  "overall_quality": 1.0,
  "avg_latency": 238.09638947510922,
  "total_data_points": 4580,
  "valid_data_points": 4580,
  "data_sources": 4,
  "active_alerts": 378943,
  "market_signals": 102
}