{
  "timestamp": "2025-08-29T19:55:33.910696",
  "overall_quality": 1.0,
  "avg_latency": 172.8468780496986,
  "total_data_points": 3320,
  "valid_data_points": 3320,
  "data_sources": 4,
  "active_alerts": 2537049,
  "market_signals": 100
}