{
  "timestamp": "2025-08-27T13:56:37.341873",
  "overall_quality": 1.0,
  "avg_latency": 218.19051400214775,
  "total_data_points": 4190,
  "valid_data_points": 4190,
  "data_sources": 4,
  "active_alerts": 1138391,
  "market_signals": 100
}