{
  "timestamp": "2025-08-27T04:18:37.108879",
  "overall_quality": 1.0,
  "avg_latency": 280.64631770592547,
  "total_data_points": 5400,
  "valid_data_points": 5400,
  "data_sources": 4,
  "active_alerts": 889632,
  "market_signals": 100
}