{
  "timestamp": "2025-08-29T18:14:52.705210",
  "overall_quality": 1.0,
  "avg_latency": 152.72658618951988,
  "total_data_points": 2939,
  "valid_data_points": 2939,
  "data_sources": 4,
  "active_alerts": 2493958,
  "market_signals": 102
}