{
  "timestamp": "2025-08-26T12:27:41.607439",
  "overall_quality": 1.0,
  "avg_latency": 259.0209785225995,
  "total_data_points": 5000,
  "valid_data_points": 5000,
  "data_sources": 4,
  "active_alerts": 484003,
  "market_signals": 100
}