{
  "timestamp": "2025-08-28T17:44:33.899890",
  "overall_quality": 1.0,
  "avg_latency": 298.8019672055742,
  "total_data_points": 5740,
  "valid_data_points": 5740,
  "data_sources": 4,
  "active_alerts": 1854961,
  "market_signals": 102
}