{
  "timestamp": "2025-08-28T08:16:58.889540",
  "overall_quality": 1.0,
  "avg_latency": 223.3850982790203,
  "total_data_points": 4290,
  "valid_data_points": 4290,
  "data_sources": 4,
  "active_alerts": 1611921,
  "market_signals": 102
}