{
  "timestamp": "2025-08-27T09:08:50.800953",
  "overall_quality": 1.0,
  "avg_latency": 286.4470214715299,
  "total_data_points": 5497,
  "valid_data_points": 5497,
  "data_sources": 4,
  "active_alerts": 1014880,
  "market_signals": 102
}