{
  "timestamp": "2025-08-26T07:26:49.098124",
  "overall_quality": 1.0,
  "avg_latency": 233.76066710844438,
  "total_data_points": 4500,
  "valid_data_points": 4500,
  "data_sources": 4,
  "active_alerts": 354999,
  "market_signals": 101
}