{
  "timestamp": "2025-08-28T04:05:34.322245",
  "overall_quality": 1.0,
  "avg_latency": 182.4608042868947,
  "total_data_points": 3510,
  "valid_data_points": 3510,
  "data_sources": 4,
  "active_alerts": 1505135,
  "market_signals": 102
}