{
  "timestamp": "2025-08-29T16:15:37.680088",
  "overall_quality": 1.0,
  "avg_latency": 176.27742655857972,
  "total_data_points": 3380,
  "valid_data_points": 3380,
  "data_sources": 4,
  "active_alerts": 2443042,
  "market_signals": 101
}