{
  "timestamp": "2025-08-25T22:38:41.314041",
  "overall_quality": 1.0,
  "avg_latency": 292.88790909217005,
  "total_data_points": 5620,
  "valid_data_points": 5620,
  "data_sources": 4,
  "active_alerts": 131294,
  "market_signals": 102
}