{
  "timestamp": "2025-08-29T17:34:47.606164",
  "overall_quality": 1.0,
  "avg_latency": 150.19218897439487,
  "total_data_points": 2890,
  "valid_data_points": 2890,
  "data_sources": 4,
  "active_alerts": 2476886,
  "market_signals": 100
}