{
  "timestamp": "2025-08-27T17:39:46.966399",
  "overall_quality": 1.0,
  "avg_latency": 161.53618072903254,
  "total_data_points": 3100,
  "valid_data_points": 3100,
  "data_sources": 4,
  "active_alerts": 1233398,
  "market_signals": 100
}