{
  "timestamp": "2025-08-27T03:02:53.516330",
  "overall_quality": 1.0,
  "avg_latency": 259.80569083754955,
  "total_data_points": 4980,
  "valid_data_points": 4980,
  "data_sources": 4,
  "active_alerts": 857022,
  "market_signals": 102
}