{
  "timestamp": "2025-08-26T01:32:43.910369",
  "overall_quality": 1.0,
  "avg_latency": 263.43108933550275,
  "total_data_points": 5070,
  "valid_data_points": 5070,
  "data_sources": 4,
  "active_alerts": 205344,
  "market_signals": 103
}