{
  "timestamp": "2025-08-28T11:38:45.281196",
  "overall_quality": 1.0,
  "avg_latency": 275.4163485201884,
  "total_data_points": 5300,
  "valid_data_points": 5300,
  "data_sources": 4,
  "active_alerts": 1697124,
  "market_signals": 101
}