{
  "timestamp": "2025-08-28T09:23:35.046403",
  "overall_quality": 1.0,
  "avg_latency": 271.41856803627763,
  "total_data_points": 5210,
  "valid_data_points": 5210,
  "data_sources": 4,
  "active_alerts": 1640635,
  "market_signals": 101
}