{
  "timestamp": "2025-08-26T10:36:52.873121",
  "overall_quality": 1.0,
  "avg_latency": 234.85134554800882,
  "total_data_points": 4520,
  "valid_data_points": 4520,
  "data_sources": 4,
  "active_alerts": 436711,
  "market_signals": 101
}