{
  "timestamp": "2025-08-27T05:16:46.713341",
  "overall_quality": 1.0,
  "avg_latency": 225.60825532517305,
  "total_data_points": 4330,
  "valid_data_points": 4330,
  "data_sources": 4,
  "active_alerts": 914530,
  "market_signals": 101
}