{
  "timestamp": "2025-08-27T09:16:52.231629",
  "overall_quality": 1.0,
  "avg_latency": 226.91308459449542,
  "total_data_points": 4360,
  "valid_data_points": 4360,
  "data_sources": 4,
  "active_alerts": 1018261,
  "market_signals": 100
}