{
  "timestamp": "2025-08-29T23:28:45.201600",
  "overall_quality": 1.0,
  "avg_latency": 267.24132305808337,
  "total_data_points": 5320,
  "valid_data_points": 5320,
  "data_sources": 4,
  "active_alerts": 2631049,
  "market_signals": 100
}