{
  "timestamp": "2025-08-28T22:14:39.221001",
  "overall_quality": 1.0,
  "avg_latency": 150.7131977186664,
  "total_data_points": 3000,
  "valid_data_points": 3000,
  "data_sources": 4,
  "active_alerts": 1972814,
  "market_signals": 101
}