{
  "timestamp": "2025-08-26T16:52:30.542493",
  "overall_quality": 1.0,
  "avg_latency": 251.37011657359636,
  "total_data_points": 4810,
  "valid_data_points": 4810,
  "data_sources": 4,
  "active_alerts": 597416,
  "market_signals": 101
}