{
  "timestamp": "2025-08-26T05:50:32.087684",
  "overall_quality": 1.0,
  "avg_latency": 196.05113083580866,
  "total_data_points": 3770,
  "valid_data_points": 3770,
  "data_sources": 4,
  "active_alerts": 314055,
  "market_signals": 103
}