{
  "timestamp": "2025-08-28T22:27:39.470504",
  "overall_quality": 1.0,
  "avg_latency": 240.69151977348562,
  "total_data_points": 4790,
  "valid_data_points": 4790,
  "data_sources": 4,
  "active_alerts": 1978635,
  "market_signals": 102
}