{
  "timestamp": "2025-08-26T06:25:38.246593",
  "overall_quality": 1.0,
  "avg_latency": 198.90329993446454,
  "total_data_points": 3830,
  "valid_data_points": 3830,
  "data_sources": 4,
  "active_alerts": 328870,
  "market_signals": 100
}