{
  "timestamp": "2025-08-27T12:32:53.982015",
  "overall_quality": 1.0,
  "avg_latency": 256.732646203239,
  "total_data_points": 4940,
  "valid_data_points": 4940,
  "data_sources": 4,
  "active_alerts": 1102187,
  "market_signals": 100
}