{
  "timestamp": "2025-08-26T09:12:39.115721",
  "overall_quality": 1.0,
  "avg_latency": 258.35979726317896,
  "total_data_points": 4970,
  "valid_data_points": 4970,
  "data_sources": 4,
  "active_alerts": 400259,
  "market_signals": 102
}