{
  "timestamp": "2025-08-27T18:42:58.082186",
  "overall_quality": 1.0,
  "avg_latency": 256.6354039943201,
  "total_data_points": 4930,
  "valid_data_points": 4930,
  "data_sources": 4,
  "active_alerts": 1260592,
  "market_signals": 104
}