{
  "timestamp": "2025-08-30T07:02:53.984773",
  "overall_quality": 1.0,
  "avg_latency": 241.01139387473967,
  "total_data_points": 4790,
  "valid_data_points": 4790,
  "data_sources": 4,
  "active_alerts": 2830124,
  "market_signals": 100
}