{
  "timestamp": "2025-08-27T02:30:47.284753",
  "overall_quality": 1.0,
  "avg_latency": 196.43620736153846,
  "total_data_points": 3770,
  "valid_data_points": 3770,
  "data_sources": 4,
  "active_alerts": 843494,
  "market_signals": 100
}