{
  "timestamp": "2025-08-29T07:11:50.690081",
  "overall_quality": 1.0,
  "avg_latency": 215.6210718218315,
  "total_data_points": 4260,
  "valid_data_points": 4260,
  "data_sources": 4,
  "active_alerts": 2210918,
  "market_signals": 101
}