{
  "timestamp": "2025-08-27T02:25:46.470668",
  "overall_quality": 1.0,
  "avg_latency": 196.30125392679017,
  "total_data_points": 3770,
  "valid_data_points": 3770,
  "data_sources": 4,
  "active_alerts": 841304,
  "market_signals": 102
}