{
  "timestamp": "2025-08-27T19:20:33.919619",
  "overall_quality": 1.0,
  "avg_latency": 183.93145815197747,
  "total_data_points": 3540,
  "valid_data_points": 3540,
  "data_sources": 4,
  "active_alerts": 1276485,
  "market_signals": 102
}