{
  "timestamp": "2025-08-30T03:44:50.188098",
  "overall_quality": 1.0,
  "avg_latency": 299.2777707177859,
  "total_data_points": 5960,
  "valid_data_points": 5960,
  "data_sources": 4,
  "active_alerts": 2743247,
  "market_signals": 104
}