{
  "timestamp": "2025-08-27T08:28:44.876207",
  "overall_quality": 1.0,
  "avg_latency": 283.3341144536775,
  "total_data_points": 5440,
  "valid_data_points": 5440,
  "data_sources": 4,
  "active_alerts": 997516,
  "market_signals": 100
}