{
  "timestamp": "2025-08-26T07:48:52.724541",
  "overall_quality": 1.0,
  "avg_latency": 295.4902114584508,
  "total_data_points": 5680,
  "valid_data_points": 5680,
  "data_sources": 4,
  "active_alerts": 364839,
  "market_signals": 104
}