{
  "timestamp": "2025-08-26T02:23:53.422877",
  "overall_quality": 1.0,
  "avg_latency": 297.85319324265754,
  "total_data_points": 5720,
  "valid_data_points": 5720,
  "data_sources": 4,
  "active_alerts": 226819,
  "market_signals": 101
}