{
  "timestamp": "2025-08-29T10:12:34.312023",
  "overall_quality": 1.0,
  "avg_latency": 236.3175464248897,
  "total_data_points": 4540,
  "valid_data_points": 4540,
  "data_sources": 4,
  "active_alerts": 2288460,
  "market_signals": 103
}