{
  "timestamp": "2025-08-26T03:39:37.106588",
  "overall_quality": 1.0,
  "avg_latency": 169.74211693773023,
  "total_data_points": 3260,
  "valid_data_points": 3260,
  "data_sources": 4,
  "active_alerts": 259014,
  "market_signals": 100
}