{
  "timestamp": "2025-08-26T21:46:55.609647",
  "overall_quality": 1.0,
  "avg_latency": 232.21199201973062,
  "total_data_points": 4460,
  "valid_data_points": 4460,
  "data_sources": 4,
  "active_alerts": 722976,
  "market_signals": 101
}