{
  "timestamp": "2025-08-28T05:43:43.841198",
  "overall_quality": 1.0,
  "avg_latency": 276.7909240890987,
  "total_data_points": 5320,
  "valid_data_points": 5320,
  "data_sources": 4,
  "active_alerts": 1547516,
  "market_signals": 100
}