{
  "timestamp": "2025-08-26T08:24:59.662646",
  "overall_quality": 1.0,
  "avg_latency": 179.02748287172022,
  "total_data_points": 3430,
  "valid_data_points": 3430,
  "data_sources": 4,
  "active_alerts": 380243,
  "market_signals": 101
}