{
  "timestamp": "2025-08-28T07:06:52.244940",
  "overall_quality": 1.0,
  "avg_latency": 220.56752615353784,
  "total_data_points": 4240,
  "valid_data_points": 4240,
  "data_sources": 4,
  "active_alerts": 1582225,
  "market_signals": 100
}