{
  "timestamp": "2025-08-26T04:54:51.345634",
  "overall_quality": 1.0,
  "avg_latency": 175.73971252781052,
  "total_data_points": 3380,
  "valid_data_points": 3380,
  "data_sources": 4,
  "active_alerts": 290167,
  "market_signals": 102
}