{
  "timestamp": "2025-08-26T04:56:51.748996",
  "overall_quality": 1.0,
  "avg_latency": 235.7802086892063,
  "total_data_points": 4540,
  "valid_data_points": 4540,
  "data_sources": 4,
  "active_alerts": 291174,
  "market_signals": 101
}