{
  "timestamp": "2025-08-26T23:14:42.634484",
  "overall_quality": 1.0,
  "avg_latency": 165.1396756317609,
  "total_data_points": 3180,
  "valid_data_points": 3180,
  "data_sources": 4,
  "active_alerts": 759852,
  "market_signals": 100
}