{
  "timestamp": "2025-08-26T20:00:35.920379",
  "overall_quality": 1.0,
  "avg_latency": 192.4169988557948,
  "total_data_points": 3710,
  "valid_data_points": 3710,
  "data_sources": 4,
  "active_alerts": 677672,
  "market_signals": 103
}