{
  "timestamp": "2025-08-27T00:49:59.662984",
  "overall_quality": 1.0,
  "avg_latency": 173.1165119651646,
  "total_data_points": 3330,
  "valid_data_points": 3330,
  "data_sources": 4,
  "active_alerts": 800200,
  "market_signals": 101
}