{
  "timestamp": "2025-08-29T13:07:50.231237",
  "overall_quality": 1.0,
  "avg_latency": 243.1422177850429,
  "total_data_points": 4680,
  "valid_data_points": 4680,
  "data_sources": 4,
  "active_alerts": 2363677,
  "market_signals": 100
}