{
  "timestamp": "2025-08-27T17:21:44.646263",
  "overall_quality": 1.0,
  "avg_latency": 220.1532534066038,
  "total_data_points": 4240,
  "valid_data_points": 4240,
  "data_sources": 4,
  "active_alerts": 1225682,
  "market_signals": 103
}