{
  "timestamp": "2025-08-28T19:36:36.279381",
  "overall_quality": 1.0,
  "avg_latency": 209.21675835083926,
  "total_data_points": 4170,
  "valid_data_points": 4170,
  "data_sources": 4,
  "active_alerts": 1903328,
  "market_signals": 102
}