{
  "timestamp": "2025-08-29T20:38:37.849411",
  "overall_quality": 1.0,
  "avg_latency": 264.2589018803537,
  "total_data_points": 5090,
  "valid_data_points": 5090,
  "data_sources": 4,
  "active_alerts": 2555523,
  "market_signals": 105
}