{
  "timestamp": "2025-08-29T10:32:35.589429",
  "overall_quality": 1.0,
  "avg_latency": 236.80425030461527,
  "total_data_points": 4550,
  "valid_data_points": 4550,
  "data_sources": 4,
  "active_alerts": 2297062,
  "market_signals": 100
}