{
  "timestamp": "2025-08-26T17:15:34.464908",
  "overall_quality": 1.0,
  "avg_latency": 193.07252603459506,
  "total_data_points": 3700,
  "valid_data_points": 3700,
  "data_sources": 4,
  "active_alerts": 607238,
  "market_signals": 100
}