{
  "timestamp": "2025-08-27T01:02:32.391517",
  "overall_quality": 1.0,
  "avg_latency": 249.07586344624949,
  "total_data_points": 4800,
  "valid_data_points": 4800,
  "data_sources": 4,
  "active_alerts": 805743,
  "market_signals": 101
}