{
  "timestamp": "2025-08-26T18:28:47.839596",
  "overall_quality": 1.0,
  "avg_latency": 288.9308123913503,
  "total_data_points": 5550,
  "valid_data_points": 5550,
  "data_sources": 4,
  "active_alerts": 638430,
  "market_signals": 103
}