{
  "timestamp": "2025-08-28T22:52:39.995296",
  "overall_quality": 1.0,
  "avg_latency": 241.03200994446792,
  "total_data_points": 4790,
  "valid_data_points": 4790,
  "data_sources": 4,
  "active_alerts": 1990096,
  "market_signals": 101
}