{
  "timestamp": "2025-08-26T16:24:54.635008",
  "overall_quality": 1.0,
  "avg_latency": 172.99868009969953,
  "total_data_points": 3330,
  "valid_data_points": 3330,
  "data_sources": 4,
  "active_alerts": 585319,
  "market_signals": 102
}