{
  "timestamp": "2025-08-29T06:17:48.913821",
  "overall_quality": 1.0,
  "avg_latency": 244.77786791213902,
  "total_data_points": 4860,
  "valid_data_points": 4860,
  "data_sources": 4,
  "active_alerts": 2186654,
  "market_signals": 101
}