{
  "timestamp": "2025-08-26T05:32:58.868959",
  "overall_quality": 1.0,
  "avg_latency": 269.5548894808879,
  "total_data_points": 5180,
  "valid_data_points": 5180,
  "data_sources": 4,
  "active_alerts": 306436,
  "market_signals": 101
}