{
  "timestamp": "2025-08-28T19:10:35.804083",
  "overall_quality": 1.0,
  "avg_latency": 179.56420330588244,
  "total_data_points": 3570,
  "valid_data_points": 3570,
  "data_sources": 4,
  "active_alerts": 1892196,
  "market_signals": 101
}