{
  "timestamp": "2025-08-29T17:00:43.357236",
  "overall_quality": 1.0,
  "avg_latency": 178.66685584548085,
  "total_data_points": 3430,
  "valid_data_points": 3430,
  "data_sources": 4,
  "active_alerts": 2462124,
  "market_signals": 103
}