{
  "timestamp": "2025-08-26T15:27:43.715632",
  "overall_quality": 1.0,
  "avg_latency": 258.42940800744475,
  "total_data_points": 4970,
  "valid_data_points": 4970,
  "data_sources": 4,
  "active_alerts": 560880,
  "market_signals": 100
}