{
  "timestamp": "2025-08-26T12:51:46.949797",
  "overall_quality": 1.0,
  "avg_latency": 230.76864534752178,
  "total_data_points": 4440,
  "valid_data_points": 4440,
  "data_sources": 4,
  "active_alerts": 493752,
  "market_signals": 102
}