{
  "timestamp": "2025-08-29T19:46:33.258884",
  "overall_quality": 1.0,
  "avg_latency": 202.6802195956309,
  "total_data_points": 3890,
  "valid_data_points": 3890,
  "data_sources": 4,
  "active_alerts": 2533135,
  "market_signals": 103
}