{
  "timestamp": "2025-08-26T13:57:57.833453",
  "overall_quality": 1.0,
  "avg_latency": 266.2594015691996,
  "total_data_points": 5130,
  "valid_data_points": 5130,
  "data_sources": 4,
  "active_alerts": 522090,
  "market_signals": 104
}