{
  "timestamp": "2025-08-29T04:18:46.244884",
  "overall_quality": 1.0,
  "avg_latency": 273.76177346213194,
  "total_data_points": 5440,
  "valid_data_points": 5440,
  "data_sources": 4,
  "active_alerts": 2134541,
  "market_signals": 103
}