{
  "timestamp": "2025-08-26T19:59:35.841465",
  "overall_quality": 1.0,
  "avg_latency": 162.49867210287536,
  "total_data_points": 3130,
  "valid_data_points": 3130,
  "data_sources": 4,
  "active_alerts": 677208,
  "market_signals": 102
}