{
  "timestamp": "2025-08-29T14:09:55.678874",
  "overall_quality": 1.0,
  "avg_latency": 155.9352763762546,
  "total_data_points": 2990,
  "valid_data_points": 2990,
  "data_sources": 4,
  "active_alerts": 2390030,
  "market_signals": 102
}