{
  "timestamp": "2025-08-29T00:16:41.522452",
  "overall_quality": 1.0,
  "avg_latency": 211.96418650380025,
  "total_data_points": 4210,
  "valid_data_points": 4210,
  "data_sources": 4,
  "active_alerts": 2027769,
  "market_signals": 101
}