{
  "timestamp": "2025-08-29T21:49:42.967074",
  "overall_quality": 1.0,
  "avg_latency": 296.4955132584032,
  "total_data_points": 5890,
  "valid_data_points": 5890,
  "data_sources": 4,
  "active_alerts": 2586044,
  "market_signals": 101
}