{
  "timestamp": "2025-08-29T06:21:49.006135",
  "overall_quality": 1.0,
  "avg_latency": 214.96858686056277,
  "total_data_points": 4260,
  "valid_data_points": 4260,
  "data_sources": 4,
  "active_alerts": 2188465,
  "market_signals": 102
}