{
  "timestamp": "2025-08-26T06:56:43.984926",
  "overall_quality": 1.0,
  "avg_latency": 231.67772143348287,
  "total_data_points": 4450,
  "valid_data_points": 4450,
  "data_sources": 4,
  "active_alerts": 341922,
  "market_signals": 100
}