{
  "timestamp": "2025-08-29T12:51:48.715176",
  "overall_quality": 1.0,
  "avg_latency": 212.5404167333333,
  "total_data_points": 4080,
  "valid_data_points": 4080,
  "data_sources": 4,
  "active_alerts": 2356553,
  "market_signals": 102
}