{
  "timestamp": "2025-08-27T06:20:55.428175",
  "overall_quality": 1.0,
  "avg_latency": 198.72427751174982,
  "total_data_points": 3830,
  "valid_data_points": 3830,
  "data_sources": 4,
  "active_alerts": 943015,
  "market_signals": 100
}