{
  "timestamp": "2025-08-26T02:40:56.787714",
  "overall_quality": 1.0,
  "avg_latency": 209.46347554776113,
  "total_data_points": 4020,
  "valid_data_points": 4020,
  "data_sources": 4,
  "active_alerts": 234321,
  "market_signals": 100
}