{
  "timestamp": "2025-08-26T11:21:30.349826",
  "overall_quality": 1.0,
  "avg_latency": 222.94633097302378,
  "total_data_points": 4300,
  "valid_data_points": 4300,
  "data_sources": 4,
  "active_alerts": 455973,
  "market_signals": 102
}