{
  "timestamp": "2025-08-29T07:42:51.673034",
  "overall_quality": 1.0,
  "avg_latency": 246.43636666297067,
  "total_data_points": 4780,
  "valid_data_points": 4780,
  "data_sources": 4,
  "active_alerts": 2224242,
  "market_signals": 103
}