{
  "timestamp": "2025-08-29T18:07:51.921774",
  "overall_quality": 1.0,
  "avg_latency": 241.91455768862681,
  "total_data_points": 4660,
  "valid_data_points": 4660,
  "data_sources": 4,
  "active_alerts": 2490771,
  "market_signals": 102
}