{
  "timestamp": "2025-08-28T02:04:58.643724",
  "overall_quality": 1.0,
  "avg_latency": 165.23192996474143,
  "total_data_points": 3290,
  "valid_data_points": 3290,
  "data_sources": 4,
  "active_alerts": 1452732,
  "market_signals": 100
}