{
  "timestamp": "2025-08-28T11:46:45.707442",
  "overall_quality": 1.0,
  "avg_latency": 214.43185769021414,
  "total_data_points": 4190,
  "valid_data_points": 4190,
  "data_sources": 4,
  "active_alerts": 1700537,
  "market_signals": 100
}