{
  "timestamp": "2025-08-29T23:08:44.794582",
  "overall_quality": 1.0,
  "avg_latency": 267.2141019186441,
  "total_data_points": 5310,
  "valid_data_points": 5310,
  "data_sources": 4,
  "active_alerts": 2622254,
  "market_signals": 102
}