{
  "timestamp": "2025-08-27T19:48:38.320095",
  "overall_quality": 1.0,
  "avg_latency": 276.33311799190267,
  "total_data_points": 5310,
  "valid_data_points": 5310,
  "data_sources": 4,
  "active_alerts": 1288334,
  "market_signals": 101
}