{
  "timestamp": "2025-08-26T02:32:55.446313",
  "overall_quality": 1.0,
  "avg_latency": 268.41870271682797,
  "total_data_points": 5170,
  "valid_data_points": 5170,
  "data_sources": 4,
  "active_alerts": 230903,
  "market_signals": 103
}