{
  "timestamp": "2025-08-27T00:23:55.512074",
  "overall_quality": 1.0,
  "avg_latency": 290.90078166149686,
  "total_data_points": 5610,
  "valid_data_points": 5610,
  "data_sources": 4,
  "active_alerts": 788850,
  "market_signals": 100
}