{
  "timestamp": "2025-08-28T21:55:38.806855",
  "overall_quality": 1.0,
  "avg_latency": 180.14499122311966,
  "total_data_points": 3590,
  "valid_data_points": 3590,
  "data_sources": 4,
  "active_alerts": 1964686,
  "market_signals": 104
}