{
  "timestamp": "2025-08-26T13:20:51.592683",
  "overall_quality": 1.0,
  "avg_latency": 203.19317494717916,
  "total_data_points": 3900,
  "valid_data_points": 3900,
  "data_sources": 4,
  "active_alerts": 506240,
  "market_signals": 100
}