{
  "timestamp": "2025-08-28T05:52:44.889235",
  "overall_quality": 1.0,
  "avg_latency": 247.56577125614547,
  "total_data_points": 4759,
  "valid_data_points": 4759,
  "data_sources": 4,
  "active_alerts": 1551496,
  "market_signals": 101
}