{
  "timestamp": "2025-08-29T21:07:40.462601",
  "overall_quality": 1.0,
  "avg_latency": 235.661618709272,
  "total_data_points": 4530,
  "valid_data_points": 4530,
  "data_sources": 4,
  "active_alerts": 2567883,
  "market_signals": 102
}