{
  "timestamp": "2025-08-26T19:49:34.234444",
  "overall_quality": 1.0,
  "avg_latency": 162.25316349678434,
  "total_data_points": 3110,
  "valid_data_points": 3110,
  "data_sources": 4,
  "active_alerts": 672733,
  "market_signals": 101
}