{
  "timestamp": "2025-08-28T14:32:48.736229",
  "overall_quality": 1.0,
  "avg_latency": 247.022438479591,
  "total_data_points": 4900,
  "valid_data_points": 4900,
  "data_sources": 4,
  "active_alerts": 1773333,
  "market_signals": 100
}