{
  "timestamp": "2025-08-26T20:14:38.718926",
  "overall_quality": 1.0,
  "avg_latency": 164.15039992920586,
  "total_data_points": 3150,
  "valid_data_points": 3150,
  "data_sources": 4,
  "active_alerts": 683700,
  "market_signals": 102
}