{
  "timestamp": "2025-08-29T03:28:45.316784",
  "overall_quality": 1.0,
  "avg_latency": 273.1034122715063,
  "total_data_points": 5440,
  "valid_data_points": 5440,
  "data_sources": 4,
  "active_alerts": 2112570,
  "market_signals": 101
}