{
  "timestamp": "2025-08-29T18:30:54.883421",
  "overall_quality": 1.0,
  "avg_latency": 183.57807276676164,
  "total_data_points": 3520,
  "valid_data_points": 3520,
  "data_sources": 4,
  "active_alerts": 2501201,
  "market_signals": 100
}