{
  "timestamp": "2025-08-28T02:53:59.881590",
  "overall_quality": 1.0,
  "avg_latency": 286.0033271072437,
  "total_data_points": 5660,
  "valid_data_points": 5660,
  "data_sources": 4,
  "active_alerts": 1474093,
  "market_signals": 100
}