{
  "timestamp": "2025-08-27T18:29:55.746760",
  "overall_quality": 1.0,
  "avg_latency": 165.6282541166664,
  "total_data_points": 3180,
  "valid_data_points": 3180,
  "data_sources": 4,
  "active_alerts": 1255160,
  "market_signals": 101
}