{
  "timestamp": "2025-08-26T07:04:44.940605",
  "overall_quality": 1.0,
  "avg_latency": 171.9073704202417,
  "total_data_points": 3310,
  "valid_data_points": 3310,
  "data_sources": 4,
  "active_alerts": 345479,
  "market_signals": 102
}