{
  "timestamp": "2025-08-27T02:47:50.543924",
  "overall_quality": 1.0,
  "avg_latency": 257.6627684441538,
  "total_data_points": 4960,
  "valid_data_points": 4960,
  "data_sources": 4,
  "active_alerts": 850683,
  "market_signals": 102
}