{
  "timestamp": "2025-08-26T23:27:45.027952",
  "overall_quality": 1.0,
  "avg_latency": 256.2067479117651,
  "total_data_points": 4930,
  "valid_data_points": 4930,
  "data_sources": 4,
  "active_alerts": 765236,
  "market_signals": 100
}