{
  "timestamp": "2025-08-26T03:49:38.868222",
  "overall_quality": 1.0,
  "avg_latency": 169.89850633516824,
  "total_data_points": 3270,
  "valid_data_points": 3270,
  "data_sources": 4,
  "active_alerts": 263033,
  "market_signals": 103
}