{
  "timestamp": "2025-08-30T01:05:47.132634",
  "overall_quality": 1.0,
  "avg_latency": 178.3283548614078,
  "total_data_points": 3550,
  "valid_data_points": 3550,
  "data_sources": 4,
  "active_alerts": 2673993,
  "market_signals": 100
}