{
  "timestamp": "2025-08-30T07:14:54.191524",
  "overall_quality": 1.0,
  "avg_latency": 150.83992109402,
  "total_data_points": 3010,
  "valid_data_points": 3010,
  "data_sources": 4,
  "active_alerts": 2835446,
  "market_signals": 102
}