{
  "timestamp": "2025-08-27T00:54:30.628742",
  "overall_quality": 1.0,
  "avg_latency": 158.5830350256575,
  "total_data_points": 3040,
  "valid_data_points": 3040,
  "data_sources": 4,
  "active_alerts": 802138,
  "market_signals": 102
}