{
  "timestamp": "2025-08-27T07:34:37.040743",
  "overall_quality": 1.0,
  "avg_latency": 159.45903159348532,
  "total_data_points": 3070,
  "valid_data_points": 3070,
  "data_sources": 4,
  "active_alerts": 974625,
  "market_signals": 101
}