{
  "timestamp": "2025-08-26T00:05:59.269362",
  "overall_quality": 1.0,
  "avg_latency": 211.37994366477824,
  "total_data_points": 4060,
  "valid_data_points": 4060,
  "data_sources": 4,
  "active_alerts": 169334,
  "market_signals": 103
}