{
  "timestamp": "2025-08-26T10:08:47.993748",
  "overall_quality": 1.0,
  "avg_latency": 292.9497325415628,
  "total_data_points": 5630,
  "valid_data_points": 5630,
  "data_sources": 4,
  "active_alerts": 424319,
  "market_signals": 100
}