{
  "timestamp": "2025-08-26T12:54:47.267823",
  "overall_quality": 1.0,
  "avg_latency": 171.41299341914882,
  "total_data_points": 3290,
  "valid_data_points": 3290,
  "data_sources": 4,
  "active_alerts": 495037,
  "market_signals": 103
}