{
  "timestamp": "2025-08-29T12:57:49.120003",
  "overall_quality": 1.0,
  "avg_latency": 242.68251464946462,
  "total_data_points": 4670,
  "valid_data_points": 4670,
  "data_sources": 4,
  "active_alerts": 2359127,
  "market_signals": 101
}