{
  "timestamp": "2025-08-26T16:17:53.126277",
  "overall_quality": 1.0,
  "avg_latency": 262.8613866690475,
  "total_data_points": 5040,
  "valid_data_points": 5040,
  "data_sources": 4,
  "active_alerts": 582255,
  "market_signals": 103
}