{
  "timestamp": "2025-08-28T22:04:39.016983",
  "overall_quality": 1.0,
  "avg_latency": 150.77606485999996,
  "total_data_points": 3000,
  "valid_data_points": 3000,
  "data_sources": 4,
  "active_alerts": 1968517,
  "market_signals": 101
}