{
  "timestamp": "2025-08-26T09:26:41.438607",
  "overall_quality": 1.0,
  "avg_latency": 229.41302666651546,
  "total_data_points": 4420,
  "valid_data_points": 4420,
  "data_sources": 4,
  "active_alerts": 406187,
  "market_signals": 101
}