{
  "timestamp": "2025-08-28T15:23:52.306974",
  "overall_quality": 1.0,
  "avg_latency": 278.69203552803725,
  "total_data_points": 5350,
  "valid_data_points": 5350,
  "data_sources": 4,
  "active_alerts": 1794803,
  "market_signals": 100
}