{
  "timestamp": "2025-08-29T00:34:41.860579",
  "overall_quality": 1.0,
  "avg_latency": 151.49592916423825,
  "total_data_points": 3020,
  "valid_data_points": 3020,
  "data_sources": 4,
  "active_alerts": 2035766,
  "market_signals": 100
}