{
  "timestamp": "2025-08-29T06:19:48.960650",
  "overall_quality": 1.0,
  "avg_latency": 154.83205146026006,
  "total_data_points": 3070,
  "valid_data_points": 3070,
  "data_sources": 4,
  "active_alerts": 2187521,
  "market_signals": 103
}