{
  "timestamp": "2025-08-30T02:18:48.703280",
  "overall_quality": 1.0,
  "avg_latency": 269.0647979970102,
  "total_data_points": 5350,
  "valid_data_points": 5350,
  "data_sources": 4,
  "active_alerts": 2705682,
  "market_signals": 100
}