{
  "timestamp": "2025-08-29T09:27:30.402855",
  "overall_quality": 1.0,
  "avg_latency": 234.33639268137503,
  "total_data_points": 4510,
  "valid_data_points": 4510,
  "data_sources": 4,
  "active_alerts": 2269185,
  "market_signals": 100
}