{
  "timestamp": "2025-08-26T19:26:59.276334",
  "overall_quality": 1.0,
  "avg_latency": 234.46678454345877,
  "total_data_points": 4510,
  "valid_data_points": 4510,
  "data_sources": 4,
  "active_alerts": 663060,
  "market_signals": 102
}