{
  "timestamp": "2025-08-28T07:26:54.079836",
  "overall_quality": 1.0,
  "avg_latency": 221.37046429623553,
  "total_data_points": 4250,
  "valid_data_points": 4250,
  "data_sources": 4,
  "active_alerts": 1590465,
  "market_signals": 104
}