{
  "timestamp": "2025-08-29T06:01:48.544247",
  "overall_quality": 1.0,
  "avg_latency": 214.23907157253555,
  "total_data_points": 4260,
  "valid_data_points": 4260,
  "data_sources": 4,
  "active_alerts": 2179680,
  "market_signals": 100
}