{
  "timestamp": "2025-08-26T19:03:55.366810",
  "overall_quality": 1.0,
  "avg_latency": 292.8192227473309,
  "total_data_points": 5620,
  "valid_data_points": 5620,
  "data_sources": 4,
  "active_alerts": 653454,
  "market_signals": 101
}