{
  "timestamp": "2025-08-30T07:30:54.455952",
  "overall_quality": 1.0,
  "avg_latency": 181.33464192583355,
  "total_data_points": 3600,
  "valid_data_points": 3600,
  "data_sources": 4,
  "active_alerts": 2842263,
  "market_signals": 100
}