{
  "timestamp": "2025-08-30T02:38:49.043311",
  "overall_quality": 1.0,
  "avg_latency": 268.91000643327106,
  "total_data_points": 5350,
  "valid_data_points": 5350,
  "data_sources": 4,
  "active_alerts": 2715001,
  "market_signals": 102
}