{
  "timestamp": "2025-08-27T01:48:40.202323",
  "overall_quality": 1.0,
  "avg_latency": 282.9518183096894,
  "total_data_points": 5470,
  "valid_data_points": 5470,
  "data_sources": 4,
  "active_alerts": 825684,
  "market_signals": 102
}