{
  "timestamp": "2025-08-29T19:17:30.399903",
  "overall_quality": 1.0,
  "avg_latency": 231.05347183640427,
  "total_data_points": 4450,
  "valid_data_points": 4450,
  "data_sources": 4,
  "active_alerts": 2520753,
  "market_signals": 101
}