{
  "timestamp": "2025-08-27T05:45:50.469096",
  "overall_quality": 1.0,
  "avg_latency": 196.65599624841272,
  "total_data_points": 3780,
  "valid_data_points": 3780,
  "data_sources": 4,
  "active_alerts": 927413,
  "market_signals": 102
}