{
  "timestamp": "2025-08-28T17:11:31.124955",
  "overall_quality": 1.0,
  "avg_latency": 207.08735511553868,
  "total_data_points": 3990,
  "valid_data_points": 3990,
  "data_sources": 4,
  "active_alerts": 1841054,
  "market_signals": 103
}