{
  "timestamp": "2025-08-25T19:53:33.942305",
  "overall_quality": 1.0,
  "avg_latency": 290.3198254715325,
  "total_data_points": 5550,
  "valid_data_points": 5550,
  "data_sources": 4,
  "active_alerts": 61346,
  "market_signals": 101
}