{
  "timestamp": "2025-08-29T12:42:47.901726",
  "overall_quality": 1.0,
  "avg_latency": 242.7854429546238,
  "total_data_points": 4650,
  "valid_data_points": 4650,
  "data_sources": 4,
  "active_alerts": 2352804,
  "market_signals": 101
}