{
  "timestamp": "2025-08-26T06:30:39.038767",
  "overall_quality": 1.0,
  "avg_latency": 198.99741113054847,
  "total_data_points": 3830,
  "valid_data_points": 3830,
  "data_sources": 4,
  "active_alerts": 331133,
  "market_signals": 102
}