{
  "timestamp": "2025-08-26T08:39:32.722711",
  "overall_quality": 1.0,
  "avg_latency": 164.94036645283003,
  "total_data_points": 3180,
  "valid_data_points": 3180,
  "data_sources": 4,
  "active_alerts": 386250,
  "market_signals": 104
}