{
  "timestamp": "2025-08-26T05:33:59.045424",
  "overall_quality": 1.0,
  "avg_latency": 299.58861953767286,
  "total_data_points": 5760,
  "valid_data_points": 5760,
  "data_sources": 4,
  "active_alerts": 306921,
  "market_signals": 101
}