{
  "timestamp": "2025-08-27T14:39:44.549180",
  "overall_quality": 1.0,
  "avg_latency": 161.2875053967846,
  "total_data_points": 3110,
  "valid_data_points": 3110,
  "data_sources": 4,
  "active_alerts": 1156770,
  "market_signals": 101
}