{
  "timestamp": "2025-08-27T05:55:51.760278",
  "overall_quality": 1.0,
  "avg_latency": 197.56809045679674,
  "total_data_points": 3796,
  "valid_data_points": 3796,
  "data_sources": 4,
  "active_alerts": 931635,
  "market_signals": 100
}