{
  "timestamp": "2025-08-27T11:33:43.675259",
  "overall_quality": 1.0,
  "avg_latency": 281.33069467472274,
  "total_data_points": 5420,
  "valid_data_points": 5420,
  "data_sources": 4,
  "active_alerts": 1077272,
  "market_signals": 101
}