{
  "timestamp": "2025-08-30T05:40:52.452322",
  "overall_quality": 1.0,
  "avg_latency": 180.0473576169915,
  "total_data_points": 3590,
  "valid_data_points": 3590,
  "data_sources": 4,
  "active_alerts": 2794260,
  "market_signals": 102
}