{
  "timestamp": "2025-08-25T18:47:54.065830",
  "overall_quality": 1.0,
  "avg_latency": 270.62086214526823,
  "total_data_points": 5390,
  "valid_data_points": 5390,
  "data_sources": 4,
  "active_alerts": 33127,
  "market_signals": 102
}