{
  "timestamp": "2025-08-29T12:27:45.916506",
  "overall_quality": 1.0,
  "avg_latency": 241.03738391982745,
  "total_data_points": 4640,
  "valid_data_points": 4640,
  "data_sources": 4,
  "active_alerts": 2346070,
  "market_signals": 101
}