{
  "timestamp": "2025-08-29T02:46:44.468602",
  "overall_quality": 1.0,
  "avg_latency": 212.69356589787756,
  "total_data_points": 4240,
  "valid_data_points": 4240,
  "data_sources": 4,
  "active_alerts": 2093943,
  "market_signals": 101
}