{
  "timestamp": "2025-08-26T23:51:49.286872",
  "overall_quality": 1.0,
  "avg_latency": 228.50588715558095,
  "total_data_points": 4390,
  "valid_data_points": 4390,
  "data_sources": 4,
  "active_alerts": 774989,
  "market_signals": 102
}