{
  "timestamp": "2025-08-29T10:10:34.218579",
  "overall_quality": 1.0,
  "avg_latency": 176.0075449994094,
  "total_data_points": 3390,
  "valid_data_points": 3390,
  "data_sources": 4,
  "active_alerts": 2287755,
  "market_signals": 102
}