{
  "timestamp": "2025-08-27T21:56:53.937558",
  "overall_quality": 1.0,
  "avg_latency": 223.41178777747845,
  "total_data_points": 4440,
  "valid_data_points": 4440,
  "data_sources": 4,
  "active_alerts": 1343209,
  "market_signals": 101
}