{
  "timestamp": "2025-08-28T14:54:49.283057",
  "overall_quality": 1.0,
  "avg_latency": 158.5026175396724,
  "total_data_points": 3050,
  "valid_data_points": 3050,
  "data_sources": 4,
  "active_alerts": 1782845,
  "market_signals": 100
}