{
  "timestamp": "2025-08-26T21:16:49.898182",
  "overall_quality": 1.0,
  "avg_latency": 229.62486752494365,
  "total_data_points": 4410,
  "valid_data_points": 4410,
  "data_sources": 4,
  "active_alerts": 710228,
  "market_signals": 102
}