{
  "timestamp": "2025-08-28T04:13:35.179159",
  "overall_quality": 1.0,
  "avg_latency": 272.65770922984746,
  "total_data_points": 5260,
  "valid_data_points": 5260,
  "data_sources": 4,
  "active_alerts": 1508616,
  "market_signals": 100
}