{
  "timestamp": "2025-08-28T22:38:39.706280",
  "overall_quality": 1.0,
  "avg_latency": 270.51174831929427,
  "total_data_points": 5390,
  "valid_data_points": 5390,
  "data_sources": 4,
  "active_alerts": 1983717,
  "market_signals": 104
}