{
  "timestamp": "2025-08-29T02:25:44.071196",
  "overall_quality": 1.0,
  "avg_latency": 182.44862815619885,
  "total_data_points": 3630,
  "valid_data_points": 3630,
  "data_sources": 4,
  "active_alerts": 2084349,
  "market_signals": 100
}