{
  "timestamp": "2025-08-29T18:39:55.906443",
  "overall_quality": 1.0,
  "avg_latency": 154.2086783212836,
  "total_data_points": 2960,
  "valid_data_points": 2960,
  "data_sources": 4,
  "active_alerts": 2504916,
  "market_signals": 103
}