{
  "timestamp": "2025-08-29T13:21:51.257015",
  "overall_quality": 1.0,
  "avg_latency": 213.590785329512,
  "total_data_points": 4100,
  "valid_data_points": 4100,
  "data_sources": 4,
  "active_alerts": 2369502,
  "market_signals": 100
}