{
  "timestamp": "2025-08-27T05:56:51.838905",
  "overall_quality": 1.0,
  "avg_latency": 227.47026397303435,
  "total_data_points": 4376,
  "valid_data_points": 4376,
  "data_sources": 4,
  "active_alerts": 932083,
  "market_signals": 103
}