{
  "timestamp": "2025-08-29T20:31:36.705640",
  "overall_quality": 1.0,
  "avg_latency": 203.63066178163203,
  "total_data_points": 3920,
  "valid_data_points": 3920,
  "data_sources": 4,
  "active_alerts": 2552443,
  "market_signals": 101
}