{
  "timestamp": "2025-08-28T21:34:38.423959",
  "overall_quality": 1.0,
  "avg_latency": 150.52549964113757,
  "total_data_points": 2990,
  "valid_data_points": 2990,
  "data_sources": 4,
  "active_alerts": 1955447,
  "market_signals": 100
}