{
  "timestamp": "2025-08-26T16:59:31.602667",
  "overall_quality": 1.0,
  "avg_latency": 161.52527203697804,
  "total_data_points": 3110,
  "valid_data_points": 3110,
  "data_sources": 4,
  "active_alerts": 600268,
  "market_signals": 102
}