{
  "timestamp": "2025-08-27T00:55:30.742501",
  "overall_quality": 1.0,
  "avg_latency": 188.5198736859113,
  "total_data_points": 3620,
  "valid_data_points": 3620,
  "data_sources": 4,
  "active_alerts": 802534,
  "market_signals": 101
}