{
  "timestamp": "2025-08-26T06:57:44.066173",
  "overall_quality": 1.0,
  "avg_latency": 261.60343256799143,
  "total_data_points": 5030,
  "valid_data_points": 5030,
  "data_sources": 4,
  "active_alerts": 342367,
  "market_signals": 102
}