{
  "timestamp": "2025-08-26T15:08:40.638477",
  "overall_quality": 1.0,
  "avg_latency": 287.0028803235084,
  "total_data_points": 5530,
  "valid_data_points": 5530,
  "data_sources": 4,
  "active_alerts": 552730,
  "market_signals": 101
}