{
  "timestamp": "2025-08-29T01:05:42.458475",
  "overall_quality": 1.0,
  "avg_latency": 182.1638109779015,
  "total_data_points": 3620,
  "valid_data_points": 3620,
  "data_sources": 4,
  "active_alerts": 2049706,
  "market_signals": 101
}