{
  "timestamp": "2025-08-28T04:04:34.253295",
  "overall_quality": 1.0,
  "avg_latency": 152.61626902525563,
  "total_data_points": 2930,
  "valid_data_points": 2930,
  "data_sources": 4,
  "active_alerts": 1504727,
  "market_signals": 100
}