{
  "timestamp": "2025-08-27T20:44:47.021492",
  "overall_quality": 1.0,
  "avg_latency": 160.42692187378603,
  "total_data_points": 3090,
  "valid_data_points": 3090,
  "data_sources": 4,
  "active_alerts": 1312008,
  "market_signals": 103
}