{
  "timestamp": "2025-08-25T20:14:37.868203",
  "overall_quality": 1.0,
  "avg_latency": 171.86320403090926,
  "total_data_points": 3300,
  "valid_data_points": 3300,
  "data_sources": 4,
  "active_alerts": 70131,
  "market_signals": 100
}