{
  "timestamp": "2025-08-28T08:07:58.377327",
  "overall_quality": 1.0,
  "avg_latency": 252.89506130841804,
  "total_data_points": 4870,
  "valid_data_points": 4870,
  "data_sources": 4,
  "active_alerts": 1608097,
  "market_signals": 101
}