{
  "timestamp": "2025-08-29T13:57:54.566303",
  "overall_quality": 1.0,
  "avg_latency": 245.1395322316347,
  "total_data_points": 4710,
  "valid_data_points": 4710,
  "data_sources": 4,
  "active_alerts": 2384786,
  "market_signals": 101
}