{
  "timestamp": "2025-08-29T10:53:37.337317",
  "overall_quality": 1.0,
  "avg_latency": 267.64742404669266,
  "total_data_points": 5140,
  "valid_data_points": 5140,
  "data_sources": 4,
  "active_alerts": 2306095,
  "market_signals": 102
}