{
  "timestamp": "2025-08-27T07:13:33.828642",
  "overall_quality": 1.0,
  "avg_latency": 278.35679474130194,
  "total_data_points": 5346,
  "valid_data_points": 5346,
  "data_sources": 4,
  "active_alerts": 965715,
  "market_signals": 100
}