{
  "timestamp": "2025-08-26T18:15:44.802920",
  "overall_quality": 1.0,
  "avg_latency": 197.80078404500003,
  "total_data_points": 3800,
  "valid_data_points": 3800,
  "data_sources": 4,
  "active_alerts": 632715,
  "market_signals": 102
}