{
  "timestamp": "2025-08-26T14:25:33.343845",
  "overall_quality": 1.0,
  "avg_latency": 193.58124943699733,
  "total_data_points": 3730,
  "valid_data_points": 3730,
  "data_sources": 4,
  "active_alerts": 534196,
  "market_signals": 103
}