{
  "timestamp": "2025-08-26T05:54:33.186278",
  "overall_quality": 1.0,
  "avg_latency": 166.66964100591895,
  "total_data_points": 3210,
  "valid_data_points": 3210,
  "data_sources": 4,
  "active_alerts": 315688,
  "market_signals": 102
}