{
  "timestamp": "2025-08-30T04:52:51.471254",
  "overall_quality": 1.0,
  "avg_latency": 239.81805095199152,
  "total_data_points": 4770,
  "valid_data_points": 4770,
  "data_sources": 4,
  "active_alerts": 2772691,
  "market_signals": 101
}