{
  "timestamp": "2025-08-29T04:41:46.697064",
  "overall_quality": 1.0,
  "avg_latency": 213.60338820470548,
  "total_data_points": 4250,
  "valid_data_points": 4250,
  "data_sources": 4,
  "active_alerts": 2144489,
  "market_signals": 103
}