{
  "timestamp": "2025-08-29T11:31:40.708976",
  "overall_quality": 1.0,
  "avg_latency": 209.05664061019874,
  "total_data_points": 4020,
  "valid_data_points": 4020,
  "data_sources": 4,
  "active_alerts": 2322607,
  "market_signals": 100
}