{
  "timestamp": "2025-08-28T21:10:38.003591",
  "overall_quality": 1.0,
  "avg_latency": 179.94894285195483,
  "total_data_points": 3580,
  "valid_data_points": 3580,
  "data_sources": 4,
  "active_alerts": 1944386,
  "market_signals": 101
}