{
  "timestamp": "2025-08-27T10:10:30.548509",
  "overall_quality": 1.0,
  "avg_latency": 185.55978276236004,
  "total_data_points": 3560,
  "valid_data_points": 3560,
  "data_sources": 4,
  "active_alerts": 1041124,
  "market_signals": 101
}