{
  "timestamp": "2025-08-27T02:37:48.618753",
  "overall_quality": 1.0,
  "avg_latency": 257.21580612368405,
  "total_data_points": 4940,
  "valid_data_points": 4940,
  "data_sources": 4,
  "active_alerts": 846426,
  "market_signals": 100
}