{
  "timestamp": "2025-08-29T01:38:43.136556",
  "overall_quality": 1.0,
  "avg_latency": 272.2598536310521,
  "total_data_points": 5410,
  "valid_data_points": 5410,
  "data_sources": 4,
  "active_alerts": 2063476,
  "market_signals": 101
}