{
  "timestamp": "2025-08-26T22:31:34.313946",
  "overall_quality": 1.0,
  "avg_latency": 220.9645385522351,
  "total_data_points": 4250,
  "valid_data_points": 4250,
  "data_sources": 4,
  "active_alerts": 741775,
  "market_signals": 101
}