{
  "timestamp": "2025-08-26T14:47:37.537090",
  "overall_quality": 1.0,
  "avg_latency": 256.0170831323239,
  "total_data_points": 4950,
  "valid_data_points": 4950,
  "data_sources": 4,
  "active_alerts": 543923,
  "market_signals": 101
}