{
  "timestamp": "2025-08-27T16:53:39.901097",
  "overall_quality": 1.0,
  "avg_latency": 278.14317219214934,
  "total_data_points": 5350,
  "valid_data_points": 5350,
  "data_sources": 4,
  "active_alerts": 1214121,
  "market_signals": 102
}