{
  "timestamp": "2025-08-26T18:36:49.667744",
  "overall_quality": 1.0,
  "avg_latency": 230.36122513190085,
  "total_data_points": 4420,
  "valid_data_points": 4420,
  "data_sources": 4,
  "active_alerts": 641790,
  "market_signals": 102
}