{
  "timestamp": "2025-08-30T02:11:48.539131",
  "overall_quality": 1.0,
  "avg_latency": 208.8345886180727,
  "total_data_points": 4150,
  "valid_data_points": 4150,
  "data_sources": 4,
  "active_alerts": 2702630,
  "market_signals": 102
}