{
  "timestamp": "2025-08-29T17:41:48.321915",
  "overall_quality": 1.0,
  "avg_latency": 210.93043800592568,
  "total_data_points": 4050,
  "valid_data_points": 4050,
  "data_sources": 4,
  "active_alerts": 2479799,
  "market_signals": 102
}