{
  "timestamp": "2025-08-28T19:32:36.204699",
  "overall_quality": 1.0,
  "avg_latency": 239.2462718165968,
  "total_data_points": 4760,
  "valid_data_points": 4760,
  "data_sources": 4,
  "active_alerts": 1901601,
  "market_signals": 103
}