{
  "timestamp": "2025-08-28T10:24:39.657365",
  "overall_quality": 1.0,
  "avg_latency": 153.3092037119046,
  "total_data_points": 2940,
  "valid_data_points": 2940,
  "data_sources": 4,
  "active_alerts": 1666042,
  "market_signals": 101
}