{
  "timestamp": "2025-08-29T05:29:47.784618",
  "overall_quality": 1.0,
  "avg_latency": 154.07442494265206,
  "total_data_points": 3069,
  "valid_data_points": 3069,
  "data_sources": 4,
  "active_alerts": 2165602,
  "market_signals": 101
}