{
  "timestamp": "2025-08-28T13:13:47.216885",
  "overall_quality": 1.0,
  "avg_latency": 276.3344198696363,
  "total_data_points": 5500,
  "valid_data_points": 5500,
  "data_sources": 4,
  "active_alerts": 1738370,
  "market_signals": 103
}