{
  "timestamp": "2025-08-27T12:08:50.155890",
  "overall_quality": 1.0,
  "avg_latency": 284.6919207047444,
  "total_data_points": 5480,
  "valid_data_points": 5480,
  "data_sources": 4,
  "active_alerts": 1092530,
  "market_signals": 102
}