{
  "timestamp": "2025-08-28T05:10:40.316488",
  "overall_quality": 1.0,
  "avg_latency": 185.10901541624645,
  "total_data_points": 3570,
  "valid_data_points": 3570,
  "data_sources": 4,
  "active_alerts": 1532964,
  "market_signals": 101
}