{
  "timestamp": "2025-08-25T18:56:54.298877",
  "overall_quality": 1.0,
  "avg_latency": 240.7561432749483,
  "total_data_points": 4790,
  "valid_data_points": 4790,
  "data_sources": 4,
  "active_alerts": 37129,
  "market_signals": 104
}