{
  "timestamp": "2025-08-29T00:03:41.300685",
  "overall_quality": 1.0,
  "avg_latency": 271.8150881131487,
  "total_data_points": 5400,
  "valid_data_points": 5400,
  "data_sources": 4,
  "active_alerts": 2021767,
  "market_signals": 100
}