{
  "timestamp": "2025-08-29T05:24:47.670950",
  "overall_quality": 1.0,
  "avg_latency": 154.3643764084966,
  "total_data_points": 3060,
  "valid_data_points": 3060,
  "data_sources": 4,
  "active_alerts": 2163370,
  "market_signals": 103
}