{
  "timestamp": "2025-08-30T00:25:46.278253",
  "overall_quality": 1.0,
  "avg_latency": 177.74967412288166,
  "total_data_points": 3540,
  "valid_data_points": 3540,
  "data_sources": 4,
  "active_alerts": 2655941,
  "market_signals": 101
}