{
  "timestamp": "2025-08-27T18:21:54.387405",
  "overall_quality": 1.0,
  "avg_latency": 225.16320704606525,
  "total_data_points": 4320,
  "valid_data_points": 4320,
  "data_sources": 4,
  "active_alerts": 1251640,
  "market_signals": 101
}