{
  "timestamp": "2025-08-30T04:01:50.516796",
  "overall_quality": 1.0,
  "avg_latency": 209.2164008127102,
  "total_data_points": 4170,
  "valid_data_points": 4170,
  "data_sources": 4,
  "active_alerts": 2750509,
  "market_signals": 102
}