{
  "timestamp": "2025-08-25T21:14:50.909207",
  "overall_quality": 1.0,
  "avg_latency": 178.46096368269744,
  "total_data_points": 3410,
  "valid_data_points": 3410,
  "data_sources": 4,
  "active_alerts": 96006,
  "market_signals": 101
}