{
  "timestamp": "2025-08-26T20:46:44.564079",
  "overall_quality": 1.0,
  "avg_latency": 227.11828824879558,
  "total_data_points": 4357,
  "valid_data_points": 4357,
  "data_sources": 4,
  "active_alerts": 697198,
  "market_signals": 100
}