{
  "timestamp": "2025-08-30T04:33:51.092266",
  "overall_quality": 1.0,
  "avg_latency": 269.72742196368694,
  "total_data_points": 5370,
  "valid_data_points": 5370,
  "data_sources": 4,
  "active_alerts": 2764172,
  "market_signals": 100
}