{
  "timestamp": "2025-08-29T21:31:42.476566",
  "overall_quality": 1.0,
  "avg_latency": 205.9938323619646,
  "total_data_points": 3970,
  "valid_data_points": 3970,
  "data_sources": 4,
  "active_alerts": 2578423,
  "market_signals": 103
}