{
  "timestamp": "2025-08-26T22:11:30.705942",
  "overall_quality": 1.0,
  "avg_latency": 219.44229559073702,
  "total_data_points": 4210,
  "valid_data_points": 4210,
  "data_sources": 4,
  "active_alerts": 733474,
  "market_signals": 100
}