{
  "timestamp": "2025-08-30T04:58:51.600330",
  "overall_quality": 1.0,
  "avg_latency": 270.1875484409681,
  "total_data_points": 5370,
  "valid_data_points": 5370,
  "data_sources": 4,
  "active_alerts": 2775262,
  "market_signals": 101
}