{
  "timestamp": "2025-08-27T05:01:44.400257",
  "overall_quality": 1.0,
  "avg_latency": 223.96536848074282,
  "total_data_points": 4310,
  "valid_data_points": 4310,
  "data_sources": 4,
  "active_alerts": 908214,
  "market_signals": 100
}