{
  "timestamp": "2025-08-26T14:21:32.460425",
  "overall_quality": 1.0,
  "avg_latency": 223.5630572000007,
  "total_data_points": 4300,
  "valid_data_points": 4300,
  "data_sources": 4,
  "active_alerts": 532412,
  "market_signals": 100
}