{
  "timestamp": "2025-08-27T14:08:39.288893",
  "overall_quality": 1.0,
  "avg_latency": 279.0347412440292,
  "total_data_points": 5360,
  "valid_data_points": 5360,
  "data_sources": 4,
  "active_alerts": 1143567,
  "market_signals": 102
}