{
  "timestamp": "2025-08-29T23:20:45.053150",
  "overall_quality": 1.0,
  "avg_latency": 177.83501552776215,
  "total_data_points": 3530,
  "valid_data_points": 3530,
  "data_sources": 4,
  "active_alerts": 2627573,
  "market_signals": 101
}