{
  "timestamp": "2025-08-26T17:35:37.511104",
  "overall_quality": 1.0,
  "avg_latency": 194.37523816461086,
  "total_data_points": 3730,
  "valid_data_points": 3730,
  "data_sources": 4,
  "active_alerts": 615705,
  "market_signals": 101
}