{
  "timestamp": "2025-08-28T18:24:34.958209",
  "overall_quality": 1.0,
  "avg_latency": 298.9400918552193,
  "total_data_points": 5940,
  "valid_data_points": 5940,
  "data_sources": 4,
  "active_alerts": 1871937,
  "market_signals": 102
}