{
  "timestamp": "2025-08-27T14:49:45.984238",
  "overall_quality": 1.0,
  "avg_latency": 161.86310050947037,
  "total_data_points": 3115,
  "valid_data_points": 3115,
  "data_sources": 4,
  "active_alerts": 1160917,
  "market_signals": 101
}