{
  "timestamp": "2025-08-30T03:50:50.297565",
  "overall_quality": 1.0,
  "avg_latency": 179.33445476442583,
  "total_data_points": 3570,
  "valid_data_points": 3570,
  "data_sources": 4,
  "active_alerts": 2745962,
  "market_signals": 100
}