{
  "timestamp": "2025-08-29T20:34:37.033911",
  "overall_quality": 1.0,
  "avg_latency": 293.92079003646086,
  "total_data_points": 5650,
  "valid_data_points": 5650,
  "data_sources": 4,
  "active_alerts": 2553719,
  "market_signals": 101
}