{
  "timestamp": "2025-08-28T06:22:48.106949",
  "overall_quality": 1.0,
  "avg_latency": 249.08278475812529,
  "total_data_points": 4800,
  "valid_data_points": 4800,
  "data_sources": 4,
  "active_alerts": 1564010,
  "market_signals": 101
}