{
  "timestamp": "2025-08-29T04:04:45.967775",
  "overall_quality": 1.0,
  "avg_latency": 153.38304664295075,
  "total_data_points": 3050,
  "valid_data_points": 3050,
  "data_sources": 4,
  "active_alerts": 2128279,
  "market_signals": 104
}