{
  "timestamp": "2025-08-29T09:10:58.719849",
  "overall_quality": 1.0,
  "avg_latency": 189.0560249446278,
  "total_data_points": 3630,
  "valid_data_points": 3630,
  "data_sources": 4,
  "active_alerts": 2261982,
  "market_signals": 100
}