{
  "timestamp": "2025-08-27T01:53:41.110876",
  "overall_quality": 1.0,
  "avg_latency": 283.5549586060208,
  "total_data_points": 5480,
  "valid_data_points": 5480,
  "data_sources": 4,
  "active_alerts": 827897,
  "market_signals": 100
}