{
  "timestamp": "2025-08-27T12:25:52.481106",
  "overall_quality": 1.0,
  "avg_latency": 195.6980379448279,
  "total_data_points": 3770,
  "valid_data_points": 3770,
  "data_sources": 4,
  "active_alerts": 1099440,
  "market_signals": 104
}