{
  "timestamp": "2025-08-27T19:18:33.587458",
  "overall_quality": 1.0,
  "avg_latency": 274.27386893510425,
  "total_data_points": 5270,
  "valid_data_points": 5270,
  "data_sources": 4,
  "active_alerts": 1275639,
  "market_signals": 101
}