{
  "timestamp": "2025-08-26T05:35:59.284621",
  "overall_quality": 1.0,
  "avg_latency": 209.84469346361348,
  "total_data_points": 4040,
  "valid_data_points": 4040,
  "data_sources": 4,
  "active_alerts": 307780,
  "market_signals": 101
}