{
  "timestamp": "2025-08-25T22:32:40.193855",
  "overall_quality": 1.0,
  "avg_latency": 262.5612903233659,
  "total_data_points": 5050,
  "valid_data_points": 5050,
  "data_sources": 4,
  "active_alerts": 128715,
  "market_signals": 102
}