{
  "timestamp": "2025-08-26T06:51:43.175702",
  "overall_quality": 1.0,
  "avg_latency": 231.44321360674135,
  "total_data_points": 4450,
  "valid_data_points": 4450,
  "data_sources": 4,
  "active_alerts": 339887,
  "market_signals": 100
}