{
  "timestamp": "2025-08-27T15:11:49.588681",
  "overall_quality": 1.0,
  "avg_latency": 223.69740874116252,
  "total_data_points": 4300,
  "valid_data_points": 4300,
  "data_sources": 4,
  "active_alerts": 1170479,
  "market_signals": 102
}