{
  "timestamp": "2025-08-26T11:26:31.425286",
  "overall_quality": 1.0,
  "avg_latency": 224.31011267819045,
  "total_data_points": 4310,
  "valid_data_points": 4310,
  "data_sources": 4,
  "active_alerts": 458297,
  "market_signals": 101
}