{
  "timestamp": "2025-08-26T13:18:51.269255",
  "overall_quality": 1.0,
  "avg_latency": 293.0165419283701,
  "total_data_points": 5640,
  "valid_data_points": 5640,
  "data_sources": 4,
  "active_alerts": 505358,
  "market_signals": 100
}