{
  "timestamp": "2025-08-26T15:11:41.053104",
  "overall_quality": 1.0,
  "avg_latency": 227.34533413981706,
  "total_data_points": 4370,
  "valid_data_points": 4370,
  "data_sources": 4,
  "active_alerts": 553959,
  "market_signals": 101
}