{
  "timestamp": "2025-08-27T17:11:42.727540",
  "overall_quality": 1.0,
  "avg_latency": 218.7057680515443,
  "total_data_points": 4210,
  "valid_data_points": 4210,
  "data_sources": 4,
  "active_alerts": 1221580,
  "market_signals": 101
}