{
  "timestamp": "2025-08-26T21:41:54.872933",
  "overall_quality": 1.0,
  "avg_latency": 231.57107642988788,
  "total_data_points": 4450,
  "valid_data_points": 4450,
  "data_sources": 4,
  "active_alerts": 720732,
  "market_signals": 102
}