{
  "timestamp": "2025-08-27T23:35:55.758445",
  "overall_quality": 1.0,
  "avg_latency": 194.60663881217636,
  "total_data_points": 3860,
  "valid_data_points": 3860,
  "data_sources": 4,
  "active_alerts": 1387051,
  "market_signals": 101
}