{
  "timestamp": "2025-08-29T03:16:45.090736",
  "overall_quality": 1.0,
  "avg_latency": 213.0778924669026,
  "total_data_points": 4230,
  "valid_data_points": 4230,
  "data_sources": 4,
  "active_alerts": 2107217,
  "market_signals": 100
}