{
  "timestamp": "2025-08-28T08:57:33.117854",
  "overall_quality": 1.0,
  "avg_latency": 239.85327972099597,
  "total_data_points": 4620,
  "valid_data_points": 4620,
  "data_sources": 4,
  "active_alerts": 1629362,
  "market_signals": 101
}