{
  "timestamp": "2025-08-28T09:57:37.687453",
  "overall_quality": 1.0,
  "avg_latency": 241.9849855122333,
  "total_data_points": 4660,
  "valid_data_points": 4660,
  "data_sources": 4,
  "active_alerts": 1654755,
  "market_signals": 101
}