{
  "timestamp": "2025-08-30T08:54:56.106819",
  "overall_quality": 1.0,
  "avg_latency": 151.5073358324502,
  "total_data_points": 3020,
  "valid_data_points": 3020,
  "data_sources": 4,
  "active_alerts": 2879295,
  "market_signals": 102
}