{
  "timestamp": "2025-08-28T18:10:34.688417",
  "overall_quality": 1.0,
  "avg_latency": 178.90482552219052,
  "total_data_points": 3560,
  "valid_data_points": 3560,
  "data_sources": 4,
  "active_alerts": 1866108,
  "market_signals": 102
}