{
  "timestamp": "2025-08-27T21:37:52.390345",
  "overall_quality": 1.0,
  "avg_latency": 253.19006806234523,
  "total_data_points": 4860,
  "valid_data_points": 4860,
  "data_sources": 4,
  "active_alerts": 1334486,
  "market_signals": 102
}