{
  "timestamp": "2025-08-26T00:16:31.425991",
  "overall_quality": 1.0,
  "avg_latency": 227.48932941027377,
  "total_data_points": 4380,
  "valid_data_points": 4380,
  "data_sources": 4,
  "active_alerts": 173737,
  "market_signals": 101
}