{
  "timestamp": "2025-08-29T14:29:57.659193",
  "overall_quality": 1.0,
  "avg_latency": 156.2142788388705,
  "total_data_points": 3010,
  "valid_data_points": 3010,
  "data_sources": 4,
  "active_alerts": 2398816,
  "market_signals": 104
}