{
  "timestamp": "2025-08-30T06:07:53.029028",
  "overall_quality": 1.0,
  "avg_latency": 241.06068643903956,
  "total_data_points": 4790,
  "valid_data_points": 4790,
  "data_sources": 4,
  "active_alerts": 2806188,
  "market_signals": 101
}