{
  "timestamp": "2025-08-30T02:49:49.226897",
  "overall_quality": 1.0,
  "avg_latency": 299.0293033101015,
  "total_data_points": 5940,
  "valid_data_points": 5940,
  "data_sources": 4,
  "active_alerts": 2719904,
  "market_signals": 104
}