{
  "timestamp": "2025-08-27T08:48:47.849461",
  "overall_quality": 1.0,
  "avg_latency": 284.36270555630693,
  "total_data_points": 5470,
  "valid_data_points": 5470,
  "data_sources": 4,
  "active_alerts": 1005923,
  "market_signals": 101
}