{
  "timestamp": "2025-08-25T23:03:45.141042",
  "overall_quality": 1.0,
  "avg_latency": 294.7633550188376,
  "total_data_points": 5680,
  "valid_data_points": 5680,
  "data_sources": 4,
  "active_alerts": 142229,
  "market_signals": 100
}