{
  "timestamp": "2025-08-28T21:02:37.853870",
  "overall_quality": 1.0,
  "avg_latency": 240.29644095807134,
  "total_data_points": 4770,
  "valid_data_points": 4770,
  "data_sources": 4,
  "active_alerts": 1940661,
  "market_signals": 100
}