{
  "timestamp": "2025-08-27T20:15:43.289644",
  "overall_quality": 1.0,
  "avg_latency": 188.41207223618738,
  "total_data_points": 3620,
  "valid_data_points": 3620,
  "data_sources": 4,
  "active_alerts": 1299942,
  "market_signals": 102
}