{
  "timestamp": "2025-08-26T13:11:50.154302",
  "overall_quality": 1.0,
  "avg_latency": 232.72623728124995,
  "total_data_points": 4480,
  "valid_data_points": 4480,
  "data_sources": 4,
  "active_alerts": 502237,
  "market_signals": 102
}