{
  "timestamp": "2025-08-30T01:31:47.686846",
  "overall_quality": 1.0,
  "avg_latency": 208.61901447246407,
  "total_data_points": 4140,
  "valid_data_points": 4140,
  "data_sources": 4,
  "active_alerts": 2685252,
  "market_signals": 101
}