{
  "timestamp": "2025-08-26T07:41:51.587089",
  "overall_quality": 1.0,
  "avg_latency": 235.30815079225593,
  "total_data_points": 4520,
  "valid_data_points": 4520,
  "data_sources": 4,
  "active_alerts": 361793,
  "market_signals": 100
}