{
  "timestamp": "2025-08-26T01:34:44.157764",
  "overall_quality": 1.0,
  "avg_latency": 173.60674618828776,
  "total_data_points": 3330,
  "valid_data_points": 3330,
  "data_sources": 4,
  "active_alerts": 206208,
  "market_signals": 101
}