{
  "timestamp": "2025-08-29T20:22:36.072955",
  "overall_quality": 1.0,
  "avg_latency": 233.44999454543398,
  "total_data_points": 4490,
  "valid_data_points": 4490,
  "data_sources": 4,
  "active_alerts": 2548745,
  "market_signals": 100
}