{
  "timestamp": "2025-08-26T12:00:37.273026",
  "overall_quality": 1.0,
  "avg_latency": 196.34289897071247,
  "total_data_points": 3790,
  "valid_data_points": 3790,
  "data_sources": 4,
  "active_alerts": 472706,
  "market_signals": 106
}