{
  "timestamp": "2025-08-29T09:07:58.390728",
  "overall_quality": 1.0,
  "avg_latency": 248.44632901631786,
  "total_data_points": 4780,
  "valid_data_points": 4780,
  "data_sources": 4,
  "active_alerts": 2260554,
  "market_signals": 101
}