{
  "timestamp": "2025-08-25T20:25:40.107807",
  "overall_quality": 1.0,
  "avg_latency": 203.3485027773196,
  "total_data_points": 3880,
  "valid_data_points": 3880,
  "data_sources": 4,
  "active_alerts": 74887,
  "market_signals": 100
}