{
  "timestamp": "2025-08-29T19:16:30.330527",
  "overall_quality": 1.0,
  "avg_latency": 201.06871208113697,
  "total_data_points": 3870,
  "valid_data_points": 3870,
  "data_sources": 4,
  "active_alerts": 2520289,
  "market_signals": 100
}