{
  "timestamp": "2025-08-28T23:18:40.525511",
  "overall_quality": 1.0,
  "avg_latency": 271.17926451966554,
  "total_data_points": 5390,
  "valid_data_points": 5390,
  "data_sources": 4,
  "active_alerts": 2001809,
  "market_signals": 102
}