{
  "timestamp": "2025-08-29T02:55:44.664003",
  "overall_quality": 1.0,
  "avg_latency": 182.79934773626405,
  "total_data_points": 3640,
  "valid_data_points": 3640,
  "data_sources": 4,
  "active_alerts": 2097873,
  "market_signals": 100
}