{
  "timestamp": "2025-08-27T09:04:49.926767",
  "overall_quality": 1.0,
  "avg_latency": 165.7092086752432,
  "total_data_points": 3187,
  "valid_data_points": 3187,
  "data_sources": 4,
  "active_alerts": 1013133,
  "market_signals": 101
}