{
  "timestamp": "2025-08-29T04:08:46.049903",
  "overall_quality": 1.0,
  "avg_latency": 273.2236893136027,
  "total_data_points": 5440,
  "valid_data_points": 5440,
  "data_sources": 4,
  "active_alerts": 2130099,
  "market_signals": 102
}