{
  "timestamp": "2025-08-27T15:07:48.952389",
  "overall_quality": 1.0,
  "avg_latency": 253.07922952607765,
  "total_data_points": 4870,
  "valid_data_points": 4870,
  "data_sources": 4,
  "active_alerts": 1168664,
  "market_signals": 103
}