{
  "timestamp": "2025-08-26T05:49:31.917890",
  "overall_quality": 1.0,
  "avg_latency": 166.04631296802503,
  "total_data_points": 3190,
  "valid_data_points": 3190,
  "data_sources": 4,
  "active_alerts": 313609,
  "market_signals": 101
}