{
  "timestamp": "2025-08-27T05:57:51.986157",
  "overall_quality": 1.0,
  "avg_latency": 257.4210508539141,
  "total_data_points": 4956,
  "valid_data_points": 4956,
  "data_sources": 4,
  "active_alerts": 932518,
  "market_signals": 102
}