{
  "timestamp": "2025-08-27T05:34:49.200906",
  "overall_quality": 1.0,
  "avg_latency": 166.1790877661445,
  "total_data_points": 3190,
  "valid_data_points": 3190,
  "data_sources": 4,
  "active_alerts": 922420,
  "market_signals": 103
}