{
  "timestamp": "2025-08-28T18:32:35.095210",
  "overall_quality": 1.0,
  "avg_latency": 239.38801636252563,
  "total_data_points": 4750,
  "valid_data_points": 4750,
  "data_sources": 4,
  "active_alerts": 1875506,
  "market_signals": 101
}