{
  "timestamp": "2025-08-29T19:20:30.883393",
  "overall_quality": 1.0,
  "avg_latency": 171.2780737349542,
  "total_data_points": 3290,
  "valid_data_points": 3290,
  "data_sources": 4,
  "active_alerts": 2522053,
  "market_signals": 102
}