{
  "timestamp": "2025-08-26T04:32:47.590913",
  "overall_quality": 1.0,
  "avg_latency": 264.57382180157583,
  "total_data_points": 5080,
  "valid_data_points": 5080,
  "data_sources": 4,
  "active_alerts": 281071,
  "market_signals": 101
}