{
  "timestamp": "2025-08-25T20:49:46.443615",
  "overall_quality": 1.0,
  "avg_latency": 176.47537869406563,
  "total_data_points": 3370,
  "valid_data_points": 3370,
  "data_sources": 4,
  "active_alerts": 85273,
  "market_signals": 102
}