{
  "timestamp": "2025-08-26T20:02:36.475333",
  "overall_quality": 1.0,
  "avg_latency": 253.16038704958794,
  "total_data_points": 4860,
  "valid_data_points": 4860,
  "data_sources": 4,
  "active_alerts": 678455,
  "market_signals": 101
}