{
  "timestamp": "2025-08-27T00:51:29.976517",
  "overall_quality": 1.0,
  "avg_latency": 218.1799544138097,
  "total_data_points": 4200,
  "valid_data_points": 4200,
  "data_sources": 4,
  "active_alerts": 800832,
  "market_signals": 101
}