{
  "timestamp": "2025-08-28T06:16:47.428556",
  "overall_quality": 1.0,
  "avg_latency": 218.650678722512,
  "total_data_points": 4220,
  "valid_data_points": 4220,
  "data_sources": 4,
  "active_alerts": 1561542,
  "market_signals": 102
}