{
  "timestamp": "2025-08-27T08:12:42.705671",
  "overall_quality": 1.0,
  "avg_latency": 252.1698137408252,
  "total_data_points": 4850,
  "valid_data_points": 4850,
  "data_sources": 4,
  "active_alerts": 990727,
  "market_signals": 102
}