{
  "timestamp": "2025-08-25T20:01:35.185883",
  "overall_quality": 1.0,
  "avg_latency": 230.5260981266968,
  "total_data_points": 4420,
  "valid_data_points": 4420,
  "data_sources": 4,
  "active_alerts": 64646,
  "market_signals": 100
}