{
  "timestamp": "2025-08-29T16:17:37.844460",
  "overall_quality": 1.0,
  "avg_latency": 236.10701606938332,
  "total_data_points": 4540,
  "valid_data_points": 4540,
  "data_sources": 4,
  "active_alerts": 2443838,
  "market_signals": 100
}