{
  "timestamp": "2025-08-28T04:55:39.107598",
  "overall_quality": 1.0,
  "avg_latency": 184.90794296348307,
  "total_data_points": 3560,
  "valid_data_points": 3560,
  "data_sources": 4,
  "active_alerts": 1526522,
  "market_signals": 100
}