{
  "timestamp": "2025-08-29T15:18:31.828171",
  "overall_quality": 1.0,
  "avg_latency": 263.56292854525736,
  "total_data_points": 5060,
  "valid_data_points": 5060,
  "data_sources": 4,
  "active_alerts": 2419120,
  "market_signals": 101
}