{
  "timestamp": "2025-08-29T06:50:49.869458",
  "overall_quality": 1.0,
  "avg_latency": 185.3911731693991,
  "total_data_points": 3660,
  "valid_data_points": 3660,
  "data_sources": 4,
  "active_alerts": 2201490,
  "market_signals": 101
}