{
  "timestamp": "2025-08-25T19:25:58.210204",
  "overall_quality": 1.0,
  "avg_latency": 212.84422593039255,
  "total_data_points": 4080,
  "valid_data_points": 4080,
  "data_sources": 4,
  "active_alerts": 49819,
  "market_signals": 101
}