{
  "timestamp": "2025-08-27T10:40:35.750663",
  "overall_quality": 1.0,
  "avg_latency": 188.20800373011105,
  "total_data_points": 3620,
  "valid_data_points": 3620,
  "data_sources": 4,
  "active_alerts": 1054037,
  "market_signals": 101
}