{
  "timestamp": "2025-08-29T00:15:41.505240",
  "overall_quality": 1.0,
  "avg_latency": 181.60633220138155,
  "total_data_points": 3620,
  "valid_data_points": 3620,
  "data_sources": 4,
  "active_alerts": 2027297,
  "market_signals": 100
}