{
  "timestamp": "2025-08-27T15:06:48.785923",
  "overall_quality": 1.0,
  "avg_latency": 223.03473404615286,
  "total_data_points": 4290,
  "valid_data_points": 4290,
  "data_sources": 4,
  "active_alerts": 1168227,
  "market_signals": 103
}