{
  "timestamp": "2025-08-28T21:48:38.669036",
  "overall_quality": 1.0,
  "avg_latency": 270.29619552342024,
  "total_data_points": 5380,
  "valid_data_points": 5380,
  "data_sources": 4,
  "active_alerts": 1961719,
  "market_signals": 100
}