{
  "timestamp": "2025-08-28T19:05:35.694995",
  "overall_quality": 1.0,
  "avg_latency": 179.15379632324937,
  "total_data_points": 3570,
  "valid_data_points": 3570,
  "data_sources": 4,
  "active_alerts": 1890000,
  "market_signals": 101
}