{
  "timestamp": "2025-08-27T15:56:58.457712",
  "overall_quality": 1.0,
  "avg_latency": 228.2675476782114,
  "total_data_points": 4360,
  "valid_data_points": 4360,
  "data_sources": 4,
  "active_alerts": 1189857,
  "market_signals": 101
}