{
  "timestamp": "2025-08-27T21:06:49.126231",
  "overall_quality": 1.0,
  "avg_latency": 221.5521600396709,
  "total_data_points": 4260,
  "valid_data_points": 4260,
  "data_sources": 4,
  "active_alerts": 1321332,
  "market_signals": 101
}