{
  "timestamp": "2025-08-28T20:45:37.541171",
  "overall_quality": 1.0,
  "avg_latency": 179.9515319499997,
  "total_data_points": 3580,
  "valid_data_points": 3580,
  "data_sources": 4,
  "active_alerts": 1933118,
  "market_signals": 100
}