{
  "timestamp": "2025-08-29T11:18:39.512009",
  "overall_quality": 1.0,
  "avg_latency": 268.3003261182176,
  "total_data_points": 5160,
  "valid_data_points": 5160,
  "data_sources": 4,
  "active_alerts": 2316968,
  "market_signals": 100
}