{
  "timestamp": "2025-08-27T15:30:52.245287",
  "overall_quality": 1.0,
  "avg_latency": 194.91827031684483,
  "total_data_points": 3740,
  "valid_data_points": 3740,
  "data_sources": 4,
  "active_alerts": 1178661,
  "market_signals": 101
}