{
  "timestamp": "2025-08-29T06:54:50.059415",
  "overall_quality": 1.0,
  "avg_latency": 155.62011740065577,
  "total_data_points": 3050,
  "valid_data_points": 3050,
  "data_sources": 4,
  "active_alerts": 2203349,
  "market_signals": 100
}