{
  "timestamp": "2025-08-26T03:53:39.606012",
  "overall_quality": 1.0,
  "avg_latency": 290.1456310164579,
  "total_data_points": 5590,
  "valid_data_points": 5590,
  "data_sources": 4,
  "active_alerts": 264581,
  "market_signals": 103
}