{
  "timestamp": "2025-08-26T17:05:32.879202",
  "overall_quality": 1.0,
  "avg_latency": 192.37477311000043,
  "total_data_points": 3700,
  "valid_data_points": 3700,
  "data_sources": 4,
  "active_alerts": 602903,
  "market_signals": 101
}