{
  "timestamp": "2025-08-29T13:54:54.328645",
  "overall_quality": 1.0,
  "avg_latency": 154.86674030570452,
  "total_data_points": 2980,
  "valid_data_points": 2980,
  "data_sources": 4,
  "active_alerts": 2383600,
  "market_signals": 102
}