{
  "timestamp": "2025-08-26T01:51:47.277024",
  "overall_quality": 1.0,
  "avg_latency": 234.97067630575182,
  "total_data_points": 4520,
  "valid_data_points": 4520,
  "data_sources": 4,
  "active_alerts": 213263,
  "market_signals": 100
}