{
  "timestamp": "2025-08-28T17:28:32.703270",
  "overall_quality": 1.0,
  "avg_latency": 268.3006970054264,
  "total_data_points": 5160,
  "valid_data_points": 5160,
  "data_sources": 4,
  "active_alerts": 1848380,
  "market_signals": 103
}