{
  "timestamp": "2025-08-26T14:34:35.242595",
  "overall_quality": 1.0,
  "avg_latency": 164.45186300189278,
  "total_data_points": 3170,
  "valid_data_points": 3170,
  "data_sources": 4,
  "active_alerts": 538291,
  "market_signals": 103
}