{
  "timestamp": "2025-08-27T04:43:41.437800",
  "overall_quality": 1.0,
  "avg_latency": 282.6251505610291,
  "total_data_points": 5440,
  "valid_data_points": 5440,
  "data_sources": 4,
  "active_alerts": 900715,
  "market_signals": 103
}