{
  "timestamp": "2025-08-28T06:42:50.226565",
  "overall_quality": 1.0,
  "avg_latency": 249.8461103681914,
  "total_data_points": 4810,
  "valid_data_points": 4810,
  "data_sources": 4,
  "active_alerts": 1572468,
  "market_signals": 102
}