{
  "timestamp": "2025-08-27T02:44:50.155716",
  "overall_quality": 1.0,
  "avg_latency": 167.85506928850938,
  "total_data_points": 3220,
  "valid_data_points": 3220,
  "data_sources": 4,
  "active_alerts": 849385,
  "market_signals": 100
}