{
  "timestamp": "2025-08-29T00:58:42.313246",
  "overall_quality": 1.0,
  "avg_latency": 272.28551227892734,
  "total_data_points": 5410,
  "valid_data_points": 5410,
  "data_sources": 4,
  "active_alerts": 2046576,
  "market_signals": 103
}