{
  "timestamp": "2025-08-29T14:35:58.077014",
  "overall_quality": 1.0,
  "avg_latency": 186.97392104094712,
  "total_data_points": 3590,
  "valid_data_points": 3590,
  "data_sources": 4,
  "active_alerts": 2401243,
  "market_signals": 102
}