{
  "timestamp": "2025-08-25T19:45:32.376356",
  "overall_quality": 1.0,
  "avg_latency": 199.61977469345544,
  "total_data_points": 3820,
  "valid_data_points": 3820,
  "data_sources": 4,
  "active_alerts": 58024,
  "market_signals": 100
}