{
  "timestamp": "2025-08-25T21:36:55.811281",
  "overall_quality": 1.0,
  "avg_latency": 240.3538334139429,
  "total_data_points": 4590,
  "valid_data_points": 4590,
  "data_sources": 4,
  "active_alerts": 105249,
  "market_signals": 102
}