{
  "timestamp": "2025-08-29T05:40:48.027624",
  "overall_quality": 1.0,
  "avg_latency": 183.89838276065626,
  "total_data_points": 3660,
  "valid_data_points": 3660,
  "data_sources": 4,
  "active_alerts": 2170515,
  "market_signals": 103
}