{
  "timestamp": "2025-08-29T22:40:44.185021",
  "overall_quality": 1.0,
  "avg_latency": 177.16614767106032,
  "total_data_points": 3490,
  "valid_data_points": 3490,
  "data_sources": 4,
  "active_alerts": 2609440,
  "market_signals": 100
}