{
  "timestamp": "2025-08-28T00:59:57.313127",
  "overall_quality": 1.0,
  "avg_latency": 164.97069314329295,
  "total_data_points": 3280,
  "valid_data_points": 3280,
  "data_sources": 4,
  "active_alerts": 1424038,
  "market_signals": 102
}