{
  "timestamp": "2025-08-27T02:03:42.633210",
  "overall_quality": 1.0,
  "avg_latency": 284.26989919417184,
  "total_data_points": 5490,
  "valid_data_points": 5490,
  "data_sources": 4,
  "active_alerts": 832159,
  "market_signals": 101
}