{
  "timestamp": "2025-08-30T05:07:51.787256",
  "overall_quality": 1.0,
  "avg_latency": 239.82450226799114,
  "total_data_points": 4780,
  "valid_data_points": 4780,
  "data_sources": 4,
  "active_alerts": 2779468,
  "market_signals": 101
}