{
  "timestamp": "2025-08-30T03:21:49.796119",
  "overall_quality": 1.0,
  "avg_latency": 209.2825671793766,
  "total_data_points": 4170,
  "valid_data_points": 4170,
  "data_sources": 4,
  "active_alerts": 2733428,
  "market_signals": 102
}