{
  "timestamp": "2025-08-30T01:37:47.810623",
  "overall_quality": 1.0,
  "avg_latency": 238.3877904185269,
  "total_data_points": 4750,
  "valid_data_points": 4750,
  "data_sources": 4,
  "active_alerts": 2687789,
  "market_signals": 100
}