{
  "timestamp": "2025-08-26T04:37:48.794544",
  "overall_quality": 1.0,
  "avg_latency": 264.6017002994102,
  "total_data_points": 5090,
  "valid_data_points": 5090,
  "data_sources": 4,
  "active_alerts": 283145,
  "market_signals": 102
}