{
  "timestamp": "2025-08-25T21:15:51.072451",
  "overall_quality": 1.0,
  "avg_latency": 208.32477845488725,
  "total_data_points": 3990,
  "valid_data_points": 3990,
  "data_sources": 4,
  "active_alerts": 96481,
  "market_signals": 100
}