{
  "timestamp": "2025-08-28T19:26:36.081991",
  "overall_quality": 1.0,
  "avg_latency": 209.4821733052766,
  "total_data_points": 4170,
  "valid_data_points": 4170,
  "data_sources": 4,
  "active_alerts": 1898918,
  "market_signals": 103
}