{
  "timestamp": "2025-08-28T06:28:48.824928",
  "overall_quality": 1.0,
  "avg_latency": 279.03710866059464,
  "total_data_points": 5380,
  "valid_data_points": 5380,
  "data_sources": 4,
  "active_alerts": 1566494,
  "market_signals": 103
}