{
  "timestamp": "2025-08-28T14:16:48.451390",
  "overall_quality": 1.0,
  "avg_latency": 217.34623349605513,
  "total_data_points": 4310,
  "valid_data_points": 4310,
  "data_sources": 4,
  "active_alerts": 1766299,
  "market_signals": 102
}