{
  "timestamp": "2025-08-29T19:33:32.069902",
  "overall_quality": 1.0,
  "avg_latency": 261.86771212226495,
  "total_data_points": 5030,
  "valid_data_points": 5030,
  "data_sources": 4,
  "active_alerts": 2527782,
  "market_signals": 102
}