{
  "timestamp": "2025-08-27T09:45:57.099815",
  "overall_quality": 1.0,
  "avg_latency": 198.84856414308138,
  "total_data_points": 3830,
  "valid_data_points": 3830,
  "data_sources": 4,
  "active_alerts": 1030738,
  "market_signals": 102
}