{
  "timestamp": "2025-08-29T15:44:34.328608",
  "overall_quality": 1.0,
  "avg_latency": 294.10963496466456,
  "total_data_points": 5660,
  "valid_data_points": 5660,
  "data_sources": 4,
  "active_alerts": 2430256,
  "market_signals": 102
}