{
  "timestamp": "2025-08-27T23:08:55.248841",
  "overall_quality": 1.0,
  "avg_latency": 283.79623519950303,
  "total_data_points": 5639,
  "valid_data_points": 5639,
  "data_sources": 4,
  "active_alerts": 1374973,
  "market_signals": 102
}