{
  "timestamp": "2025-08-26T02:56:59.690001",
  "overall_quality": 1.0,
  "avg_latency": 240.97045208034592,
  "total_data_points": 4630,
  "valid_data_points": 4630,
  "data_sources": 4,
  "active_alerts": 241051,
  "market_signals": 100
}