{
  "timestamp": "2025-08-26T23:38:47.215392",
  "overall_quality": 1.0,
  "avg_latency": 287.0083104958342,
  "total_data_points": 5520,
  "valid_data_points": 5520,
  "data_sources": 4,
  "active_alerts": 769560,
  "market_signals": 100
}