{
  "timestamp": "2025-08-27T10:07:30.225495",
  "overall_quality": 1.0,
  "avg_latency": 245.48350137394016,
  "total_data_points": 4720,
  "valid_data_points": 4720,
  "data_sources": 4,
  "active_alerts": 1039862,
  "market_signals": 101
}