{
  "timestamp": "2025-08-29T03:31:45.362258",
  "overall_quality": 1.0,
  "avg_latency": 212.83631867665076,
  "total_data_points": 4240,
  "valid_data_points": 4240,
  "data_sources": 4,
  "active_alerts": 2113870,
  "market_signals": 101
}