{
  "timestamp": "2025-08-26T11:47:35.267894",
  "overall_quality": 1.0,
  "avg_latency": 256.01640866219515,
  "total_data_points": 4920,
  "valid_data_points": 4920,
  "data_sources": 4,
  "active_alerts": 467288,
  "market_signals": 102
}