{
  "timestamp": "2025-08-30T00:49:46.780345",
  "overall_quality": 1.0,
  "avg_latency": 298.126999697133,
  "total_data_points": 5930,
  "valid_data_points": 5930,
  "data_sources": 4,
  "active_alerts": 2666875,
  "market_signals": 101
}