{
  "timestamp": "2025-08-29T05:31:47.820874",
  "overall_quality": 1.0,
  "avg_latency": 214.2205064508102,
  "total_data_points": 4259,
  "valid_data_points": 4259,
  "data_sources": 4,
  "active_alerts": 2166428,
  "market_signals": 102
}