{
  "timestamp": "2025-08-27T06:31:57.286485",
  "overall_quality": 1.0,
  "avg_latency": 230.10709737948957,
  "total_data_points": 4427,
  "valid_data_points": 4427,
  "data_sources": 4,
  "active_alerts": 947969,
  "market_signals": 101
}