{
  "timestamp": "2025-08-28T00:01:56.233755",
  "overall_quality": 1.0,
  "avg_latency": 224.5068817955164,
  "total_data_points": 4460,
  "valid_data_points": 4460,
  "data_sources": 4,
  "active_alerts": 1398247,
  "market_signals": 101
}