{
  "timestamp": "2025-08-26T15:17:41.743937",
  "overall_quality": 1.0,
  "avg_latency": 257.98937501697026,
  "total_data_points": 4950,
  "valid_data_points": 4950,
  "data_sources": 4,
  "active_alerts": 556429,
  "market_signals": 103
}