{
  "timestamp": "2025-08-27T06:11:54.072266",
  "overall_quality": 1.0,
  "avg_latency": 228.58702436013672,
  "total_data_points": 4390,
  "valid_data_points": 4390,
  "data_sources": 4,
  "active_alerts": 938941,
  "market_signals": 104
}