{
  "timestamp": "2025-08-27T22:08:54.149097",
  "overall_quality": 1.0,
  "avg_latency": 283.70158945655976,
  "total_data_points": 5640,
  "valid_data_points": 5640,
  "data_sources": 4,
  "active_alerts": 1348416,
  "market_signals": 100
}