{
  "timestamp": "2025-08-28T05:48:44.471850",
  "overall_quality": 1.0,
  "avg_latency": 277.1202271330207,
  "total_data_points": 5330,
  "valid_data_points": 5330,
  "data_sources": 4,
  "active_alerts": 1549724,
  "market_signals": 101
}