{
  "timestamp": "2025-08-29T18:36:55.500352",
  "overall_quality": 1.0,
  "avg_latency": 213.737645559854,
  "total_data_points": 4110,
  "valid_data_points": 4110,
  "data_sources": 4,
  "active_alerts": 2503695,
  "market_signals": 104
}