{
  "timestamp": "2025-08-29T01:31:42.986560",
  "overall_quality": 1.0,
  "avg_latency": 212.532280243128,
  "total_data_points": 4220,
  "valid_data_points": 4220,
  "data_sources": 4,
  "active_alerts": 2060657,
  "market_signals": 100
}