{
  "timestamp": "2025-08-28T19:35:36.266438",
  "overall_quality": 1.0,
  "avg_latency": 179.37221805182108,
  "total_data_points": 3570,
  "valid_data_points": 3570,
  "data_sources": 4,
  "active_alerts": 1902859,
  "market_signals": 100
}