{
  "timestamp": "2025-08-28T10:16:39.034865",
  "overall_quality": 1.0,
  "avg_latency": 213.13109368190683,
  "total_data_points": 4090,
  "valid_data_points": 4090,
  "data_sources": 4,
  "active_alerts": 1662830,
  "market_signals": 100
}