{
  "timestamp": "2025-08-27T01:37:38.380936",
  "overall_quality": 1.0,
  "avg_latency": 252.1652718987708,
  "total_data_points": 4880,
  "valid_data_points": 4880,
  "data_sources": 4,
  "active_alerts": 821026,
  "market_signals": 100
}