{
  "timestamp": "2025-08-27T12:01:48.641416",
  "overall_quality": 1.0,
  "avg_latency": 224.57577080719253,
  "total_data_points": 4310,
  "valid_data_points": 4310,
  "data_sources": 4,
  "active_alerts": 1089622,
  "market_signals": 102
}