{
  "timestamp": "2025-08-26T11:20:30.249188",
  "overall_quality": 1.0,
  "avg_latency": 192.98243290967727,
  "total_data_points": 3720,
  "valid_data_points": 3720,
  "data_sources": 4,
  "active_alerts": 455471,
  "market_signals": 101
}