{
  "timestamp": "2025-08-27T02:15:44.472549",
  "overall_quality": 1.0,
  "avg_latency": 194.58177146559987,
  "total_data_points": 3750,
  "valid_data_points": 3750,
  "data_sources": 4,
  "active_alerts": 837249,
  "market_signals": 101
}