{
  "timestamp": "2025-08-27T09:18:52.408156",
  "overall_quality": 1.0,
  "avg_latency": 286.75478278079623,
  "total_data_points": 5520,
  "valid_data_points": 5520,
  "data_sources": 4,
  "active_alerts": 1019129,
  "market_signals": 101
}