{
  "timestamp": "2025-08-26T16:20:53.763985",
  "overall_quality": 1.0,
  "avg_latency": 203.07193575218483,
  "total_data_points": 3890,
  "valid_data_points": 3890,
  "data_sources": 4,
  "active_alerts": 583440,
  "market_signals": 101
}