{
  "timestamp": "2025-08-26T12:38:43.934210",
  "overall_quality": 1.0,
  "avg_latency": 289.7827224523206,
  "total_data_points": 5600,
  "valid_data_points": 5600,
  "data_sources": 4,
  "active_alerts": 488371,
  "market_signals": 100
}