{
  "timestamp": "2025-08-28T09:00:33.417749",
  "overall_quality": 1.0,
  "avg_latency": 180.3187010792505,
  "total_data_points": 3470,
  "valid_data_points": 3470,
  "data_sources": 4,
  "active_alerts": 1630658,
  "market_signals": 100
}