{
  "timestamp": "2025-08-26T04:00:40.865901",
  "overall_quality": 1.0,
  "avg_latency": 201.06588630670115,
  "total_data_points": 3880,
  "valid_data_points": 3880,
  "data_sources": 4,
  "active_alerts": 267711,
  "market_signals": 101
}