{
  "timestamp": "2025-08-30T07:56:54.914638",
  "overall_quality": 1.0,
  "avg_latency": 211.33174952523777,
  "total_data_points": 4200,
  "valid_data_points": 4200,
  "data_sources": 4,
  "active_alerts": 2854036,
  "market_signals": 104
}