{
  "timestamp": "2025-08-28T06:43:50.311532",
  "overall_quality": 1.0,
  "avg_latency": 279.8101476428569,
  "total_data_points": 5390,
  "valid_data_points": 5390,
  "data_sources": 4,
  "active_alerts": 1572916,
  "market_signals": 101
}