{
  "timestamp": "2025-08-26T09:35:43.121979",
  "overall_quality": 1.0,
  "avg_latency": 200.52121870649373,
  "total_data_points": 3850,
  "valid_data_points": 3850,
  "data_sources": 4,
  "active_alerts": 410271,
  "market_signals": 102
}