{
  "timestamp": "2025-08-29T08:31:55.506449",
  "overall_quality": 1.0,
  "avg_latency": 217.64261867177126,
  "total_data_points": 4180,
  "valid_data_points": 4180,
  "data_sources": 4,
  "active_alerts": 2245390,
  "market_signals": 102
}