{
  "timestamp": "2025-08-27T08:53:48.466442",
  "overall_quality": 1.0,
  "avg_latency": 284.92233777828477,
  "total_data_points": 5480,
  "valid_data_points": 5480,
  "data_sources": 4,
  "active_alerts": 1008277,
  "market_signals": 101
}