{
  "timestamp": "2025-08-27T20:21:44.395831",
  "overall_quality": 1.0,
  "avg_latency": 219.1476121665083,
  "total_data_points": 4210,
  "valid_data_points": 4210,
  "data_sources": 4,
  "active_alerts": 1302218,
  "market_signals": 102
}