{
  "timestamp": "2025-08-29T08:26:55.182392",
  "overall_quality": 1.0,
  "avg_latency": 217.32940060911258,
  "total_data_points": 4170,
  "valid_data_points": 4170,
  "data_sources": 4,
  "active_alerts": 2243357,
  "market_signals": 101
}