{
  "timestamp": "2025-08-30T06:21:53.279833",
  "overall_quality": 1.0,
  "avg_latency": 210.5677357582337,
  "total_data_points": 4190,
  "valid_data_points": 4190,
  "data_sources": 4,
  "active_alerts": 2812114,
  "market_signals": 101
}