{
  "timestamp": "2025-08-26T14:53:38.542523",
  "overall_quality": 1.0,
  "avg_latency": 286.18581127481906,
  "total_data_points": 5520,
  "valid_data_points": 5520,
  "data_sources": 4,
  "active_alerts": 546356,
  "market_signals": 102
}