{
  "timestamp": "2025-08-27T10:08:30.247074",
  "overall_quality": 1.0,
  "avg_latency": 275.34618069282976,
  "total_data_points": 5300,
  "valid_data_points": 5300,
  "data_sources": 4,
  "active_alerts": 1040294,
  "market_signals": 102
}