{
  "timestamp": "2025-08-30T04:39:51.207038",
  "overall_quality": 1.0,
  "avg_latency": 300.08641975477457,
  "total_data_points": 5970,
  "valid_data_points": 5970,
  "data_sources": 4,
  "active_alerts": 2766770,
  "market_signals": 101
}