{
  "timestamp": "2025-08-27T04:29:39.035772",
  "overall_quality": 1.0,
  "avg_latency": 161.38050004903192,
  "total_data_points": 3100,
  "valid_data_points": 3100,
  "data_sources": 4,
  "active_alerts": 894597,
  "market_signals": 101
}