{
  "timestamp": "2025-08-28T03:01:30.212764",
  "overall_quality": 1.0,
  "avg_latency": 210.909945441727,
  "total_data_points": 4170,
  "valid_data_points": 4170,
  "data_sources": 4,
  "active_alerts": 1477255,
  "market_signals": 101
}