{
  "timestamp": "2025-08-28T12:48:46.725338",
  "overall_quality": 1.0,
  "avg_latency": 276.23901400690977,
  "total_data_points": 5500,
  "valid_data_points": 5500,
  "data_sources": 4,
  "active_alerts": 1727378,
  "market_signals": 102
}