{
  "timestamp": "2025-08-28T12:25:46.342396",
  "overall_quality": 1.0,
  "avg_latency": 185.96627640108116,
  "total_data_points": 3700,
  "valid_data_points": 3700,
  "data_sources": 4,
  "active_alerts": 1717513,
  "market_signals": 100
}