{
  "timestamp": "2025-08-27T06:51:30.808134",
  "overall_quality": 1.0,
  "avg_latency": 216.62726354350994,
  "total_data_points": 4160,
  "valid_data_points": 4160,
  "data_sources": 4,
  "active_alerts": 956401,
  "market_signals": 101
}