{
  "timestamp": "2025-08-30T08:01:55.005646",
  "overall_quality": 1.0,
  "avg_latency": 211.1978355353915,
  "total_data_points": 4210,
  "valid_data_points": 4210,
  "data_sources": 4,
  "active_alerts": 2856421,
  "market_signals": 105
}