{
  "timestamp": "2025-08-26T12:31:42.354222",
  "overall_quality": 1.0,
  "avg_latency": 229.12117032234823,
  "total_data_points": 4430,
  "valid_data_points": 4430,
  "data_sources": 4,
  "active_alerts": 485722,
  "market_signals": 102
}