{
  "timestamp": "2025-08-27T02:04:42.778830",
  "overall_quality": 1.0,
  "avg_latency": 164.21900068706586,
  "total_data_points": 3170,
  "valid_data_points": 3170,
  "data_sources": 4,
  "active_alerts": 832537,
  "market_signals": 100
}