{
  "timestamp": "2025-08-30T06:26:53.359894",
  "overall_quality": 1.0,
  "avg_latency": 210.998056607637,
  "total_data_points": 4190,
  "valid_data_points": 4190,
  "data_sources": 4,
  "active_alerts": 2814379,
  "market_signals": 101
}