{
  "timestamp": "2025-08-28T15:53:54.867130",
  "overall_quality": 1.0,
  "avg_latency": 279.73794926629705,
  "total_data_points": 5400,
  "valid_data_points": 5400,
  "data_sources": 4,
  "active_alerts": 1807769,
  "market_signals": 103
}