{
  "timestamp": "2025-08-27T06:03:52.952792",
  "overall_quality": 1.0,
  "avg_latency": 287.80777833682276,
  "total_data_points": 5540,
  "valid_data_points": 5540,
  "data_sources": 4,
  "active_alerts": 935196,
  "market_signals": 103
}