{
  "timestamp": "2025-08-28T02:33:59.336455",
  "overall_quality": 1.0,
  "avg_latency": 285.99593203897746,
  "total_data_points": 5670,
  "valid_data_points": 5670,
  "data_sources": 4,
  "active_alerts": 1465237,
  "market_signals": 101
}