{
  "timestamp": "2025-08-25T17:52:52.448961",
  "overall_quality": 1.0,
  "avg_latency": 270.1633229382908,
  "total_data_points": 5380,
  "valid_data_points": 5380,
  "data_sources": 4,
  "active_alerts": 8388,
  "market_signals": 102
}