{
  "timestamp": "2025-08-26T18:56:53.986119",
  "overall_quality": 1.0,
  "avg_latency": 231.79228623789209,
  "total_data_points": 4460,
  "valid_data_points": 4460,
  "data_sources": 4,
  "active_alerts": 650421,
  "market_signals": 100
}