{
  "timestamp": "2025-08-26T17:24:35.752130",
  "overall_quality": 1.0,
  "avg_latency": 163.7953674592356,
  "total_data_points": 3140,
  "valid_data_points": 3140,
  "data_sources": 4,
  "active_alerts": 610936,
  "market_signals": 102
}