{
  "timestamp": "2025-08-29T04:01:45.900954",
  "overall_quality": 1.0,
  "avg_latency": 213.22094897264117,
  "total_data_points": 4240,
  "valid_data_points": 4240,
  "data_sources": 4,
  "active_alerts": 2126978,
  "market_signals": 104
}