{
  "timestamp": "2025-08-27T06:40:58.808637",
  "overall_quality": 1.0,
  "avg_latency": 200.30637353963795,
  "total_data_points": 3860,
  "valid_data_points": 3860,
  "data_sources": 4,
  "active_alerts": 951927,
  "market_signals": 101
}