{
  "timestamp": "2025-08-27T12:59:58.645737",
  "overall_quality": 1.0,
  "avg_latency": 168.8240196978456,
  "total_data_points": 3250,
  "valid_data_points": 3250,
  "data_sources": 4,
  "active_alerts": 1113767,
  "market_signals": 103
}