{
  "timestamp": "2025-08-27T15:44:55.119420",
  "overall_quality": 1.0,
  "avg_latency": 166.14857748207518,
  "total_data_points": 3180,
  "valid_data_points": 3180,
  "data_sources": 4,
  "active_alerts": 1184610,
  "market_signals": 102
}