{
  "timestamp": "2025-08-26T19:23:58.727197",
  "overall_quality": 1.0,
  "avg_latency": 294.42208790318585,
  "total_data_points": 5650,
  "valid_data_points": 5650,
  "data_sources": 4,
  "active_alerts": 661777,
  "market_signals": 100
}