{
  "timestamp": "2025-08-28T11:15:43.662752",
  "overall_quality": 1.0,
  "avg_latency": 185.0558122262508,
  "total_data_points": 3558,
  "valid_data_points": 3558,
  "data_sources": 4,
  "active_alerts": 1687620,
  "market_signals": 100
}