{
  "timestamp": "2025-08-30T00:26:46.294447",
  "overall_quality": 1.0,
  "avg_latency": 208.0881739794191,
  "total_data_points": 4130,
  "valid_data_points": 4130,
  "data_sources": 4,
  "active_alerts": 2656381,
  "market_signals": 101
}