{
  "timestamp": "2025-08-28T21:20:38.173455",
  "overall_quality": 1.0,
  "avg_latency": 180.16166388217223,
  "total_data_points": 3590,
  "valid_data_points": 3590,
  "data_sources": 4,
  "active_alerts": 1948943,
  "market_signals": 101
}