{
  "timestamp": "2025-08-27T09:26:53.750634",
  "overall_quality": 1.0,
  "avg_latency": 227.29537856689478,
  "total_data_points": 4380,
  "valid_data_points": 4380,
  "data_sources": 4,
  "active_alerts": 1022552,
  "market_signals": 102
}