{
  "timestamp": "2025-08-28T04:44:38.075020",
  "overall_quality": 1.0,
  "avg_latency": 154.23243265335563,
  "total_data_points": 2980,
  "valid_data_points": 2980,
  "data_sources": 4,
  "active_alerts": 1521551,
  "market_signals": 102
}