{
  "timestamp": "2025-08-28T07:51:56.397764",
  "overall_quality": 1.0,
  "avg_latency": 222.30339777429913,
  "total_data_points": 4280,
  "valid_data_points": 4280,
  "data_sources": 4,
  "active_alerts": 1601294,
  "market_signals": 102
}