{
  "timestamp": "2025-08-27T02:58:52.570218",
  "overall_quality": 1.0,
  "avg_latency": 288.86359434162,
  "total_data_points": 5550,
  "valid_data_points": 5550,
  "data_sources": 4,
  "active_alerts": 855411,
  "market_signals": 100
}