{
  "timestamp": "2025-08-30T07:12:54.153544",
  "overall_quality": 1.0,
  "avg_latency": 241.42901262062466,
  "total_data_points": 4800,
  "valid_data_points": 4800,
  "data_sources": 4,
  "active_alerts": 2834656,
  "market_signals": 100
}