{
  "timestamp": "2025-08-28T07:37:55.188016",
  "overall_quality": 1.0,
  "avg_latency": 251.55161270206574,
  "total_data_points": 4840,
  "valid_data_points": 4840,
  "data_sources": 4,
  "active_alerts": 1595423,
  "market_signals": 104
}