{
  "timestamp": "2025-08-29T08:35:55.694363",
  "overall_quality": 1.0,
  "avg_latency": 187.04200708864298,
  "total_data_points": 3610,
  "valid_data_points": 3610,
  "data_sources": 4,
  "active_alerts": 2247088,
  "market_signals": 100
}