{
  "timestamp": "2025-08-28T13:28:47.517387",
  "overall_quality": 1.0,
  "avg_latency": 276.34107674981885,
  "total_data_points": 5500,
  "valid_data_points": 5500,
  "data_sources": 4,
  "active_alerts": 1745114,
  "market_signals": 101
}