{
  "timestamp": "2025-08-27T19:26:34.886834",
  "overall_quality": 1.0,
  "avg_latency": 214.66540296440678,
  "total_data_points": 4130,
  "valid_data_points": 4130,
  "data_sources": 4,
  "active_alerts": 1279244,
  "market_signals": 100
}