{
  "timestamp": "2025-08-28T23:10:40.355678",
  "overall_quality": 1.0,
  "avg_latency": 181.1339959493076,
  "total_data_points": 3610,
  "valid_data_points": 3610,
  "data_sources": 4,
  "active_alerts": 1998102,
  "market_signals": 104
}