{
  "timestamp": "2025-08-30T07:47:54.763034",
  "overall_quality": 1.0,
  "avg_latency": 241.3629646931248,
  "total_data_points": 4800,
  "valid_data_points": 4800,
  "data_sources": 4,
  "active_alerts": 2849954,
  "market_signals": 102
}