{
  "timestamp": "2025-08-27T23:30:55.660899",
  "overall_quality": 1.0,
  "avg_latency": 194.20079161632134,
  "total_data_points": 3860,
  "valid_data_points": 3860,
  "data_sources": 4,
  "active_alerts": 1385044,
  "market_signals": 104
}