{
  "timestamp": "2025-08-26T21:32:52.946621",
  "overall_quality": 1.0,
  "avg_latency": 261.0839786377042,
  "total_data_points": 5018,
  "valid_data_points": 5018,
  "data_sources": 4,
  "active_alerts": 716947,
  "market_signals": 102
}