{
  "timestamp": "2025-08-26T16:28:55.208109",
  "overall_quality": 1.0,
  "avg_latency": 293.7109114696269,
  "total_data_points": 5630,
  "valid_data_points": 5630,
  "data_sources": 4,
  "active_alerts": 587193,
  "market_signals": 102
}