{
  "timestamp": "2025-08-25T18:39:53.852109",
  "overall_quality": 1.0,
  "avg_latency": 180.69484966222194,
  "total_data_points": 3600,
  "valid_data_points": 3600,
  "data_sources": 4,
  "active_alerts": 29511,
  "market_signals": 102
}