{
  "timestamp": "2025-08-30T08:48:55.964734",
  "overall_quality": 1.0,
  "avg_latency": 271.62577691423337,
  "total_data_points": 5410,
  "valid_data_points": 5410,
  "data_sources": 4,
  "active_alerts": 2876573,
  "market_signals": 104
}