{
  "timestamp": "2025-08-27T16:52:39.589603",
  "overall_quality": 1.0,
  "avg_latency": 248.02572506373187,
  "total_data_points": 4770,
  "valid_data_points": 4770,
  "data_sources": 4,
  "active_alerts": 1213665,
  "market_signals": 103
}