{
  "timestamp": "2025-08-27T00:44:59.027652",
  "overall_quality": 1.0,
  "avg_latency": 172.914239987387,
  "total_data_points": 3330,
  "valid_data_points": 3330,
  "data_sources": 4,
  "active_alerts": 797982,
  "market_signals": 103
}