{
  "timestamp": "2025-08-27T19:15:33.187560",
  "overall_quality": 1.0,
  "avg_latency": 183.92141665819244,
  "total_data_points": 3540,
  "valid_data_points": 3540,
  "data_sources": 4,
  "active_alerts": 1274480,
  "market_signals": 100
}