{
  "timestamp": "2025-08-28T06:54:51.190377",
  "overall_quality": 1.0,
  "avg_latency": 159.9672037152597,
  "total_data_points": 3080,
  "valid_data_points": 3080,
  "data_sources": 4,
  "active_alerts": 1577215,
  "market_signals": 102
}