{
  "timestamp": "2025-08-27T14:04:38.712366",
  "overall_quality": 1.0,
  "avg_latency": 158.70727792098396,
  "total_data_points": 3050,
  "valid_data_points": 3050,
  "data_sources": 4,
  "active_alerts": 1141768,
  "market_signals": 101
}