{
  "timestamp": "2025-08-26T18:02:42.480292",
  "overall_quality": 1.0,
  "avg_latency": 256.537720380121,
  "total_data_points": 4930,
  "valid_data_points": 4930,
  "data_sources": 4,
  "active_alerts": 627150,
  "market_signals": 100
}