{
  "timestamp": "2025-08-29T04:25:46.356958",
  "overall_quality": 1.0,
  "avg_latency": 184.07995227890436,
  "total_data_points": 3650,
  "valid_data_points": 3650,
  "data_sources": 4,
  "active_alerts": 2137545,
  "market_signals": 103
}