{
  "timestamp": "2025-08-26T16:27:55.099480",
  "overall_quality": 1.0,
  "avg_latency": 263.27639767608565,
  "total_data_points": 5060,
  "valid_data_points": 5060,
  "data_sources": 4,
  "active_alerts": 586809,
  "market_signals": 101
}