{
  "timestamp": "2025-08-29T12:17:45.030007",
  "overall_quality": 1.0,
  "avg_latency": 240.84004266933115,
  "total_data_points": 4630,
  "valid_data_points": 4630,
  "data_sources": 4,
  "active_alerts": 2342066,
  "market_signals": 103
}