{
  "timestamp": "2025-08-29T03:21:45.185460",
  "overall_quality": 1.0,
  "avg_latency": 213.05084396627376,
  "total_data_points": 4240,
  "valid_data_points": 4240,
  "data_sources": 4,
  "active_alerts": 2109385,
  "market_signals": 100
}