{
  "timestamp": "2025-08-26T04:58:52.005225",
  "overall_quality": 1.0,
  "avg_latency": 296.23419214674834,
  "total_data_points": 5690,
  "valid_data_points": 5690,
  "data_sources": 4,
  "active_alerts": 292019,
  "market_signals": 101
}