{
  "timestamp": "2025-08-28T06:15:47.341438",
  "overall_quality": 1.0,
  "avg_latency": 188.56465529642813,
  "total_data_points": 3640,
  "valid_data_points": 3640,
  "data_sources": 4,
  "active_alerts": 1561204,
  "market_signals": 101
}