{
  "timestamp": "2025-08-26T01:05:38.638448",
  "overall_quality": 1.0,
  "avg_latency": 201.11757442668355,
  "total_data_points": 3860,
  "valid_data_points": 3860,
  "data_sources": 4,
  "active_alerts": 193711,
  "market_signals": 100
}