{
  "timestamp": "2025-08-26T20:43:44.156395",
  "overall_quality": 1.0,
  "avg_latency": 286.8250739232294,
  "total_data_points": 5510,
  "valid_data_points": 5510,
  "data_sources": 4,
  "active_alerts": 696056,
  "market_signals": 101
}