{
  "timestamp": "2025-08-28T14:38:48.860429",
  "overall_quality": 1.0,
  "avg_latency": 276.97142225909107,
  "total_data_points": 5500,
  "valid_data_points": 5500,
  "data_sources": 4,
  "active_alerts": 1775781,
  "market_signals": 101
}