{
  "timestamp": "2025-08-28T01:36:58.057389",
  "overall_quality": 1.0,
  "avg_latency": 225.258064482812,
  "total_data_points": 4480,
  "valid_data_points": 4480,
  "data_sources": 4,
  "active_alerts": 1440292,
  "market_signals": 102
}