{
  "timestamp": "2025-08-28T06:18:47.756953",
  "overall_quality": 1.0,
  "avg_latency": 278.42417254712325,
  "total_data_points": 5390,
  "valid_data_points": 5390,
  "data_sources": 4,
  "active_alerts": 1562401,
  "market_signals": 101
}