{
  "timestamp": "2025-08-30T08:29:55.539158",
  "overall_quality": 1.0,
  "avg_latency": 151.38269478708634,
  "total_data_points": 3020,
  "valid_data_points": 3020,
  "data_sources": 4,
  "active_alerts": 2868447,
  "market_signals": 101
}