{
  "timestamp": "2025-08-28T13:53:47.974219",
  "overall_quality": 1.0,
  "avg_latency": 276.730380516727,
  "total_data_points": 5500,
  "valid_data_points": 5500,
  "data_sources": 4,
  "active_alerts": 1756218,
  "market_signals": 102
}