{
  "timestamp": "2025-08-29T08:12:53.924021",
  "overall_quality": 1.0,
  "avg_latency": 248.7274401262397,
  "total_data_points": 4840,
  "valid_data_points": 4840,
  "data_sources": 4,
  "active_alerts": 2237460,
  "market_signals": 101
}