{
  "timestamp": "2025-08-28T02:58:30.088677",
  "overall_quality": 1.0,
  "avg_latency": 271.12757011026184,
  "total_data_points": 5360,
  "valid_data_points": 5360,
  "data_sources": 4,
  "active_alerts": 1476071,
  "market_signals": 101
}