{
  "timestamp": "2025-08-25T22:35:40.924639",
  "overall_quality": 1.0,
  "avg_latency": 202.65592782056564,
  "total_data_points": 3890,
  "valid_data_points": 3890,
  "data_sources": 4,
  "active_alerts": 130053,
  "market_signals": 101
}