{
  "timestamp": "2025-08-28T13:49:47.893155",
  "overall_quality": 1.0,
  "avg_latency": 156.8805520723472,
  "total_data_points": 3110,
  "valid_data_points": 3110,
  "data_sources": 4,
  "active_alerts": 1754417,
  "market_signals": 102
}