{
  "timestamp": "2025-08-27T23:20:55.471593",
  "overall_quality": 1.0,
  "avg_latency": 194.37252174093285,
  "total_data_points": 3860,
  "valid_data_points": 3860,
  "data_sources": 4,
  "active_alerts": 1380562,
  "market_signals": 102
}