{
  "timestamp": "2025-08-25T19:11:55.311183",
  "overall_quality": 1.0,
  "avg_latency": 242.3940888430105,
  "total_data_points": 4650,
  "valid_data_points": 4650,
  "data_sources": 4,
  "active_alerts": 43753,
  "market_signals": 101
}