{
  "timestamp": "2025-08-29T10:00:33.354577",
  "overall_quality": 1.0,
  "avg_latency": 175.81064791301773,
  "total_data_points": 3380,
  "valid_data_points": 3380,
  "data_sources": 4,
  "active_alerts": 2283431,
  "market_signals": 101
}