{
  "timestamp": "2025-08-30T05:53:52.743532",
  "overall_quality": 1.0,
  "avg_latency": 270.5061185725415,
  "total_data_points": 5390,
  "valid_data_points": 5390,
  "data_sources": 4,
  "active_alerts": 2799836,
  "market_signals": 102
}