{
  "timestamp": "2025-08-27T00:11:53.459101",
  "overall_quality": 1.0,
  "avg_latency": 230.15097162618534,
  "total_data_points": 4430,
  "valid_data_points": 4430,
  "data_sources": 4,
  "active_alerts": 783790,
  "market_signals": 102
}