{
  "timestamp": "2025-08-27T15:19:50.551419",
  "overall_quality": 1.0,
  "avg_latency": 163.809010245886,
  "total_data_points": 3160,
  "valid_data_points": 3160,
  "data_sources": 4,
  "active_alerts": 1173952,
  "market_signals": 101
}