{
  "timestamp": "2025-08-28T06:35:49.465294",
  "overall_quality": 1.0,
  "avg_latency": 189.5267328123288,
  "total_data_points": 3650,
  "valid_data_points": 3650,
  "data_sources": 4,
  "active_alerts": 1569431,
  "market_signals": 100
}