{
  "timestamp": "2025-08-27T08:07:41.910182",
  "overall_quality": 1.0,
  "avg_latency": 252.08525937278276,
  "total_data_points": 4850,
  "valid_data_points": 4850,
  "data_sources": 4,
  "active_alerts": 988533,
  "market_signals": 101
}