{
  "timestamp": "2025-08-26T13:43:55.286459",
  "overall_quality": 1.0,
  "avg_latency": 294.9690503494733,
  "total_data_points": 5700,
  "valid_data_points": 5700,
  "data_sources": 4,
  "active_alerts": 516060,
  "market_signals": 101
}