{
  "timestamp": "2025-08-28T05:04:39.856449",
  "overall_quality": 1.0,
  "avg_latency": 154.60693787658866,
  "total_data_points": 2990,
  "valid_data_points": 2990,
  "data_sources": 4,
  "active_alerts": 1530422,
  "market_signals": 102
}