{
  "timestamp": "2025-08-27T13:12:30.716799",
  "overall_quality": 1.0,
  "avg_latency": 244.89108095074275,
  "total_data_points": 4710,
  "valid_data_points": 4710,
  "data_sources": 4,
  "active_alerts": 1119441,
  "market_signals": 101
}