{
  "timestamp": "2025-08-30T00:06:45.916388",
  "overall_quality": 1.0,
  "avg_latency": 207.72715244915213,
  "total_data_points": 4130,
  "valid_data_points": 4130,
  "data_sources": 4,
  "active_alerts": 2647753,
  "market_signals": 100
}