{
  "timestamp": "2025-08-25T19:15:56.108575",
  "overall_quality": 1.0,
  "avg_latency": 211.36408567906383,
  "total_data_points": 4060,
  "valid_data_points": 4060,
  "data_sources": 4,
  "active_alerts": 45425,
  "market_signals": 100
}