{
  "timestamp": "2025-08-28T03:25:30.891921",
  "overall_quality": 1.0,
  "avg_latency": 181.4512403807264,
  "total_data_points": 3580,
  "valid_data_points": 3580,
  "data_sources": 4,
  "active_alerts": 1488219,
  "market_signals": 103
}