{
  "timestamp": "2025-08-30T01:55:48.194070",
  "overall_quality": 1.0,
  "avg_latency": 178.50066290056358,
  "total_data_points": 3550,
  "valid_data_points": 3550,
  "data_sources": 4,
  "active_alerts": 2695629,
  "market_signals": 103
}