{
  "timestamp": "2025-08-27T23:02:55.146622",
  "overall_quality": 1.0,
  "avg_latency": 254.1488584974249,
  "total_data_points": 5050,
  "valid_data_points": 5050,
  "data_sources": 4,
  "active_alerts": 1372335,
  "market_signals": 104
}