{
  "timestamp": "2025-08-29T02:37:44.290508",
  "overall_quality": 1.0,
  "avg_latency": 243.10302863850916,
  "total_data_points": 4830,
  "valid_data_points": 4830,
  "data_sources": 4,
  "active_alerts": 2089704,
  "market_signals": 100
}