{
  "timestamp": "2025-08-27T13:40:35.283259",
  "overall_quality": 1.0,
  "avg_latency": 187.15053739637872,
  "total_data_points": 3590,
  "valid_data_points": 3590,
  "data_sources": 4,
  "active_alerts": 1131561,
  "market_signals": 102
}