{
  "timestamp": "2025-08-30T06:54:53.847099",
  "overall_quality": 1.0,
  "avg_latency": 150.9983846385379,
  "total_data_points": 3010,
  "valid_data_points": 3010,
  "data_sources": 4,
  "active_alerts": 2826514,
  "market_signals": 102
}