{
  "timestamp": "2025-08-29T00:13:41.469071",
  "overall_quality": 1.0,
  "avg_latency": 271.7230574805549,
  "total_data_points": 5400,
  "valid_data_points": 5400,
  "data_sources": 4,
  "active_alerts": 2026272,
  "market_signals": 101
}