{
  "timestamp": "2025-08-26T05:21:56.870109",
  "overall_quality": 1.0,
  "avg_latency": 238.5417526277293,
  "total_data_points": 4580,
  "valid_data_points": 4580,
  "data_sources": 4,
  "active_alerts": 301819,
  "market_signals": 103
}