{
  "timestamp": "2025-08-29T11:52:42.726735",
  "overall_quality": 1.0,
  "avg_latency": 239.85391246948095,
  "total_data_points": 4620,
  "valid_data_points": 4620,
  "data_sources": 4,
  "active_alerts": 2331595,
  "market_signals": 101
}