{
  "timestamp": "2025-08-28T16:05:55.842949",
  "overall_quality": 1.0,
  "avg_latency": 190.22015264180314,
  "total_data_points": 3660,
  "valid_data_points": 3660,
  "data_sources": 4,
  "active_alerts": 1812883,
  "market_signals": 103
}