{
  "timestamp": "2025-08-28T11:24:44.144462",
  "overall_quality": 1.0,
  "avg_latency": 154.9817080290969,
  "total_data_points": 2990,
  "valid_data_points": 2990,
  "data_sources": 4,
  "active_alerts": 1691451,
  "market_signals": 103
}