{
  "timestamp": "2025-08-27T16:23:34.396417",
  "overall_quality": 1.0,
  "avg_latency": 275.4602942725378,
  "total_data_points": 5280,
  "valid_data_points": 5280,
  "data_sources": 4,
  "active_alerts": 1201219,
  "market_signals": 103
}