{
  "timestamp": "2025-08-25T19:02:54.456818",
  "overall_quality": 1.0,
  "avg_latency": 271.50334773197056,
  "total_data_points": 5380,
  "valid_data_points": 5380,
  "data_sources": 4,
  "active_alerts": 39824,
  "market_signals": 101
}