{
  "timestamp": "2025-08-27T23:34:55.743040",
  "overall_quality": 1.0,
  "avg_latency": 164.26441865932685,
  "total_data_points": 3270,
  "valid_data_points": 3270,
  "data_sources": 4,
  "active_alerts": 1386583,
  "market_signals": 101
}