{
  "timestamp": "2025-08-28T10:03:38.058621",
  "overall_quality": 1.0,
  "avg_latency": 272.6533264881677,
  "total_data_points": 5240,
  "valid_data_points": 5240,
  "data_sources": 4,
  "active_alerts": 1657297,
  "market_signals": 103
}