{
  "timestamp": "2025-08-28T07:39:55.291905",
  "overall_quality": 1.0,
  "avg_latency": 162.04226649710625,
  "total_data_points": 3110,
  "valid_data_points": 3110,
  "data_sources": 4,
  "active_alerts": 1596209,
  "market_signals": 103
}