{
  "timestamp": "2025-08-28T06:41:50.150050",
  "overall_quality": 1.0,
  "avg_latency": 219.88274879881783,
  "total_data_points": 4230,
  "valid_data_points": 4230,
  "data_sources": 4,
  "active_alerts": 1572022,
  "market_signals": 102
}