{
  "timestamp": "2025-08-29T02:22:44.020320",
  "overall_quality": 1.0,
  "avg_latency": 242.70945780186457,
  "total_data_points": 4830,
  "valid_data_points": 4830,
  "data_sources": 4,
  "active_alerts": 2082964,
  "market_signals": 101
}