{
  "timestamp": "2025-08-29T14:23:57.119501",
  "overall_quality": 1.0,
  "avg_latency": 276.2902381841812,
  "total_data_points": 5310,
  "valid_data_points": 5310,
  "data_sources": 4,
  "active_alerts": 2396209,
  "market_signals": 100
}