{
  "timestamp": "2025-08-25T19:52:33.731481",
  "overall_quality": 1.0,
  "avg_latency": 260.51006497303837,
  "total_data_points": 4970,
  "valid_data_points": 4970,
  "data_sources": 4,
  "active_alerts": 60994,
  "market_signals": 100
}