{
  "timestamp": "2025-08-27T09:47:57.361955",
  "overall_quality": 1.0,
  "avg_latency": 259.3358545196774,
  "total_data_points": 4980,
  "valid_data_points": 4980,
  "data_sources": 4,
  "active_alerts": 1031538,
  "market_signals": 100
}