{
  "timestamp": "2025-08-26T21:22:51.046102",
  "overall_quality": 1.0,
  "avg_latency": 259.9311706200404,
  "total_data_points": 4990,
  "valid_data_points": 4990,
  "data_sources": 4,
  "active_alerts": 712648,
  "market_signals": 100
}