{
  "timestamp": "2025-08-28T06:26:48.548291",
  "overall_quality": 1.0,
  "avg_latency": 218.97185105545043,
  "total_data_points": 4220,
  "valid_data_points": 4220,
  "data_sources": 4,
  "active_alerts": 1565459,
  "market_signals": 102
}