{
  "timestamp": "2025-08-25T19:46:32.739670",
  "overall_quality": 1.0,
  "avg_latency": 230.0616582662875,
  "total_data_points": 4390,
  "valid_data_points": 4390,
  "data_sources": 4,
  "active_alerts": 58441,
  "market_signals": 102
}