{
  "timestamp": "2025-08-30T00:33:46.444582",
  "overall_quality": 1.0,
  "avg_latency": 268.1652902232641,
  "total_data_points": 5330,
  "valid_data_points": 5330,
  "data_sources": 4,
  "active_alerts": 2659662,
  "market_signals": 100
}