{
  "timestamp": "2025-08-30T08:42:55.838077",
  "overall_quality": 1.0,
  "avg_latency": 241.3349366873182,
  "total_data_points": 4810,
  "valid_data_points": 4810,
  "data_sources": 4,
  "active_alerts": 2874017,
  "market_signals": 102
}