{
  "timestamp": "2025-08-30T07:17:54.241810",
  "overall_quality": 1.0,
  "avg_latency": 240.8820201489585,
  "total_data_points": 4800,
  "valid_data_points": 4800,
  "data_sources": 4,
  "active_alerts": 2836775,
  "market_signals": 101
}