{
  "timestamp": "2025-08-26T12:45:45.588849",
  "overall_quality": 1.0,
  "avg_latency": 200.70037501298734,
  "total_data_points": 3850,
  "valid_data_points": 3850,
  "data_sources": 4,
  "active_alerts": 491070,
  "market_signals": 100
}