{
  "timestamp": "2025-08-25T23:47:53.783655",
  "overall_quality": 1.0,
  "avg_latency": 268.8152095908906,
  "total_data_points": 5160,
  "valid_data_points": 5160,
  "data_sources": 4,
  "active_alerts": 161519,
  "market_signals": 100
}