{
  "timestamp": "2025-08-29T12:18:45.099612",
  "overall_quality": 1.0,
  "avg_latency": 270.7105760080616,
  "total_data_points": 5210,
  "valid_data_points": 5210,
  "data_sources": 4,
  "active_alerts": 2342394,
  "market_signals": 102
}