{
  "timestamp": "2025-08-26T07:42:51.688903",
  "overall_quality": 1.0,
  "avg_latency": 265.2444118088245,
  "total_data_points": 5100,
  "valid_data_points": 5100,
  "data_sources": 4,
  "active_alerts": 362236,
  "market_signals": 101
}