{
  "timestamp": "2025-08-29T02:42:44.393945",
  "overall_quality": 1.0,
  "avg_latency": 242.59077537784674,
  "total_data_points": 4830,
  "valid_data_points": 4830,
  "data_sources": 4,
  "active_alerts": 2092105,
  "market_signals": 101
}