{
  "timestamp": "2025-08-27T17:19:44.404165",
  "overall_quality": 1.0,
  "avg_latency": 160.23385217792222,
  "total_data_points": 3080,
  "valid_data_points": 3080,
  "data_sources": 4,
  "active_alerts": 1224828,
  "market_signals": 101
}