{
  "timestamp": "2025-08-26T11:23:31.108113",
  "overall_quality": 1.0,
  "avg_latency": 283.4686409084247,
  "total_data_points": 5460,
  "valid_data_points": 5460,
  "data_sources": 4,
  "active_alerts": 456935,
  "market_signals": 101
}