{
  "timestamp": "2025-08-28T05:57:45.439231",
  "overall_quality": 1.0,
  "avg_latency": 247.47512037352968,
  "total_data_points": 4760,
  "valid_data_points": 4760,
  "data_sources": 4,
  "active_alerts": 1553513,
  "market_signals": 101
}