{
  "timestamp": "2025-08-27T01:08:33.496620",
  "overall_quality": 1.0,
  "avg_latency": 279.7928723974021,
  "total_data_points": 5390,
  "valid_data_points": 5390,
  "data_sources": 4,
  "active_alerts": 808356,
  "market_signals": 104
}