{
  "timestamp": "2025-08-26T16:54:30.793221",
  "overall_quality": 1.0,
  "avg_latency": 161.48608950419384,
  "total_data_points": 3100,
  "valid_data_points": 3100,
  "data_sources": 4,
  "active_alerts": 598203,
  "market_signals": 101
}