{
  "timestamp": "2025-08-27T04:24:38.073094",
  "overall_quality": 1.0,
  "avg_latency": 160.98361902612928,
  "total_data_points": 3100,
  "valid_data_points": 3100,
  "data_sources": 4,
  "active_alerts": 892367,
  "market_signals": 101
}