{
  "timestamp": "2025-08-28T11:19:43.837310",
  "overall_quality": 1.0,
  "avg_latency": 154.73476903143856,
  "total_data_points": 2990,
  "valid_data_points": 2990,
  "data_sources": 4,
  "active_alerts": 1689420,
  "market_signals": 101
}