{
  "timestamp": "2025-08-26T10:11:48.399996",
  "overall_quality": 1.0,
  "avg_latency": 232.67336959263426,
  "total_data_points": 4480,
  "valid_data_points": 4480,
  "data_sources": 4,
  "active_alerts": 425559,
  "market_signals": 100
}