{
  "timestamp": "2025-08-25T20:57:47.954237",
  "overall_quality": 1.0,
  "avg_latency": 266.9241116874508,
  "total_data_points": 5100,
  "valid_data_points": 5100,
  "data_sources": 4,
  "active_alerts": 88635,
  "market_signals": 100
}