{
  "timestamp": "2025-08-29T10:46:36.788550",
  "overall_quality": 1.0,
  "avg_latency": 207.49139892155375,
  "total_data_points": 3990,
  "valid_data_points": 3990,
  "data_sources": 4,
  "active_alerts": 2303025,
  "market_signals": 101
}