{
  "timestamp": "2025-08-26T10:59:56.172406",
  "overall_quality": 1.0,
  "avg_latency": 176.68210104896713,
  "total_data_points": 3390,
  "valid_data_points": 3390,
  "data_sources": 4,
  "active_alerts": 446264,
  "market_signals": 102
}