{
  "timestamp": "2025-08-30T04:57:51.581063",
  "overall_quality": 1.0,
  "avg_latency": 239.82521563807575,
  "total_data_points": 4780,
  "valid_data_points": 4780,
  "data_sources": 4,
  "active_alerts": 2774927,
  "market_signals": 101
}