{
  "timestamp": "2025-08-29T09:14:59.203162",
  "overall_quality": 1.0,
  "avg_latency": 158.6206050284312,
  "total_data_points": 3060,
  "valid_data_points": 3060,
  "data_sources": 4,
  "active_alerts": 2263797,
  "market_signals": 102
}