{
  "timestamp": "2025-08-25T19:48:33.000113",
  "overall_quality": 1.0,
  "avg_latency": 290.2198827342966,
  "total_data_points": 5540,
  "valid_data_points": 5540,
  "data_sources": 4,
  "active_alerts": 59237,
  "market_signals": 101
}