{
  "timestamp": "2025-08-27T14:41:44.650541",
  "overall_quality": 1.0,
  "avg_latency": 221.58927264859133,
  "total_data_points": 4260,
  "valid_data_points": 4260,
  "data_sources": 4,
  "active_alerts": 1157652,
  "market_signals": 101
}