{
  "timestamp": "2025-08-26T10:50:55.024321",
  "overall_quality": 1.0,
  "avg_latency": 205.9087551545449,
  "total_data_points": 3960,
  "valid_data_points": 3960,
  "data_sources": 4,
  "active_alerts": 442281,
  "market_signals": 102
}