{
  "timestamp": "2025-08-28T21:01:37.839866",
  "overall_quality": 1.0,
  "avg_latency": 209.94717567224848,
  "total_data_points": 4180,
  "valid_data_points": 4180,
  "data_sources": 4,
  "active_alerts": 1940182,
  "market_signals": 100
}