{
  "timestamp": "2025-08-26T16:38:57.275714",
  "overall_quality": 1.0,
  "avg_latency": 295.0116421350442,
  "total_data_points": 5650,
  "valid_data_points": 5650,
  "data_sources": 4,
  "active_alerts": 591327,
  "market_signals": 101
}