{
  "timestamp": "2025-08-29T08:04:53.670315",
  "overall_quality": 1.0,
  "avg_latency": 155.48369057189583,
  "total_data_points": 3060,
  "valid_data_points": 3060,
  "data_sources": 4,
  "active_alerts": 2234028,
  "market_signals": 102
}