{
  "timestamp": "2025-08-27T01:40:38.922905",
  "overall_quality": 1.0,
  "avg_latency": 192.1519439400539,
  "total_data_points": 3720,
  "valid_data_points": 3720,
  "data_sources": 4,
  "active_alerts": 822366,
  "market_signals": 102
}