{
  "timestamp": "2025-08-26T20:04:37.047132",
  "overall_quality": 1.0,
  "avg_latency": 163.54997818375804,
  "total_data_points": 3140,
  "valid_data_points": 3140,
  "data_sources": 4,
  "active_alerts": 679262,
  "market_signals": 102
}