{
  "timestamp": "2025-08-27T08:23:44.080301",
  "overall_quality": 1.0,
  "avg_latency": 283.2025651301475,
  "total_data_points": 5440,
  "valid_data_points": 5440,
  "data_sources": 4,
  "active_alerts": 995366,
  "market_signals": 101
}