{
  "timestamp": "2025-08-29T06:18:48.940091",
  "overall_quality": 1.0,
  "avg_latency": 274.5911929697797,
  "total_data_points": 5460,
  "valid_data_points": 5460,
  "data_sources": 4,
  "active_alerts": 2187098,
  "market_signals": 102
}