{
  "timestamp": "2025-08-29T16:41:40.921720",
  "overall_quality": 1.0,
  "avg_latency": 207.16750950879478,
  "total_data_points": 3980,
  "valid_data_points": 3980,
  "data_sources": 4,
  "active_alerts": 2453777,
  "market_signals": 100
}