{
  "timestamp": "2025-08-27T15:25:51.345928",
  "overall_quality": 1.0,
  "avg_latency": 194.27413551983906,
  "total_data_points": 3730,
  "valid_data_points": 3730,
  "data_sources": 4,
  "active_alerts": 1176374,
  "market_signals": 101
}