{
  "timestamp": "2025-08-26T23:28:45.219009",
  "overall_quality": 1.0,
  "avg_latency": 286.2476574462787,
  "total_data_points": 5510,
  "valid_data_points": 5510,
  "data_sources": 4,
  "active_alerts": 765631,
  "market_signals": 100
}