{
  "timestamp": "2025-08-29T00:35:41.879616",
  "overall_quality": 1.0,
  "avg_latency": 181.8582435844879,
  "total_data_points": 3610,
  "valid_data_points": 3610,
  "data_sources": 4,
  "active_alerts": 2036312,
  "market_signals": 102
}