{
  "timestamp": "2025-08-28T08:13:58.726088",
  "overall_quality": 1.0,
  "avg_latency": 283.46496188477033,
  "total_data_points": 5450,
  "valid_data_points": 5450,
  "data_sources": 4,
  "active_alerts": 1610724,
  "market_signals": 101
}