{
  "timestamp": "2025-08-25T21:40:56.590802",
  "overall_quality": 1.0,
  "avg_latency": 211.22543846815947,
  "total_data_points": 4020,
  "valid_data_points": 4020,
  "data_sources": 4,
  "active_alerts": 107003,
  "market_signals": 102
}