{
  "timestamp": "2025-08-30T06:53:53.833737",
  "overall_quality": 1.0,
  "avg_latency": 270.9650294129858,
  "total_data_points": 5390,
  "valid_data_points": 5390,
  "data_sources": 4,
  "active_alerts": 2826047,
  "market_signals": 100
}