{
  "timestamp": "2025-08-26T05:13:55.276292",
  "overall_quality": 1.0,
  "avg_latency": 298.1958445911002,
  "total_data_points": 5730,
  "valid_data_points": 5730,
  "data_sources": 4,
  "active_alerts": 298374,
  "market_signals": 103
}