{
  "timestamp": "2025-08-27T04:31:39.268770",
  "overall_quality": 1.0,
  "avg_latency": 221.29327540305158,
  "total_data_points": 4260,
  "valid_data_points": 4260,
  "data_sources": 4,
  "active_alerts": 895529,
  "market_signals": 101
}