{
  "timestamp": "2025-08-28T04:38:37.569696",
  "overall_quality": 1.0,
  "avg_latency": 274.0688956348473,
  "total_data_points": 5280,
  "valid_data_points": 5280,
  "data_sources": 4,
  "active_alerts": 1519106,
  "market_signals": 103
}