{
  "timestamp": "2025-08-28T18:46:35.350778",
  "overall_quality": 1.0,
  "avg_latency": 209.11001955168237,
  "total_data_points": 4160,
  "valid_data_points": 4160,
  "data_sources": 4,
  "active_alerts": 1881587,
  "market_signals": 101
}