{
  "timestamp": "2025-08-26T18:20:45.914496",
  "overall_quality": 1.0,
  "avg_latency": 198.35586572073493,
  "total_data_points": 3810,
  "valid_data_points": 3810,
  "data_sources": 4,
  "active_alerts": 634977,
  "market_signals": 101
}