{
  "timestamp": "2025-08-25T18:49:54.110730",
  "overall_quality": 1.0,
  "avg_latency": 181.12999402805534,
  "total_data_points": 3600,
  "valid_data_points": 3600,
  "data_sources": 4,
  "active_alerts": 34082,
  "market_signals": 101
}