{
  "timestamp": "2025-08-27T05:18:46.878705",
  "overall_quality": 1.0,
  "avg_latency": 285.45397806958186,
  "total_data_points": 5490,
  "valid_data_points": 5490,
  "data_sources": 4,
  "active_alerts": 915361,
  "market_signals": 102
}