{
  "timestamp": "2025-08-27T08:05:41.684897",
  "overall_quality": 1.0,
  "avg_latency": 192.18356450243914,
  "total_data_points": 3690,
  "valid_data_points": 3690,
  "data_sources": 4,
  "active_alerts": 987760,
  "market_signals": 102
}