{
  "timestamp": "2025-08-26T07:38:51.104077",
  "overall_quality": 1.0,
  "avg_latency": 294.57465976313875,
  "total_data_points": 5670,
  "valid_data_points": 5670,
  "data_sources": 4,
  "active_alerts": 360483,
  "market_signals": 101
}