{
  "timestamp": "2025-08-25T23:29:49.732017",
  "overall_quality": 1.0,
  "avg_latency": 176.84834864882316,
  "total_data_points": 3400,
  "valid_data_points": 3400,
  "data_sources": 4,
  "active_alerts": 153738,
  "market_signals": 101
}