{
  "timestamp": "2025-08-27T10:05:29.999056",
  "overall_quality": 1.0,
  "avg_latency": 185.57775482808995,
  "total_data_points": 3560,
  "valid_data_points": 3560,
  "data_sources": 4,
  "active_alerts": 1039113,
  "market_signals": 102
}