{
  "timestamp": "2025-08-27T21:00:48.382534",
  "overall_quality": 1.0,
  "avg_latency": 190.98256326893753,
  "total_data_points": 3670,
  "valid_data_points": 3670,
  "data_sources": 4,
  "active_alerts": 1318826,
  "market_signals": 103
}