{
  "timestamp": "2025-08-29T02:53:44.621441",
  "overall_quality": 1.0,
  "avg_latency": 272.9038996007376,
  "total_data_points": 5420,
  "valid_data_points": 5420,
  "data_sources": 4,
  "active_alerts": 2096964,
  "market_signals": 100
}