{
  "timestamp": "2025-08-26T07:09:45.927661",
  "overall_quality": 1.0,
  "avg_latency": 172.32673133262801,
  "total_data_points": 3310,
  "valid_data_points": 3310,
  "data_sources": 4,
  "active_alerts": 347610,
  "market_signals": 100
}