{
  "timestamp": "2025-08-27T04:33:39.989048",
  "overall_quality": 1.0,
  "avg_latency": 281.69682610442777,
  "total_data_points": 5420,
  "valid_data_points": 5420,
  "data_sources": 4,
  "active_alerts": 896380,
  "market_signals": 103
}