{
  "timestamp": "2025-08-26T21:15:49.749595",
  "overall_quality": 1.0,
  "avg_latency": 199.6780984953003,
  "total_data_points": 3830,
  "valid_data_points": 3830,
  "data_sources": 4,
  "active_alerts": 709704,
  "market_signals": 100
}