{
  "timestamp": "2025-08-28T17:31:32.872415",
  "overall_quality": 1.0,
  "avg_latency": 208.30273019825032,
  "total_data_points": 4000,
  "valid_data_points": 4000,
  "data_sources": 4,
  "active_alerts": 1849590,
  "market_signals": 101
}