{
  "timestamp": "2025-08-29T23:04:44.704209",
  "overall_quality": 1.0,
  "avg_latency": 297.68136988680106,
  "total_data_points": 5910,
  "valid_data_points": 5910,
  "data_sources": 4,
  "active_alerts": 2620331,
  "market_signals": 101
}