{
  "timestamp": "2025-08-27T17:14:43.191920",
  "overall_quality": 1.0,
  "avg_latency": 159.65947791758956,
  "total_data_points": 3070,
  "valid_data_points": 3070,
  "data_sources": 4,
  "active_alerts": 1222706,
  "market_signals": 102
}