{
  "timestamp": "2025-08-30T08:27:55.503357",
  "overall_quality": 1.0,
  "avg_latency": 241.53143851291694,
  "total_data_points": 4800,
  "valid_data_points": 4800,
  "data_sources": 4,
  "active_alerts": 2867565,
  "market_signals": 101
}