{
  "timestamp": "2025-08-25T19:59:34.673793",
  "overall_quality": 1.0,
  "avg_latency": 170.69587373987716,
  "total_data_points": 3260,
  "valid_data_points": 3260,
  "data_sources": 4,
  "active_alerts": 63798,
  "market_signals": 103
}