{
  "timestamp": "2025-08-28T04:01:34.009056",
  "overall_quality": 1.0,
  "avg_latency": 212.68337458533026,
  "total_data_points": 4090,
  "valid_data_points": 4090,
  "data_sources": 4,
  "active_alerts": 1503479,
  "market_signals": 104
}