{
  "timestamp": "2025-08-27T12:43:55.994757",
  "overall_quality": 1.0,
  "avg_latency": 287.77003045189906,
  "total_data_points": 5530,
  "valid_data_points": 5530,
  "data_sources": 4,
  "active_alerts": 1107019,
  "market_signals": 103
}