{
  "timestamp": "2025-08-26T19:46:33.506799",
  "overall_quality": 1.0,
  "avg_latency": 221.43559279718326,
  "total_data_points": 4260,
  "valid_data_points": 4260,
  "data_sources": 4,
  "active_alerts": 671432,
  "market_signals": 102
}