{
  "timestamp": "2025-08-29T10:36:35.907753",
  "overall_quality": 1.0,
  "avg_latency": 207.24440470452245,
  "total_data_points": 3980,
  "valid_data_points": 3980,
  "data_sources": 4,
  "active_alerts": 2298711,
  "market_signals": 100
}