{
  "timestamp": "2025-08-26T03:42:37.595698",
  "overall_quality": 1.0,
  "avg_latency": 259.7920293737999,
  "total_data_points": 5000,
  "valid_data_points": 5000,
  "data_sources": 4,
  "active_alerts": 260274,
  "market_signals": 101
}