{
  "timestamp": "2025-08-26T19:48:33.829946",
  "overall_quality": 1.0,
  "avg_latency": 281.90432474195904,
  "total_data_points": 5410,
  "valid_data_points": 5410,
  "data_sources": 4,
  "active_alerts": 672242,
  "market_signals": 100
}