{
  "timestamp": "2025-08-30T08:11:55.180864",
  "overall_quality": 1.0,
  "avg_latency": 211.4502843078567,
  "total_data_points": 4200,
  "valid_data_points": 4200,
  "data_sources": 4,
  "active_alerts": 2860780,
  "market_signals": 100
}