{
  "timestamp": "2025-08-29T11:59:43.341240",
  "overall_quality": 1.0,
  "avg_latency": 150.3382016920419,
  "total_data_points": 2890,
  "valid_data_points": 2890,
  "data_sources": 4,
  "active_alerts": 2334673,
  "market_signals": 100
}