{
  "timestamp": "2025-08-26T01:59:48.888715",
  "overall_quality": 1.0,
  "avg_latency": 175.74188331242635,
  "total_data_points": 3380,
  "valid_data_points": 3380,
  "data_sources": 4,
  "active_alerts": 216692,
  "market_signals": 100
}