{
  "timestamp": "2025-08-26T21:29:52.326488",
  "overall_quality": 1.0,
  "avg_latency": 170.47508177281023,
  "total_data_points": 3288,
  "valid_data_points": 3288,
  "data_sources": 4,
  "active_alerts": 715651,
  "market_signals": 100
}