{
  "timestamp": "2025-08-27T21:49:53.822218",
  "overall_quality": 1.0,
  "avg_latency": 163.36771988063458,
  "total_data_points": 3150,
  "valid_data_points": 3150,
  "data_sources": 4,
  "active_alerts": 1339864,
  "market_signals": 100
}