{
  "timestamp": "2025-08-25T20:36:42.473681",
  "overall_quality": 1.0,
  "avg_latency": 233.89548404196393,
  "total_data_points": 4480,
  "valid_data_points": 4480,
  "data_sources": 4,
  "active_alerts": 79817,
  "market_signals": 102
}