{
  "timestamp": "2025-08-26T14:06:59.581170",
  "overall_quality": 1.0,
  "avg_latency": 237.45365948947347,
  "total_data_points": 4560,
  "valid_data_points": 4560,
  "data_sources": 4,
  "active_alerts": 526183,
  "market_signals": 102
}