{
  "timestamp": "2025-08-26T15:25:43.489501",
  "overall_quality": 1.0,
  "avg_latency": 198.497590412336,
  "total_data_points": 3810,
  "valid_data_points": 3810,
  "data_sources": 4,
  "active_alerts": 559914,
  "market_signals": 100
}