{
  "timestamp": "2025-08-26T09:02:36.885413",
  "overall_quality": 1.0,
  "avg_latency": 257.4382783060604,
  "total_data_points": 4950,
  "valid_data_points": 4950,
  "data_sources": 4,
  "active_alerts": 395713,
  "market_signals": 101
}