{
  "timestamp": "2025-08-26T21:21:50.873662",
  "overall_quality": 1.0,
  "avg_latency": 229.9263402510208,
  "total_data_points": 4410,
  "valid_data_points": 4410,
  "data_sources": 4,
  "active_alerts": 712257,
  "market_signals": 100
}