{
  "timestamp": "2025-08-30T03:27:49.901422",
  "overall_quality": 1.0,
  "avg_latency": 239.11199887899232,
  "total_data_points": 4760,
  "valid_data_points": 4760,
  "data_sources": 4,
  "active_alerts": 2736003,
  "market_signals": 103
}