{
  "timestamp": "2025-08-29T18:32:55.044241",
  "overall_quality": 1.0,
  "avg_latency": 243.37738856666712,
  "total_data_points": 4680,
  "valid_data_points": 4680,
  "data_sources": 4,
  "active_alerts": 2502076,
  "market_signals": 100
}