{
  "timestamp": "2025-08-25T18:34:53.706193",
  "overall_quality": 1.0,
  "avg_latency": 180.95028277722227,
  "total_data_points": 3600,
  "valid_data_points": 3600,
  "data_sources": 4,
  "active_alerts": 27139,
  "market_signals": 103
}