{
  "timestamp": "2025-08-26T11:04:57.023333",
  "overall_quality": 1.0,
  "avg_latency": 176.66287462205852,
  "total_data_points": 3400,
  "valid_data_points": 3400,
  "data_sources": 4,
  "active_alerts": 448523,
  "market_signals": 100
}