{
  "timestamp": "2025-08-30T04:42:51.259890",
  "overall_quality": 1.0,
  "avg_latency": 239.8562499018873,
  "total_data_points": 4770,
  "valid_data_points": 4770,
  "data_sources": 4,
  "active_alerts": 2768173,
  "market_signals": 101
}