{
  "timestamp": "2025-08-29T19:39:32.536176",
  "overall_quality": 1.0,
  "avg_latency": 292.1119131151243,
  "total_data_points": 5620,
  "valid_data_points": 5620,
  "data_sources": 4,
  "active_alerts": 2530248,
  "market_signals": 103
}