{
  "timestamp": "2025-08-26T07:44:51.988864",
  "overall_quality": 1.0,
  "avg_latency": 174.90407420029683,
  "total_data_points": 3370,
  "valid_data_points": 3370,
  "data_sources": 4,
  "active_alerts": 363150,
  "market_signals": 100
}