{
  "timestamp": "2025-08-27T08:10:42.312828",
  "overall_quality": 1.0,
  "avg_latency": 192.2223329013554,
  "total_data_points": 3690,
  "valid_data_points": 3690,
  "data_sources": 4,
  "active_alerts": 989791,
  "market_signals": 101
}