{
  "timestamp": "2025-08-30T03:53:50.358547",
  "overall_quality": 1.0,
  "avg_latency": 269.4152092102611,
  "total_data_points": 5360,
  "valid_data_points": 5360,
  "data_sources": 4,
  "active_alerts": 2747076,
  "market_signals": 103
}