{
  "timestamp": "2025-08-25T18:04:52.812799",
  "overall_quality": 1.0,
  "avg_latency": 180.3662327899443,
  "total_data_points": 3580,
  "valid_data_points": 3580,
  "data_sources": 4,
  "active_alerts": 13638,
  "market_signals": 104
}