{
  "timestamp": "2025-08-29T09:13:59.107481",
  "overall_quality": 1.0,
  "avg_latency": 278.9621753970209,
  "total_data_points": 5370,
  "valid_data_points": 5370,
  "data_sources": 4,
  "active_alerts": 2263401,
  "market_signals": 100
}