{
  "timestamp": "2025-08-30T08:36:55.694645",
  "overall_quality": 1.0,
  "avg_latency": 212.02405880498762,
  "total_data_points": 4210,
  "valid_data_points": 4210,
  "data_sources": 4,
  "active_alerts": 2871316,
  "market_signals": 102
}