{
  "timestamp": "2025-08-28T00:00:56.211763",
  "overall_quality": 1.0,
  "avg_latency": 194.15200611524568,
  "total_data_points": 3870,
  "valid_data_points": 3870,
  "data_sources": 4,
  "active_alerts": 1397852,
  "market_signals": 101
}