{
  "timestamp": "2025-08-25T23:01:44.686344",
  "overall_quality": 1.0,
  "avg_latency": 234.61499371526565,
  "total_data_points": 4520,
  "valid_data_points": 4520,
  "data_sources": 4,
  "active_alerts": 141408,
  "market_signals": 101
}