{
  "timestamp": "2025-08-29T18:56:58.084702",
  "overall_quality": 1.0,
  "avg_latency": 215.11849419086744,
  "total_data_points": 4139,
  "valid_data_points": 4139,
  "data_sources": 4,
  "active_alerts": 2511991,
  "market_signals": 101
}