{
  "timestamp": "2025-08-27T18:47:59.428378",
  "overall_quality": 1.0,
  "avg_latency": 257.5923501523322,
  "total_data_points": 4930,
  "valid_data_points": 4930,
  "data_sources": 4,
  "active_alerts": 1262567,
  "market_signals": 101
}