{
  "timestamp": "2025-08-26T04:27:46.725132",
  "overall_quality": 1.0,
  "avg_latency": 264.09117996338614,
  "total_data_points": 5080,
  "valid_data_points": 5080,
  "data_sources": 4,
  "active_alerts": 279037,
  "market_signals": 100
}