{
  "timestamp": "2025-08-29T04:03:45.954605",
  "overall_quality": 1.0,
  "avg_latency": 273.42336928250467,
  "total_data_points": 5430,
  "valid_data_points": 5430,
  "data_sources": 4,
  "active_alerts": 2127832,
  "market_signals": 102
}