{
  "timestamp": "2025-08-26T14:38:36.017808",
  "overall_quality": 1.0,
  "avg_latency": 284.61205859909177,
  "total_data_points": 5500,
  "valid_data_points": 5500,
  "data_sources": 4,
  "active_alerts": 539953,
  "market_signals": 103
}