{
  "timestamp": "2025-08-28T05:23:41.513552",
  "overall_quality": 1.0,
  "avg_latency": 275.7700634131823,
  "total_data_points": 5310,
  "valid_data_points": 5310,
  "data_sources": 4,
  "active_alerts": 1538745,
  "market_signals": 101
}