{
  "timestamp": "2025-08-28T20:49:37.622338",
  "overall_quality": 1.0,
  "avg_latency": 149.95612690668926,
  "total_data_points": 2990,
  "valid_data_points": 2990,
  "data_sources": 4,
  "active_alerts": 1934926,
  "market_signals": 101
}