{
  "timestamp": "2025-08-26T12:09:38.554288",
  "overall_quality": 1.0,
  "avg_latency": 166.9021405717395,
  "total_data_points": 3220,
  "valid_data_points": 3220,
  "data_sources": 4,
  "active_alerts": 476565,
  "market_signals": 103
}