{
  "timestamp": "2025-08-29T20:20:35.981422",
  "overall_quality": 1.0,
  "avg_latency": 173.67178302372406,
  "total_data_points": 3330,
  "valid_data_points": 3330,
  "data_sources": 4,
  "active_alerts": 2547760,
  "market_signals": 102
}