{
  "timestamp": "2025-08-29T09:44:32.056442",
  "overall_quality": 1.0,
  "avg_latency": 294.86042976707677,
  "total_data_points": 5680,
  "valid_data_points": 5680,
  "data_sources": 4,
  "active_alerts": 2276519,
  "market_signals": 101
}