{
  "timestamp": "2025-08-30T00:20:46.181055",
  "overall_quality": 1.0,
  "avg_latency": 177.9250366096315,
  "total_data_points": 3530,
  "valid_data_points": 3530,
  "data_sources": 4,
  "active_alerts": 2653834,
  "market_signals": 100
}