{
  "timestamp": "2025-08-26T19:25:59.113446",
  "overall_quality": 1.0,
  "avg_latency": 204.49235627659024,
  "total_data_points": 3930,
  "valid_data_points": 3930,
  "data_sources": 4,
  "active_alerts": 662636,
  "market_signals": 103
}