{
  "timestamp": "2025-08-26T09:19:40.467496",
  "overall_quality": 1.0,
  "avg_latency": 168.81052316215454,
  "total_data_points": 3250,
  "valid_data_points": 3250,
  "data_sources": 4,
  "active_alerts": 403365,
  "market_signals": 101
}