{
  "timestamp": "2025-08-30T05:06:51.763372",
  "overall_quality": 1.0,
  "avg_latency": 209.96661032392362,
  "total_data_points": 4180,
  "valid_data_points": 4180,
  "data_sources": 4,
  "active_alerts": 2778913,
  "market_signals": 101
}