{
  "timestamp": "2025-08-30T07:27:54.407548",
  "overall_quality": 1.0,
  "avg_latency": 241.11320755991605,
  "total_data_points": 4790,
  "valid_data_points": 4790,
  "data_sources": 4,
  "active_alerts": 2841070,
  "market_signals": 106
}