{
  "timestamp": "2025-08-28T16:40:58.716963",
  "overall_quality": 1.0,
  "avg_latency": 191.2951557623708,
  "total_data_points": 3678,
  "valid_data_points": 3678,
  "data_sources": 4,
  "active_alerts": 1828172,
  "market_signals": 101
}