{
  "timestamp": "2025-08-28T06:46:50.559086",
  "overall_quality": 1.0,
  "avg_latency": 219.71872537853747,
  "total_data_points": 4240,
  "valid_data_points": 4240,
  "data_sources": 4,
  "active_alerts": 1574192,
  "market_signals": 103
}