{
  "timestamp": "2025-08-26T15:28:43.925657",
  "overall_quality": 1.0,
  "avg_latency": 288.0310320543168,
  "total_data_points": 5560,
  "valid_data_points": 5560,
  "data_sources": 4,
  "active_alerts": 561260,
  "market_signals": 101
}