{
  "timestamp": "2025-08-29T05:35:47.905888",
  "overall_quality": 1.0,
  "avg_latency": 184.1715701656677,
  "total_data_points": 3670,
  "valid_data_points": 3670,
  "data_sources": 4,
  "active_alerts": 2168234,
  "market_signals": 103
}