{
  "timestamp": "2025-08-26T11:36:33.226852",
  "overall_quality": 1.0,
  "avg_latency": 224.86934870810208,
  "total_data_points": 4320,
  "valid_data_points": 4320,
  "data_sources": 4,
  "active_alerts": 462783,
  "market_signals": 101
}