{
  "timestamp": "2025-08-29T18:46:56.798892",
  "overall_quality": 1.0,
  "avg_latency": 214.09516172330197,
  "total_data_points": 4120,
  "valid_data_points": 4120,
  "data_sources": 4,
  "active_alerts": 2507824,
  "market_signals": 102
}