{
  "timestamp": "2025-08-26T13:26:52.328859",
  "overall_quality": 1.0,
  "avg_latency": 233.72372967238266,
  "total_data_points": 4490,
  "valid_data_points": 4490,
  "data_sources": 4,
  "active_alerts": 508776,
  "market_signals": 104
}