{
  "timestamp": "2025-08-26T05:44:30.944657",
  "overall_quality": 1.0,
  "avg_latency": 165.22882968616318,
  "total_data_points": 3180,
  "valid_data_points": 3180,
  "data_sources": 4,
  "active_alerts": 311307,
  "market_signals": 100
}