{
  "timestamp": "2025-08-28T23:28:40.695403",
  "overall_quality": 1.0,
  "avg_latency": 271.60421847444456,
  "total_data_points": 5400,
  "valid_data_points": 5400,
  "data_sources": 4,
  "active_alerts": 2006214,
  "market_signals": 104
}