{
  "timestamp": "2025-08-27T15:51:56.873689",
  "overall_quality": 1.0,
  "avg_latency": 226.58628268045945,
  "total_data_points": 4350,
  "valid_data_points": 4350,
  "data_sources": 4,
  "active_alerts": 1187734,
  "market_signals": 101
}