{
  "timestamp": "2025-08-28T09:42:36.296575",
  "overall_quality": 1.0,
  "avg_latency": 242.0863409468946,
  "total_data_points": 4670,
  "valid_data_points": 4670,
  "data_sources": 4,
  "active_alerts": 1648562,
  "market_signals": 101
}