{
  "timestamp": "2025-08-29T00:45:42.074968",
  "overall_quality": 1.0,
  "avg_latency": 181.7768563717454,
  "total_data_points": 3610,
  "valid_data_points": 3610,
  "data_sources": 4,
  "active_alerts": 2040904,
  "market_signals": 101
}