{
  "timestamp": "2025-08-26T10:57:56.080454",
  "overall_quality": 1.0,
  "avg_latency": 266.21344437011766,
  "total_data_points": 5120,
  "valid_data_points": 5120,
  "data_sources": 4,
  "active_alerts": 445248,
  "market_signals": 101
}