{
  "timestamp": "2025-08-29T01:32:43.005959",
  "overall_quality": 1.0,
  "avg_latency": 242.38894011535305,
  "total_data_points": 4820,
  "valid_data_points": 4820,
  "data_sources": 4,
  "active_alerts": 2061059,
  "market_signals": 101
}