{
  "timestamp": "2025-08-27T07:06:32.728790",
  "overall_quality": 1.0,
  "avg_latency": 217.84488237153045,
  "total_data_points": 4180,
  "valid_data_points": 4180,
  "data_sources": 4,
  "active_alerts": 962696,
  "market_signals": 101
}