{
  "timestamp": "2025-08-26T05:48:31.751304",
  "overall_quality": 1.0,
  "avg_latency": 285.8696030653918,
  "total_data_points": 5490,
  "valid_data_points": 5490,
  "data_sources": 4,
  "active_alerts": 313087,
  "market_signals": 100
}