{
  "timestamp": "2025-08-28T16:54:59.995188",
  "overall_quality": 1.0,
  "avg_latency": 161.39942092154308,
  "total_data_points": 3110,
  "valid_data_points": 3110,
  "data_sources": 4,
  "active_alerts": 1834170,
  "market_signals": 102
}