{
  "timestamp": "2025-08-29T10:04:33.764095",
  "overall_quality": 1.0,
  "avg_latency": 296.0972158147627,
  "total_data_points": 5690,
  "valid_data_points": 5690,
  "data_sources": 4,
  "active_alerts": 2285195,
  "market_signals": 102
}