{
  "timestamp": "2025-08-27T03:24:57.765411",
  "overall_quality": 1.0,
  "avg_latency": 171.56286964376898,
  "total_data_points": 3290,
  "valid_data_points": 3290,
  "data_sources": 4,
  "active_alerts": 866844,
  "market_signals": 101
}