{
  "timestamp": "2025-08-29T05:54:48.365038",
  "overall_quality": 1.0,
  "avg_latency": 154.02671515700317,
  "total_data_points": 3070,
  "valid_data_points": 3070,
  "data_sources": 4,
  "active_alerts": 2176606,
  "market_signals": 102
}