{
  "timestamp": "2025-08-30T01:34:47.748449",
  "overall_quality": 1.0,
  "avg_latency": 298.1722421811444,
  "total_data_points": 5940,
  "valid_data_points": 5940,
  "data_sources": 4,
  "active_alerts": 2686515,
  "market_signals": 101
}