{
  "timestamp": "2025-08-27T17:25:45.112095",
  "overall_quality": 1.0,
  "avg_latency": 190.5218978049646,
  "total_data_points": 3666,
  "valid_data_points": 3666,
  "data_sources": 4,
  "active_alerts": 1227559,
  "market_signals": 101
}