{
  "timestamp": "2025-08-27T01:38:38.712541",
  "overall_quality": 1.0,
  "avg_latency": 282.0395280067653,
  "total_data_points": 5470,
  "valid_data_points": 5470,
  "data_sources": 4,
  "active_alerts": 821473,
  "market_signals": 101
}