{
  "timestamp": "2025-08-27T03:29:58.857934",
  "overall_quality": 1.0,
  "avg_latency": 171.36823406969657,
  "total_data_points": 3300,
  "valid_data_points": 3300,
  "data_sources": 4,
  "active_alerts": 869020,
  "market_signals": 101
}