{
  "timestamp": "2025-08-27T14:40:44.629856",
  "overall_quality": 1.0,
  "avg_latency": 191.72759985923904,
  "total_data_points": 3680,
  "valid_data_points": 3680,
  "data_sources": 4,
  "active_alerts": 1157256,
  "market_signals": 102
}