{
  "timestamp": "2025-08-29T00:49:42.149591",
  "overall_quality": 1.0,
  "avg_latency": 151.88976422350993,
  "total_data_points": 3020,
  "valid_data_points": 3020,
  "data_sources": 4,
  "active_alerts": 2042655,
  "market_signals": 101
}