{
  "timestamp": "2025-08-28T03:38:31.991612",
  "overall_quality": 1.0,
  "avg_latency": 271.7637036160916,
  "total_data_points": 5220,
  "valid_data_points": 5220,
  "data_sources": 4,
  "active_alerts": 1493970,
  "market_signals": 100
}