{
  "timestamp": "2025-08-25T21:53:29.874238",
  "overall_quality": 1.0,
  "avg_latency": 287.3520236124102,
  "total_data_points": 5480,
  "valid_data_points": 5480,
  "data_sources": 4,
  "active_alerts": 112129,
  "market_signals": 101
}