{
  "timestamp": "2025-08-27T14:58:47.339694",
  "overall_quality": 1.0,
  "avg_latency": 282.66997467108683,
  "total_data_points": 5430,
  "valid_data_points": 5430,
  "data_sources": 4,
  "active_alerts": 1164919,
  "market_signals": 100
}