{
  "timestamp": "2025-08-28T17:40:33.522256",
  "overall_quality": 1.0,
  "avg_latency": 178.5797280154517,
  "total_data_points": 3430,
  "valid_data_points": 3430,
  "data_sources": 4,
  "active_alerts": 1853426,
  "market_signals": 102
}