{
  "timestamp": "2025-08-30T08:13:55.227439",
  "overall_quality": 1.0,
  "avg_latency": 271.14962306259196,
  "total_data_points": 5400,
  "valid_data_points": 5400,
  "data_sources": 4,
  "active_alerts": 2861542,
  "market_signals": 104
}