{
  "timestamp": "2025-08-29T08:24:55.027900",
  "overall_quality": 1.0,
  "avg_latency": 157.0038990036428,
  "total_data_points": 3020,
  "valid_data_points": 3020,
  "data_sources": 4,
  "active_alerts": 2242470,
  "market_signals": 101
}