{
  "timestamp": "2025-08-25T22:58:44.290323",
  "overall_quality": 1.0,
  "avg_latency": 294.3268955086568,
  "total_data_points": 5660,
  "valid_data_points": 5660,
  "data_sources": 4,
  "active_alerts": 140247,
  "market_signals": 100
}