{
  "timestamp": "2025-08-26T09:43:44.492968",
  "overall_quality": 1.0,
  "avg_latency": 290.5448684890888,
  "total_data_points": 5590,
  "valid_data_points": 5590,
  "data_sources": 4,
  "active_alerts": 413709,
  "market_signals": 100
}