{
  "timestamp": "2025-08-28T08:35:31.191654",
  "overall_quality": 1.0,
  "avg_latency": 179.68826876521763,
  "total_data_points": 3450,
  "valid_data_points": 3450,
  "data_sources": 4,
  "active_alerts": 1620004,
  "market_signals": 103
}