{
  "timestamp": "2025-08-29T10:08:34.073543",
  "overall_quality": 1.0,
  "avg_latency": 266.5193113929697,
  "total_data_points": 5120,
  "valid_data_points": 5120,
  "data_sources": 4,
  "active_alerts": 2286916,
  "market_signals": 100
}