{
  "timestamp": "2025-08-27T09:01:49.432419",
  "overall_quality": 1.0,
  "avg_latency": 225.60728822009213,
  "total_data_points": 4330,
  "valid_data_points": 4330,
  "data_sources": 4,
  "active_alerts": 1011849,
  "market_signals": 102
}