{
  "timestamp": "2025-08-26T10:27:50.973836",
  "overall_quality": 1.0,
  "avg_latency": 263.9847204815323,
  "total_data_points": 5090,
  "valid_data_points": 5090,
  "data_sources": 4,
  "active_alerts": 432645,
  "market_signals": 103
}