{
  "timestamp": "2025-08-26T06:49:42.885574",
  "overall_quality": 1.0,
  "avg_latency": 171.5345508638297,
  "total_data_points": 3290,
  "valid_data_points": 3290,
  "data_sources": 4,
  "active_alerts": 338976,
  "market_signals": 101
}