{
  "timestamp": "2025-08-27T05:28:48.380285",
  "overall_quality": 1.0,
  "avg_latency": 286.33003545745504,
  "total_data_points": 5500,
  "valid_data_points": 5500,
  "data_sources": 4,
  "active_alerts": 919802,
  "market_signals": 103
}