{
  "timestamp": "2025-08-27T04:56:43.508655",
  "overall_quality": 1.0,
  "avg_latency": 223.17332726720966,
  "total_data_points": 4300,
  "valid_data_points": 4300,
  "data_sources": 4,
  "active_alerts": 906089,
  "market_signals": 102
}