{
  "timestamp": "2025-08-28T01:54:58.436279",
  "overall_quality": 1.0,
  "avg_latency": 165.1098640801827,
  "total_data_points": 3280,
  "valid_data_points": 3280,
  "data_sources": 4,
  "active_alerts": 1448288,
  "market_signals": 103
}