{
  "timestamp": "2025-08-29T09:30:30.639444",
  "overall_quality": 1.0,
  "avg_latency": 174.8252424988097,
  "total_data_points": 3360,
  "valid_data_points": 3360,
  "data_sources": 4,
  "active_alerts": 2270414,
  "market_signals": 101
}