{
  "timestamp": "2025-08-29T06:23:49.069455",
  "overall_quality": 1.0,
  "avg_latency": 274.58600949688724,
  "total_data_points": 5460,
  "valid_data_points": 5460,
  "data_sources": 4,
  "active_alerts": 2189448,
  "market_signals": 100
}