{
  "timestamp": "2025-08-28T00:27:56.732112",
  "overall_quality": 1.0,
  "avg_latency": 254.51863354970402,
  "total_data_points": 5070,
  "valid_data_points": 5070,
  "data_sources": 4,
  "active_alerts": 1409727,
  "market_signals": 102
}