{
  "timestamp": "2025-08-28T13:42:47.767210",
  "overall_quality": 1.0,
  "avg_latency": 246.31603045959136,
  "total_data_points": 4900,
  "valid_data_points": 4900,
  "data_sources": 4,
  "active_alerts": 1751303,
  "market_signals": 103
}