{
  "timestamp": "2025-08-28T07:23:53.765897",
  "overall_quality": 1.0,
  "avg_latency": 281.19563482199663,
  "total_data_points": 5410,
  "valid_data_points": 5410,
  "data_sources": 4,
  "active_alerts": 1589294,
  "market_signals": 103
}