{
  "timestamp": "2025-08-29T14:45:58.866760",
  "overall_quality": 1.0,
  "avg_latency": 186.97720811166724,
  "total_data_points": 3600,
  "valid_data_points": 3600,
  "data_sources": 4,
  "active_alerts": 2405586,
  "market_signals": 101
}