{
  "timestamp": "2025-08-27T11:37:44.168252",
  "overall_quality": 1.0,
  "avg_latency": 251.9464043451544,
  "total_data_points": 4850,
  "valid_data_points": 4850,
  "data_sources": 4,
  "active_alerts": 1079049,
  "market_signals": 103
}