{
  "timestamp": "2025-08-28T07:07:52.398167",
  "overall_quality": 1.0,
  "avg_latency": 250.55902046535223,
  "total_data_points": 4820,
  "valid_data_points": 4820,
  "data_sources": 4,
  "active_alerts": 1582688,
  "market_signals": 102
}