{
  "timestamp": "2025-08-30T01:46:48.001385",
  "overall_quality": 1.0,
  "avg_latency": 208.39905288433795,
  "total_data_points": 4150,
  "valid_data_points": 4150,
  "data_sources": 4,
  "active_alerts": 2691484,
  "market_signals": 103
}