{
  "timestamp": "2025-08-28T21:28:38.320661",
  "overall_quality": 1.0,
  "avg_latency": 270.62542250706275,
  "total_data_points": 5380,
  "valid_data_points": 5380,
  "data_sources": 4,
  "active_alerts": 1952650,
  "market_signals": 100
}