{
  "timestamp": "2025-08-29T17:55:50.406435",
  "overall_quality": 1.0,
  "avg_latency": 181.53575981465528,
  "total_data_points": 3480,
  "valid_data_points": 3480,
  "data_sources": 4,
  "active_alerts": 2485740,
  "market_signals": 102
}