{
  "timestamp": "2025-08-25T21:02:48.292175",
  "overall_quality": 1.0,
  "avg_latency": 267.2536618796469,
  "total_data_points": 5110,
  "valid_data_points": 5110,
  "data_sources": 4,
  "active_alerts": 90701,
  "market_signals": 103
}