{
  "timestamp": "2025-08-25T21:52:59.799922",
  "overall_quality": 1.0,
  "avg_latency": 272.51981492870925,
  "total_data_points": 5190,
  "valid_data_points": 5190,
  "data_sources": 4,
  "active_alerts": 111896,
  "market_signals": 100
}