{
  "timestamp": "2025-08-26T18:52:53.266781",
  "overall_quality": 1.0,
  "avg_latency": 261.5166854353875,
  "total_data_points": 5030,
  "valid_data_points": 5030,
  "data_sources": 4,
  "active_alerts": 648568,
  "market_signals": 101
}