{
  "timestamp": "2025-08-27T14:42:44.860384",
  "overall_quality": 1.0,
  "avg_latency": 251.61037912334783,
  "total_data_points": 4840,
  "valid_data_points": 4840,
  "data_sources": 4,
  "active_alerts": 1158085,
  "market_signals": 101
}