{
  "timestamp": "2025-08-27T05:06:45.126381",
  "overall_quality": 1.0,
  "avg_latency": 224.62165941666677,
  "total_data_points": 4320,
  "valid_data_points": 4320,
  "data_sources": 4,
  "active_alerts": 910410,
  "market_signals": 102
}