{
  "timestamp": "2025-08-30T04:46:51.336518",
  "overall_quality": 1.0,
  "avg_latency": 209.96773416531093,
  "total_data_points": 4180,
  "valid_data_points": 4180,
  "data_sources": 4,
  "active_alerts": 2770112,
  "market_signals": 101
}