{
  "timestamp": "2025-08-27T05:11:45.911118",
  "overall_quality": 1.0,
  "avg_latency": 224.84128444282388,
  "total_data_points": 4320,
  "valid_data_points": 4320,
  "data_sources": 4,
  "active_alerts": 912294,
  "market_signals": 101
}