{
  "timestamp": "2025-08-26T19:50:34.391876",
  "overall_quality": 1.0,
  "avg_latency": 192.22434507344113,
  "total_data_points": 3690,
  "valid_data_points": 3690,
  "data_sources": 4,
  "active_alerts": 673110,
  "market_signals": 101
}