{
  "timestamp": "2025-08-29T15:23:32.320785",
  "overall_quality": 1.0,
  "avg_latency": 263.4940610142291,
  "total_data_points": 5060,
  "valid_data_points": 5060,
  "data_sources": 4,
  "active_alerts": 2421275,
  "market_signals": 102
}