{
  "timestamp": "2025-08-27T02:53:51.656069",
  "overall_quality": 1.0,
  "avg_latency": 288.44049983207213,
  "total_data_points": 5550,
  "valid_data_points": 5550,
  "data_sources": 4,
  "active_alerts": 853135,
  "market_signals": 100
}