{
  "timestamp": "2025-08-28T07:24:53.929179",
  "overall_quality": 1.0,
  "avg_latency": 161.01622919580626,
  "total_data_points": 3100,
  "valid_data_points": 3100,
  "data_sources": 4,
  "active_alerts": 1589735,
  "market_signals": 101
}