{
  "timestamp": "2025-08-29T03:06:44.881787",
  "overall_quality": 1.0,
  "avg_latency": 213.13921458628877,
  "total_data_points": 4230,
  "valid_data_points": 4230,
  "data_sources": 4,
  "active_alerts": 2102624,
  "market_signals": 101
}