{
  "timestamp": "2025-08-27T16:39:37.200822",
  "overall_quality": 1.0,
  "avg_latency": 157.01985300132475,
  "total_data_points": 3020,
  "valid_data_points": 3020,
  "data_sources": 4,
  "active_alerts": 1208093,
  "market_signals": 100
}