{
  "timestamp": "2025-08-27T16:37:36.966541",
  "overall_quality": 1.0,
  "avg_latency": 246.89800802805857,
  "total_data_points": 4740,
  "valid_data_points": 4740,
  "data_sources": 4,
  "active_alerts": 1207270,
  "market_signals": 102
}