{
  "timestamp": "2025-08-26T15:45:46.866755",
  "overall_quality": 1.0,
  "avg_latency": 200.06870721276107,
  "total_data_points": 3840,
  "valid_data_points": 3840,
  "data_sources": 4,
  "active_alerts": 568291,
  "market_signals": 102
}