{
  "timestamp": "2025-08-25T21:41:57.164267",
  "overall_quality": 1.0,
  "avg_latency": 241.34568661152082,
  "total_data_points": 4600,
  "valid_data_points": 4600,
  "data_sources": 4,
  "active_alerts": 107377,
  "market_signals": 101
}