{
  "timestamp": "2025-08-26T23:25:44.644770",
  "overall_quality": 1.0,
  "avg_latency": 196.12822245596809,
  "total_data_points": 3770,
  "valid_data_points": 3770,
  "data_sources": 4,
  "active_alerts": 764386,
  "market_signals": 101
}