{
  "timestamp": "2025-08-26T04:53:51.266747",
  "overall_quality": 1.0,
  "avg_latency": 296.1071379291744,
  "total_data_points": 5690,
  "valid_data_points": 5690,
  "data_sources": 4,
  "active_alerts": 289741,
  "market_signals": 103
}