{
  "timestamp": "2025-08-25T21:08:49.402431",
  "overall_quality": 1.0,
  "avg_latency": 297.21051447245543,
  "total_data_points": 5700,
  "valid_data_points": 5700,
  "data_sources": 4,
  "active_alerts": 93464,
  "market_signals": 103
}