{
  "timestamp": "2025-08-28T12:55:46.838353",
  "overall_quality": 1.0,
  "avg_latency": 186.0137328690024,
  "total_data_points": 3710,
  "valid_data_points": 3710,
  "data_sources": 4,
  "active_alerts": 1730512,
  "market_signals": 101
}