{
  "timestamp": "2025-08-26T17:53:40.411998",
  "overall_quality": 1.0,
  "avg_latency": 286.36899968178426,
  "total_data_points": 5490,
  "valid_data_points": 5490,
  "data_sources": 4,
  "active_alerts": 623471,
  "market_signals": 103
}