{
  "timestamp": "2025-08-26T05:51:32.309529",
  "overall_quality": 1.0,
  "avg_latency": 226.10705982735632,
  "total_data_points": 4350,
  "valid_data_points": 4350,
  "data_sources": 4,
  "active_alerts": 314411,
  "market_signals": 100
}