{
  "timestamp": "2025-08-26T18:22:46.541521",
  "overall_quality": 1.0,
  "avg_latency": 258.97815765604884,
  "total_data_points": 4960,
  "valid_data_points": 4960,
  "data_sources": 4,
  "active_alerts": 635805,
  "market_signals": 101
}