{
  "timestamp": "2025-08-26T18:09:43.913344",
  "overall_quality": 1.0,
  "avg_latency": 167.51294581308426,
  "total_data_points": 3210,
  "valid_data_points": 3210,
  "data_sources": 4,
  "active_alerts": 630123,
  "market_signals": 100
}