{
  "timestamp": "2025-08-29T16:43:41.113671",
  "overall_quality": 1.0,
  "avg_latency": 267.02234765369536,
  "total_data_points": 5140,
  "valid_data_points": 5140,
  "data_sources": 4,
  "active_alerts": 2454640,
  "market_signals": 100
}