{
  "timestamp": "2025-08-29T13:08:50.308378",
  "overall_quality": 1.0,
  "avg_latency": 273.5493886731423,
  "total_data_points": 5250,
  "valid_data_points": 5250,
  "data_sources": 4,
  "active_alerts": 2364016,
  "market_signals": 101
}