{
  "timestamp": "2025-08-26T18:55:53.846058",
  "overall_quality": 1.0,
  "avg_latency": 201.90926298634014,
  "total_data_points": 3880,
  "valid_data_points": 3880,
  "data_sources": 4,
  "active_alerts": 649952,
  "market_signals": 101
}