{
  "timestamp": "2025-08-26T05:36:59.506017",
  "overall_quality": 1.0,
  "avg_latency": 239.86504188376688,
  "total_data_points": 4620,
  "valid_data_points": 4620,
  "data_sources": 4,
  "active_alerts": 308224,
  "market_signals": 103
}