{
  "timestamp": "2025-08-27T20:05:41.363653",
  "overall_quality": 1.0,
  "avg_latency": 187.69091700914154,
  "total_data_points": 3610,
  "valid_data_points": 3610,
  "data_sources": 4,
  "active_alerts": 1295622,
  "market_signals": 103
}