{
  "timestamp": "2025-08-29T07:36:51.386991",
  "overall_quality": 1.0,
  "avg_latency": 216.52879125105912,
  "total_data_points": 4250,
  "valid_data_points": 4250,
  "data_sources": 4,
  "active_alerts": 2221516,
  "market_signals": 101
}