{
  "timestamp": "2025-08-30T01:56:48.213172",
  "overall_quality": 1.0,
  "avg_latency": 208.35395563349394,
  "total_data_points": 4150,
  "valid_data_points": 4150,
  "data_sources": 4,
  "active_alerts": 2696103,
  "market_signals": 101
}