{
  "timestamp": "2025-08-26T06:39:40.784351",
  "overall_quality": 1.0,
  "avg_latency": 169.60478935841004,
  "total_data_points": 3270,
  "valid_data_points": 3270,
  "data_sources": 4,
  "active_alerts": 334714,
  "market_signals": 101
}