{
  "timestamp": "2025-08-26T19:22:58.649102",
  "overall_quality": 1.0,
  "avg_latency": 264.0113580803157,
  "total_data_points": 5080,
  "valid_data_points": 5080,
  "data_sources": 4,
  "active_alerts": 661363,
  "market_signals": 101
}