{
  "timestamp": "2025-08-30T08:43:55.866379",
  "overall_quality": 1.0,
  "avg_latency": 271.6989948790739,
  "total_data_points": 5400,
  "valid_data_points": 5400,
  "data_sources": 4,
  "active_alerts": 2874513,
  "market_signals": 100
}