{
  "timestamp": "2025-08-28T16:09:56.148813",
  "overall_quality": 1.0,
  "avg_latency": 160.1265277142855,
  "total_data_points": 3080,
  "valid_data_points": 3080,
  "data_sources": 4,
  "active_alerts": 1814651,
  "market_signals": 102
}