{
  "timestamp": "2025-08-29T16:39:40.789744",
  "overall_quality": 1.0,
  "avg_latency": 297.18579866625873,
  "total_data_points": 5720,
  "valid_data_points": 5720,
  "data_sources": 4,
  "active_alerts": 2452954,
  "market_signals": 100
}