{
  "timestamp": "2025-08-30T00:34:46.466298",
  "overall_quality": 1.0,
  "avg_latency": 298.0099430860034,
  "total_data_points": 5930,
  "valid_data_points": 5930,
  "data_sources": 4,
  "active_alerts": 2660073,
  "market_signals": 100
}