{
  "timestamp": "2025-08-26T18:21:46.300478",
  "overall_quality": 1.0,
  "avg_latency": 228.4031410972668,
  "total_data_points": 4390,
  "valid_data_points": 4390,
  "data_sources": 4,
  "active_alerts": 635344,
  "market_signals": 101
}