{
  "timestamp": "2025-08-29T18:31:54.960433",
  "overall_quality": 1.0,
  "avg_latency": 213.47174490878075,
  "total_data_points": 4100,
  "valid_data_points": 4100,
  "data_sources": 4,
  "active_alerts": 2501661,
  "market_signals": 101
}