{
  "timestamp": "2025-08-27T19:07:32.313428",
  "overall_quality": 1.0,
  "avg_latency": 243.38444046778977,
  "total_data_points": 4688,
  "valid_data_points": 4688,
  "data_sources": 4,
  "active_alerts": 1271085,
  "market_signals": 101
}