{
  "timestamp": "2025-08-26T12:22:40.750835",
  "overall_quality": 1.0,
  "avg_latency": 258.1552420569998,
  "total_data_points": 5000,
  "valid_data_points": 5000,
  "data_sources": 4,
  "active_alerts": 481818,
  "market_signals": 101
}