{
  "timestamp": "2025-08-26T09:38:43.428810",
  "overall_quality": 1.0,
  "avg_latency": 290.72559076487323,
  "total_data_points": 5580,
  "valid_data_points": 5580,
  "data_sources": 4,
  "active_alerts": 411442,
  "market_signals": 102
}