{
  "timestamp": "2025-08-26T06:21:37.350730",
  "overall_quality": 1.0,
  "avg_latency": 228.40500434533044,
  "total_data_points": 4390,
  "valid_data_points": 4390,
  "data_sources": 4,
  "active_alerts": 327186,
  "market_signals": 101
}