{
  "timestamp": "2025-08-28T17:55:34.413427",
  "overall_quality": 1.0,
  "avg_latency": 177.24089310458444,
  "total_data_points": 3490,
  "valid_data_points": 3490,
  "data_sources": 4,
  "active_alerts": 1859859,
  "market_signals": 102
}