{
  "timestamp": "2025-08-26T21:43:55.182234",
  "overall_quality": 1.0,
  "avg_latency": 291.5311883504451,
  "total_data_points": 5610,
  "valid_data_points": 5610,
  "data_sources": 4,
  "active_alerts": 721640,
  "market_signals": 103
}