{
  "timestamp": "2025-08-25T22:47:42.704837",
  "overall_quality": 1.0,
  "avg_latency": 263.6397723330701,
  "total_data_points": 5080,
  "valid_data_points": 5080,
  "data_sources": 4,
  "active_alerts": 135350,
  "market_signals": 101
}