{
  "timestamp": "2025-08-28T10:53:41.818105",
  "overall_quality": 1.0,
  "avg_latency": 274.01086051136275,
  "total_data_points": 5280,
  "valid_data_points": 5280,
  "data_sources": 4,
  "active_alerts": 1678159,
  "market_signals": 101
}