{
  "timestamp": "2025-08-26T16:39:57.601658",
  "overall_quality": 1.0,
  "avg_latency": 174.93606369910523,
  "total_data_points": 3350,
  "valid_data_points": 3350,
  "data_sources": 4,
  "active_alerts": 591800,
  "market_signals": 101
}