{
  "timestamp": "2025-08-30T00:46:46.714726",
  "overall_quality": 1.0,
  "avg_latency": 208.09449842149817,
  "total_data_points": 4140,
  "valid_data_points": 4140,
  "data_sources": 4,
  "active_alerts": 2665447,
  "market_signals": 101
}