{
  "timestamp": "2025-08-28T06:06:46.263412",
  "overall_quality": 1.0,
  "avg_latency": 217.6196587707147,
  "total_data_points": 4200,
  "valid_data_points": 4200,
  "data_sources": 4,
  "active_alerts": 1557460,
  "market_signals": 100
}