{
  "timestamp": "2025-08-27T07:29:36.317475",
  "overall_quality": 1.0,
  "avg_latency": 159.2959435140066,
  "total_data_points": 3070,
  "valid_data_points": 3070,
  "data_sources": 4,
  "active_alerts": 972385,
  "market_signals": 101
}