{
  "timestamp": "2025-08-28T09:49:36.943280",
  "overall_quality": 1.0,
  "avg_latency": 152.3062579972601,
  "total_data_points": 2920,
  "valid_data_points": 2920,
  "data_sources": 4,
  "active_alerts": 1651516,
  "market_signals": 100
}