{
  "timestamp": "2025-08-29T16:18:37.924273",
  "overall_quality": 1.0,
  "avg_latency": 266.01868379667957,
  "total_data_points": 5120,
  "valid_data_points": 5120,
  "data_sources": 4,
  "active_alerts": 2444250,
  "market_signals": 103
}