{
  "timestamp": "2025-08-29T02:43:44.417555",
  "overall_quality": 1.0,
  "avg_latency": 272.94926956180825,
  "total_data_points": 5420,
  "valid_data_points": 5420,
  "data_sources": 4,
  "active_alerts": 2092580,
  "market_signals": 100
}