{
  "timestamp": "2025-08-27T17:12:42.963214",
  "overall_quality": 1.0,
  "avg_latency": 249.26550709037636,
  "total_data_points": 4780,
  "valid_data_points": 4780,
  "data_sources": 4,
  "active_alerts": 1221937,
  "market_signals": 101
}