{
  "timestamp": "2025-08-30T00:05:45.898631",
  "overall_quality": 1.0,
  "avg_latency": 177.88366889320193,
  "total_data_points": 3530,
  "valid_data_points": 3530,
  "data_sources": 4,
  "active_alerts": 2647315,
  "market_signals": 100
}