{
  "timestamp": "2025-08-30T07:39:54.617215",
  "overall_quality": 1.0,
  "avg_latency": 150.85651476445207,
  "total_data_points": 3010,
  "valid_data_points": 3010,
  "data_sources": 4,
  "active_alerts": 2846289,
  "market_signals": 101
}