{
  "timestamp": "2025-08-27T15:08:49.101558",
  "overall_quality": 1.0,
  "avg_latency": 283.03535300183466,
  "total_data_points": 5450,
  "valid_data_points": 5450,
  "data_sources": 4,
  "active_alerts": 1169150,
  "market_signals": 102
}