{
  "timestamp": "2025-08-26T23:03:40.174671",
  "overall_quality": 1.0,
  "avg_latency": 283.44367133809465,
  "total_data_points": 5460,
  "valid_data_points": 5460,
  "data_sources": 4,
  "active_alerts": 755207,
  "market_signals": 103
}