{
  "timestamp": "2025-08-29T01:10:42.558206",
  "overall_quality": 1.0,
  "avg_latency": 182.1609358823691,
  "total_data_points": 3630,
  "valid_data_points": 3630,
  "data_sources": 4,
  "active_alerts": 2051648,
  "market_signals": 101
}