{
  "timestamp": "2025-08-27T03:32:59.343176",
  "overall_quality": 1.0,
  "avg_latency": 261.8663527204759,
  "total_data_points": 5030,
  "valid_data_points": 5030,
  "data_sources": 4,
  "active_alerts": 870226,
  "market_signals": 101
}