{
  "timestamp": "2025-08-30T04:05:50.601959",
  "overall_quality": 1.0,
  "avg_latency": 179.86428340532208,
  "total_data_points": 3570,
  "valid_data_points": 3570,
  "data_sources": 4,
  "active_alerts": 2752106,
  "market_signals": 103
}