{
  "timestamp": "2025-08-29T11:21:39.760677",
  "overall_quality": 1.0,
  "avg_latency": 208.73968292244436,
  "total_data_points": 4010,
  "valid_data_points": 4010,
  "data_sources": 4,
  "active_alerts": 2318269,
  "market_signals": 103
}