{
  "timestamp": "2025-08-26T15:21:42.630610",
  "overall_quality": 1.0,
  "avg_latency": 227.87345697465807,
  "total_data_points": 4380,
  "valid_data_points": 4380,
  "data_sources": 4,
  "active_alerts": 558242,
  "market_signals": 100
}