{
  "timestamp": "2025-08-29T07:14:50.780542",
  "overall_quality": 1.0,
  "avg_latency": 155.08770551266238,
  "total_data_points": 3080,
  "valid_data_points": 3080,
  "data_sources": 4,
  "active_alerts": 2212207,
  "market_signals": 104
}