{
  "timestamp": "2025-08-26T22:26:33.436211",
  "overall_quality": 1.0,
  "avg_latency": 220.29404919811327,
  "total_data_points": 4240,
  "valid_data_points": 4240,
  "data_sources": 4,
  "active_alerts": 739661,
  "market_signals": 100
}