{
  "timestamp": "2025-08-26T13:23:52.150735",
  "overall_quality": 1.0,
  "avg_latency": 293.25928956808445,
  "total_data_points": 5640,
  "valid_data_points": 5640,
  "data_sources": 4,
  "active_alerts": 507519,
  "market_signals": 101
}