{
  "timestamp": "2025-08-30T06:32:53.466829",
  "overall_quality": 1.0,
  "avg_latency": 241.33447038726445,
  "total_data_points": 4790,
  "valid_data_points": 4790,
  "data_sources": 4,
  "active_alerts": 2816810,
  "market_signals": 100
}