{
  "timestamp": "2025-08-28T15:52:54.788623",
  "overall_quality": 1.0,
  "avg_latency": 249.7353178112045,
  "total_data_points": 4820,
  "valid_data_points": 4820,
  "data_sources": 4,
  "active_alerts": 1807298,
  "market_signals": 101
}