{
  "timestamp": "2025-08-30T02:47:49.189589",
  "overall_quality": 1.0,
  "avg_latency": 238.82616574884224,
  "total_data_points": 4750,
  "valid_data_points": 4750,
  "data_sources": 4,
  "active_alerts": 2719003,
  "market_signals": 102
}