{
  "timestamp": "2025-08-25T18:31:53.628716",
  "overall_quality": 1.0,
  "avg_latency": 240.5069303832989,
  "total_data_points": 4790,
  "valid_data_points": 4790,
  "data_sources": 4,
  "active_alerts": 25745,
  "market_signals": 102
}