{
  "timestamp": "2025-08-29T16:24:38.944039",
  "overall_quality": 1.0,
  "avg_latency": 296.2229461628065,
  "total_data_points": 5700,
  "valid_data_points": 5700,
  "data_sources": 4,
  "active_alerts": 2446709,
  "market_signals": 101
}