{
  "timestamp": "2025-08-29T01:12:42.600888",
  "overall_quality": 1.0,
  "avg_latency": 242.385028885477,
  "total_data_points": 4820,
  "valid_data_points": 4820,
  "data_sources": 4,
  "active_alerts": 2052503,
  "market_signals": 101
}