{
  "timestamp": "2025-08-29T09:28:30.483719",
  "overall_quality": 1.0,
  "avg_latency": 264.256822603929,
  "total_data_points": 5090,
  "valid_data_points": 5090,
  "data_sources": 4,
  "active_alerts": 2269596,
  "market_signals": 101
}