{
  "timestamp": "2025-08-26T10:48:54.804076",
  "overall_quality": 1.0,
  "avg_latency": 295.9108937134844,
  "total_data_points": 5710,
  "valid_data_points": 5710,
  "data_sources": 4,
  "active_alerts": 441406,
  "market_signals": 105
}