{
  "timestamp": "2025-08-28T22:40:39.747589",
  "overall_quality": 1.0,
  "avg_latency": 180.92835794166695,
  "total_data_points": 3600,
  "valid_data_points": 3600,
  "data_sources": 4,
  "active_alerts": 1984514,
  "market_signals": 102
}