{
  "timestamp": "2025-08-29T02:10:43.792716",
  "overall_quality": 1.0,
  "avg_latency": 182.524106544231,
  "total_data_points": 3640,
  "valid_data_points": 3640,
  "data_sources": 4,
  "active_alerts": 2077698,
  "market_signals": 102
}