{
  "timestamp": "2025-08-27T13:39:35.266894",
  "overall_quality": 1.0,
  "avg_latency": 156.7761577801324,
  "total_data_points": 3020,
  "valid_data_points": 3020,
  "data_sources": 4,
  "active_alerts": 1131152,
  "market_signals": 103
}