{
  "timestamp": "2025-08-30T05:44:52.541977",
  "overall_quality": 1.0,
  "avg_latency": 150.69167113478275,
  "total_data_points": 2990,
  "valid_data_points": 2990,
  "data_sources": 4,
  "active_alerts": 2796082,
  "market_signals": 101
}