{
  "timestamp": "2025-08-29T02:23:44.040495",
  "overall_quality": 1.0,
  "avg_latency": 272.56552689060726,
  "total_data_points": 5430,
  "valid_data_points": 5430,
  "data_sources": 4,
  "active_alerts": 2083477,
  "market_signals": 102
}