{
  "timestamp": "2025-08-29T19:49:33.525008",
  "overall_quality": 1.0,
  "avg_latency": 292.4696332591478,
  "total_data_points": 5630,
  "valid_data_points": 5630,
  "data_sources": 4,
  "active_alerts": 2534368,
  "market_signals": 103
}