{
  "timestamp": "2025-08-26T12:32:42.542952",
  "overall_quality": 1.0,
  "avg_latency": 259.27086949501023,
  "total_data_points": 5010,
  "valid_data_points": 5010,
  "data_sources": 4,
  "active_alerts": 486082,
  "market_signals": 101
}