{
  "timestamp": "2025-08-27T16:20:33.439151",
  "overall_quality": 1.0,
  "avg_latency": 184.63532145408422,
  "total_data_points": 3550,
  "valid_data_points": 3550,
  "data_sources": 4,
  "active_alerts": 1199964,
  "market_signals": 102
}