{
  "timestamp": "2025-08-27T07:01:32.141489",
  "overall_quality": 1.0,
  "avg_latency": 217.30329132541937,
  "total_data_points": 4170,
  "valid_data_points": 4170,
  "data_sources": 4,
  "active_alerts": 960615,
  "market_signals": 104
}