{
  "timestamp": "2025-08-27T06:15:54.624546",
  "overall_quality": 1.0,
  "avg_latency": 199.05061188272228,
  "total_data_points": 3820,
  "valid_data_points": 3820,
  "data_sources": 4,
  "active_alerts": 940705,
  "market_signals": 100
}