{
  "timestamp": "2025-08-27T19:01:31.263838",
  "overall_quality": 1.0,
  "avg_latency": 213.25932944058673,
  "total_data_points": 4090,
  "valid_data_points": 4090,
  "data_sources": 4,
  "active_alerts": 1268404,
  "market_signals": 100
}