{
  "timestamp": "2025-08-29T14:26:57.364820",
  "overall_quality": 1.0,
  "avg_latency": 216.70123016346164,
  "total_data_points": 4160,
  "valid_data_points": 4160,
  "data_sources": 4,
  "active_alerts": 2397416,
  "market_signals": 100
}