{
  "timestamp": "2025-08-28T18:56:35.525546",
  "overall_quality": 1.0,
  "avg_latency": 209.29724361726647,
  "total_data_points": 4170,
  "valid_data_points": 4170,
  "data_sources": 4,
  "active_alerts": 1886226,
  "market_signals": 103
}