{
  "timestamp": "2025-08-27T21:33:52.073447",
  "overall_quality": 1.0,
  "avg_latency": 282.9260251082874,
  "total_data_points": 5430,
  "valid_data_points": 5430,
  "data_sources": 4,
  "active_alerts": 1332876,
  "market_signals": 100
}