{
  "timestamp": "2025-08-28T22:07:39.065208",
  "overall_quality": 1.0,
  "avg_latency": 240.83151755490556,
  "total_data_points": 4790,
  "valid_data_points": 4790,
  "data_sources": 4,
  "active_alerts": 1969881,
  "market_signals": 101
}