{
  "timestamp": "2025-08-27T05:40:49.754217",
  "overall_quality": 1.0,
  "avg_latency": 196.5316891769841,
  "total_data_points": 3780,
  "valid_data_points": 3780,
  "data_sources": 4,
  "active_alerts": 925075,
  "market_signals": 100
}