{
  "timestamp": "2025-08-27T20:47:47.199248",
  "overall_quality": 1.0,
  "avg_latency": 250.69551152448147,
  "total_data_points": 4820,
  "valid_data_points": 4820,
  "data_sources": 4,
  "active_alerts": 1313124,
  "market_signals": 102
}