{
  "timestamp": "2025-08-26T01:11:39.581870",
  "overall_quality": 1.0,
  "avg_latency": 231.23738748220714,
  "total_data_points": 4440,
  "valid_data_points": 4440,
  "data_sources": 4,
  "active_alerts": 196145,
  "market_signals": 101
}