{
  "timestamp": "2025-08-28T19:33:36.229699",
  "overall_quality": 1.0,
  "avg_latency": 269.58972075626156,
  "total_data_points": 5350,
  "valid_data_points": 5350,
  "data_sources": 4,
  "active_alerts": 1902072,
  "market_signals": 101
}