{
  "timestamp": "2025-08-27T20:20:44.149581",
  "overall_quality": 1.0,
  "avg_latency": 189.06434434517874,
  "total_data_points": 3630,
  "valid_data_points": 3630,
  "data_sources": 4,
  "active_alerts": 1301846,
  "market_signals": 103
}