{
  "timestamp": "2025-08-29T03:46:45.627056",
  "overall_quality": 1.0,
  "avg_latency": 213.1531848709907,
  "total_data_points": 4240,
  "valid_data_points": 4240,
  "data_sources": 4,
  "active_alerts": 2120578,
  "market_signals": 100
}