{
  "timestamp": "2025-08-28T06:08:46.582627",
  "overall_quality": 1.0,
  "avg_latency": 277.842152762126,
  "total_data_points": 5360,
  "valid_data_points": 5360,
  "data_sources": 4,
  "active_alerts": 1558302,
  "market_signals": 103
}