{
  "timestamp": "2025-08-27T08:31:45.437692",
  "overall_quality": 1.0,
  "avg_latency": 223.58758651139553,
  "total_data_points": 4300,
  "valid_data_points": 4300,
  "data_sources": 4,
  "active_alerts": 998686,
  "market_signals": 100
}