{
  "timestamp": "2025-08-29T13:29:51.913602",
  "overall_quality": 1.0,
  "avg_latency": 153.43605648344604,
  "total_data_points": 2960,
  "valid_data_points": 2960,
  "data_sources": 4,
  "active_alerts": 2373127,
  "market_signals": 101
}