{
  "timestamp": "2025-08-26T14:30:34.329636",
  "overall_quality": 1.0,
  "avg_latency": 193.8595399489312,
  "total_data_points": 3740,
  "valid_data_points": 3740,
  "data_sources": 4,
  "active_alerts": 536479,
  "market_signals": 102
}