{
  "timestamp": "2025-08-27T20:54:47.757200",
  "overall_quality": 1.0,
  "avg_latency": 161.13538203915874,
  "total_data_points": 3090,
  "valid_data_points": 3090,
  "data_sources": 4,
  "active_alerts": 1316127,
  "market_signals": 101
}