{
  "timestamp": "2025-08-26T02:33:55.675892",
  "overall_quality": 1.0,
  "avg_latency": 298.488269606783,
  "total_data_points": 5750,
  "valid_data_points": 5750,
  "data_sources": 4,
  "active_alerts": 231205,
  "market_signals": 100
}