{
  "timestamp": "2025-08-29T11:10:38.802443",
  "overall_quality": 1.0,
  "avg_latency": 177.9605080385965,
  "total_data_points": 3420,
  "valid_data_points": 3420,
  "data_sources": 4,
  "active_alerts": 2313507,
  "market_signals": 101
}