{
  "timestamp": "2025-08-27T16:36:36.794529",
  "overall_quality": 1.0,
  "avg_latency": 216.38165324196652,
  "total_data_points": 4170,
  "valid_data_points": 4170,
  "data_sources": 4,
  "active_alerts": 1206852,
  "market_signals": 102
}