{
  "timestamp": "2025-08-26T21:40:54.638056",
  "overall_quality": 1.0,
  "avg_latency": 201.5047893005174,
  "total_data_points": 3870,
  "valid_data_points": 3870,
  "data_sources": 4,
  "active_alerts": 720235,
  "market_signals": 102
}