{
  "timestamp": "2025-08-28T09:40:36.152205",
  "overall_quality": 1.0,
  "avg_latency": 181.51071177414798,
  "total_data_points": 3520,
  "valid_data_points": 3520,
  "data_sources": 4,
  "active_alerts": 1647839,
  "market_signals": 100
}