{
  "timestamp": "2025-08-27T06:53:31.100416",
  "overall_quality": 1.0,
  "avg_latency": 276.56580549116586,
  "total_data_points": 5320,
  "valid_data_points": 5320,
  "data_sources": 4,
  "active_alerts": 957245,
  "market_signals": 100
}