{
  "timestamp": "2025-08-25T20:35:42.293326",
  "overall_quality": 1.0,
  "avg_latency": 204.04165687692267,
  "total_data_points": 3900,
  "valid_data_points": 3900,
  "data_sources": 4,
  "active_alerts": 79369,
  "market_signals": 103
}