{
  "timestamp": "2025-08-28T22:31:39.556580",
  "overall_quality": 1.0,
  "avg_latency": 210.81266452619042,
  "total_data_points": 4200,
  "valid_data_points": 4200,
  "data_sources": 4,
  "active_alerts": 1980503,
  "market_signals": 105
}