{
  "timestamp": "2025-08-29T01:47:43.324417",
  "overall_quality": 1.0,
  "avg_latency": 242.38322847163528,
  "total_data_points": 4830,
  "valid_data_points": 4830,
  "data_sources": 4,
  "active_alerts": 2067558,
  "market_signals": 102
}