{
  "timestamp": "2025-08-29T15:55:35.583171",
  "overall_quality": 1.0,
  "avg_latency": 174.76956094166712,
  "total_data_points": 3360,
  "valid_data_points": 3360,
  "data_sources": 4,
  "active_alerts": 2434755,
  "market_signals": 101
}