{
  "timestamp": "2025-08-27T09:03:49.904501",
  "overall_quality": 1.0,
  "avg_latency": 285.7176551502733,
  "total_data_points": 5490,
  "valid_data_points": 5490,
  "data_sources": 4,
  "active_alerts": 1012635,
  "market_signals": 101
}