{
  "timestamp": "2025-08-27T22:39:54.710419",
  "overall_quality": 1.0,
  "avg_latency": 163.80127224294523,
  "total_data_points": 3260,
  "valid_data_points": 3260,
  "data_sources": 4,
  "active_alerts": 1362484,
  "market_signals": 102
}