{
  "timestamp": "2025-08-29T17:25:46.198319",
  "overall_quality": 1.0,
  "avg_latency": 179.7886765820292,
  "total_data_points": 3450,
  "valid_data_points": 3450,
  "data_sources": 4,
  "active_alerts": 2472794,
  "market_signals": 100
}