{
  "timestamp": "2025-08-26T06:06:35.099286",
  "overall_quality": 1.0,
  "avg_latency": 227.55367478082334,
  "total_data_points": 4380,
  "valid_data_points": 4380,
  "data_sources": 4,
  "active_alerts": 320756,
  "market_signals": 100
}