{
  "timestamp": "2025-08-28T10:05:38.155005",
  "overall_quality": 1.0,
  "avg_latency": 182.28687784359022,
  "total_data_points": 3510,
  "valid_data_points": 3510,
  "data_sources": 4,
  "active_alerts": 1658024,
  "market_signals": 101
}