{
  "timestamp": "2025-08-28T21:58:38.875832",
  "overall_quality": 1.0,
  "avg_latency": 270.23485266412683,
  "total_data_points": 5380,
  "valid_data_points": 5380,
  "data_sources": 4,
  "active_alerts": 1965945,
  "market_signals": 103
}