{
  "timestamp": "2025-08-29T06:33:49.336625",
  "overall_quality": 1.0,
  "avg_latency": 274.7256824229357,
  "total_data_points": 5450,
  "valid_data_points": 5450,
  "data_sources": 4,
  "active_alerts": 2193963,
  "market_signals": 101
}