{
  "timestamp": "2025-08-26T03:24:33.996533",
  "overall_quality": 1.0,
  "avg_latency": 168.07000251393225,
  "total_data_points": 3230,
  "valid_data_points": 3230,
  "data_sources": 4,
  "active_alerts": 252421,
  "market_signals": 102
}