{
  "timestamp": "2025-08-25T18:42:53.934976",
  "overall_quality": 1.0,
  "avg_latency": 270.8620797608536,
  "total_data_points": 5390,
  "valid_data_points": 5390,
  "data_sources": 4,
  "active_alerts": 30876,
  "market_signals": 103
}