{
  "timestamp": "2025-08-28T11:16:43.740817",
  "overall_quality": 1.0,
  "avg_latency": 214.9304935973906,
  "total_data_points": 4138,
  "valid_data_points": 4138,
  "data_sources": 4,
  "active_alerts": 1688116,
  "market_signals": 100
}