{
  "timestamp": "2025-08-27T20:38:46.480437",
  "overall_quality": 1.0,
  "avg_latency": 280.0118146927511,
  "total_data_points": 5380,
  "valid_data_points": 5380,
  "data_sources": 4,
  "active_alerts": 1309409,
  "market_signals": 100
}