{
  "timestamp": "2025-08-29T07:26:51.080236",
  "overall_quality": 1.0,
  "avg_latency": 215.47007057018806,
  "total_data_points": 4260,
  "valid_data_points": 4260,
  "data_sources": 4,
  "active_alerts": 2217250,
  "market_signals": 101
}