{
  "timestamp": "2025-08-29T22:48:44.351534",
  "overall_quality": 1.0,
  "avg_latency": 267.1770899659774,
  "total_data_points": 5320,
  "valid_data_points": 5320,
  "data_sources": 4,
  "active_alerts": 2613127,
  "market_signals": 102
}