{
  "timestamp": "2025-08-28T01:22:57.761126",
  "overall_quality": 1.0,
  "avg_latency": 255.42740615325434,
  "total_data_points": 5070,
  "valid_data_points": 5070,
  "data_sources": 4,
  "active_alerts": 1434068,
  "market_signals": 100
}