{
  "timestamp": "2025-08-28T02:15:58.919511",
  "overall_quality": 1.0,
  "avg_latency": 195.42183624702795,
  "total_data_points": 3870,
  "valid_data_points": 3870,
  "data_sources": 4,
  "active_alerts": 1457595,
  "market_signals": 102
}