{
  "timestamp": "2025-08-26T20:19:39.674804",
  "overall_quality": 1.0,
  "avg_latency": 164.71938792974677,
  "total_data_points": 3160,
  "valid_data_points": 3160,
  "data_sources": 4,
  "active_alerts": 685763,
  "market_signals": 100
}