{
  "timestamp": "2025-08-26T14:57:39.167797",
  "overall_quality": 1.0,
  "avg_latency": 256.5523094701607,
  "total_data_points": 4960,
  "valid_data_points": 4960,
  "data_sources": 4,
  "active_alerts": 548116,
  "market_signals": 103
}