{
  "timestamp": "2025-08-29T07:54:52.954492",
  "overall_quality": 1.0,
  "avg_latency": 156.38147541627924,
  "total_data_points": 3010,
  "valid_data_points": 3010,
  "data_sources": 4,
  "active_alerts": 2229506,
  "market_signals": 105
}