{
  "timestamp": "2025-08-28T06:12:46.891608",
  "overall_quality": 1.0,
  "avg_latency": 248.0577656321503,
  "total_data_points": 4790,
  "valid_data_points": 4790,
  "data_sources": 4,
  "active_alerts": 1559948,
  "market_signals": 101
}