{
  "timestamp": "2025-08-27T19:02:31.585584",
  "overall_quality": 1.0,
  "avg_latency": 243.37664403319084,
  "total_data_points": 4670,
  "valid_data_points": 4670,
  "data_sources": 4,
  "active_alerts": 1268829,
  "market_signals": 101
}