{
  "timestamp": "2025-08-26T22:28:33.848576",
  "overall_quality": 1.0,
  "avg_latency": 280.8748013827453,
  "total_data_points": 5390,
  "valid_data_points": 5390,
  "data_sources": 4,
  "active_alerts": 740443,
  "market_signals": 100
}