{
  "timestamp": "2025-08-29T08:34:55.677023",
  "overall_quality": 1.0,
  "avg_latency": 157.0754764709568,
  "total_data_points": 3030,
  "valid_data_points": 3030,
  "data_sources": 4,
  "active_alerts": 2246661,
  "market_signals": 103
}