{
  "timestamp": "2025-08-28T18:33:35.111751",
  "overall_quality": 1.0,
  "avg_latency": 269.23212834691645,
  "total_data_points": 5350,
  "valid_data_points": 5350,
  "data_sources": 4,
  "active_alerts": 1875917,
  "market_signals": 102
}