{
  "timestamp": "2025-08-30T06:27:53.375430",
  "overall_quality": 1.0,
  "avg_latency": 240.85266102066856,
  "total_data_points": 4790,
  "valid_data_points": 4790,
  "data_sources": 4,
  "active_alerts": 2814840,
  "market_signals": 100
}