{
  "timestamp": "2025-08-27T11:35:43.906689",
  "overall_quality": 1.0,
  "avg_latency": 191.98648833685644,
  "total_data_points": 3690,
  "valid_data_points": 3690,
  "data_sources": 4,
  "active_alerts": 1078099,
  "market_signals": 104
}