{
  "timestamp": "2025-08-28T08:14:58.795754",
  "overall_quality": 1.0,
  "avg_latency": 163.09273071719744,
  "total_data_points": 3140,
  "valid_data_points": 3140,
  "data_sources": 4,
  "active_alerts": 1611132,
  "market_signals": 101
}