{
  "timestamp": "2025-08-30T04:23:50.914941",
  "overall_quality": 1.0,
  "avg_latency": 269.7746739938549,
  "total_data_points": 5370,
  "valid_data_points": 5370,
  "data_sources": 4,
  "active_alerts": 2759808,
  "market_signals": 103
}