{
  "timestamp": "2025-08-27T05:29:48.563643",
  "overall_quality": 1.0,
  "avg_latency": 166.10208987648883,
  "total_data_points": 3190,
  "valid_data_points": 3190,
  "data_sources": 4,
  "active_alerts": 920281,
  "market_signals": 102
}