{
  "timestamp": "2025-08-30T09:00:56.227870",
  "overall_quality": 1.0,
  "avg_latency": 181.80814482596645,
  "total_data_points": 3620,
  "valid_data_points": 3620,
  "data_sources": 4,
  "active_alerts": 2881942,
  "market_signals": 102
}