{
  "timestamp": "2025-08-29T07:38:51.439196",
  "overall_quality": 1.0,
  "avg_latency": 276.52532774622466,
  "total_data_points": 5430,
  "valid_data_points": 5430,
  "data_sources": 4,
  "active_alerts": 2222392,
  "market_signals": 100
}