{
  "timestamp": "2025-08-30T07:38:54.604285",
  "overall_quality": 1.0,
  "avg_latency": 271.35497187425995,
  "total_data_points": 5400,
  "valid_data_points": 5400,
  "data_sources": 4,
  "active_alerts": 2845781,
  "market_signals": 102
}