{
  "timestamp": "2025-08-30T03:54:50.378469",
  "overall_quality": 1.0,
  "avg_latency": 299.27508801275184,
  "total_data_points": 5960,
  "valid_data_points": 5960,
  "data_sources": 4,
  "active_alerts": 2747587,
  "market_signals": 102
}