{
  "timestamp": "2025-08-29T04:07:46.030679",
  "overall_quality": 1.0,
  "avg_latency": 243.3965523427684,
  "total_data_points": 4840,
  "valid_data_points": 4840,
  "data_sources": 4,
  "active_alerts": 2129672,
  "market_signals": 104
}