{
  "timestamp": "2025-08-28T09:25:35.204379",
  "overall_quality": 1.0,
  "avg_latency": 181.3246742574549,
  "total_data_points": 3488,
  "valid_data_points": 3488,
  "data_sources": 4,
  "active_alerts": 1641369,
  "market_signals": 100
}