{
  "timestamp": "2025-08-27T01:06:33.197552",
  "overall_quality": 1.0,
  "avg_latency": 219.8600315054373,
  "total_data_points": 4230,
  "valid_data_points": 4230,
  "data_sources": 4,
  "active_alerts": 807528,
  "market_signals": 102
}