{
  "timestamp": "2025-08-27T05:19:46.944313",
  "overall_quality": 1.0,
  "avg_latency": 165.08072429213846,
  "total_data_points": 3180,
  "valid_data_points": 3180,
  "data_sources": 4,
  "active_alerts": 915819,
  "market_signals": 101
}