{
  "timestamp": "2025-08-26T04:21:45.211805",
  "overall_quality": 1.0,
  "avg_latency": 233.5315959646658,
  "total_data_points": 4500,
  "valid_data_points": 4500,
  "data_sources": 4,
  "active_alerts": 276583,
  "market_signals": 101
}