{
  "timestamp": "2025-08-30T01:03:47.081905",
  "overall_quality": 1.0,
  "avg_latency": 268.43976717429626,
  "total_data_points": 5330,
  "valid_data_points": 5330,
  "data_sources": 4,
  "active_alerts": 2673171,
  "market_signals": 100
}