{
  "timestamp": "2025-08-28T03:21:30.741086",
  "overall_quality": 1.0,
  "avg_latency": 211.04016104258432,
  "total_data_points": 4180,
  "valid_data_points": 4180,
  "data_sources": 4,
  "active_alerts": 1486504,
  "market_signals": 102
}