{
  "timestamp": "2025-08-29T19:30:31.834059",
  "overall_quality": 1.0,
  "avg_latency": 171.57008311515202,
  "total_data_points": 3300,
  "valid_data_points": 3300,
  "data_sources": 4,
  "active_alerts": 2526345,
  "market_signals": 100
}