{
  "timestamp": "2025-08-29T20:41:38.158702",
  "overall_quality": 1.0,
  "avg_latency": 204.2583816402035,
  "total_data_points": 3930,
  "valid_data_points": 3930,
  "data_sources": 4,
  "active_alerts": 2556902,
  "market_signals": 102
}