{
  "timestamp": "2025-08-27T10:46:36.624375",
  "overall_quality": 1.0,
  "avg_latency": 218.3610058169048,
  "total_data_points": 4200,
  "valid_data_points": 4200,
  "data_sources": 4,
  "active_alerts": 1056696,
  "market_signals": 101
}