{
  "timestamp": "2025-08-28T01:42:58.189053",
  "overall_quality": 1.0,
  "avg_latency": 255.00379692958586,
  "total_data_points": 5070,
  "valid_data_points": 5070,
  "data_sources": 4,
  "active_alerts": 1442883,
  "market_signals": 100
}