{
  "timestamp": "2025-08-27T18:13:53.188848",
  "overall_quality": 1.0,
  "avg_latency": 284.27800350639814,
  "total_data_points": 5470,
  "valid_data_points": 5470,
  "data_sources": 4,
  "active_alerts": 1248313,
  "market_signals": 101
}