{
  "timestamp": "2025-08-29T00:56:42.273514",
  "overall_quality": 1.0,
  "avg_latency": 212.06741380473903,
  "total_data_points": 4220,
  "valid_data_points": 4220,
  "data_sources": 4,
  "active_alerts": 2045687,
  "market_signals": 103
}