{
  "timestamp": "2025-08-29T10:09:34.150840",
  "overall_quality": 1.0,
  "avg_latency": 296.4281487840355,
  "total_data_points": 5700,
  "valid_data_points": 5700,
  "data_sources": 4,
  "active_alerts": 2287364,
  "market_signals": 100
}