{
  "timestamp": "2025-08-29T11:32:40.782075",
  "overall_quality": 1.0,
  "avg_latency": 238.93799029413094,
  "total_data_points": 4600,
  "valid_data_points": 4600,
  "data_sources": 4,
  "active_alerts": 2323064,
  "market_signals": 101
}