{
  "timestamp": "2025-08-29T04:00:45.883825",
  "overall_quality": 1.0,
  "avg_latency": 183.3828695618136,
  "total_data_points": 3640,
  "valid_data_points": 3640,
  "data_sources": 4,
  "active_alerts": 2126539,
  "market_signals": 102
}