{
  "timestamp": "2025-08-29T13:25:51.522634",
  "overall_quality": 1.0,
  "avg_latency": 184.01907245977253,
  "total_data_points": 3530,
  "valid_data_points": 3530,
  "data_sources": 4,
  "active_alerts": 2371425,
  "market_signals": 101
}