{
  "timestamp": "2025-08-30T00:44:46.673279",
  "overall_quality": 1.0,
  "avg_latency": 298.2536993420603,
  "total_data_points": 5920,
  "valid_data_points": 5920,
  "data_sources": 4,
  "active_alerts": 2664379,
  "market_signals": 101
}