{
  "timestamp": "2025-08-28T04:54:38.864921",
  "overall_quality": 1.0,
  "avg_latency": 154.7910743728185,
  "total_data_points": 2980,
  "valid_data_points": 2980,
  "data_sources": 4,
  "active_alerts": 1526022,
  "market_signals": 100
}