{
  "timestamp": "2025-08-26T18:59:54.630966",
  "overall_quality": 1.0,
  "avg_latency": 172.30256584803644,
  "total_data_points": 3310,
  "valid_data_points": 3310,
  "data_sources": 4,
  "active_alerts": 651686,
  "market_signals": 102
}