{
  "timestamp": "2025-08-28T14:09:48.327477",
  "overall_quality": 1.0,
  "avg_latency": 156.9862620221155,
  "total_data_points": 3120,
  "valid_data_points": 3120,
  "data_sources": 4,
  "active_alerts": 1763401,
  "market_signals": 102
}