{
  "timestamp": "2025-08-26T09:14:39.436606",
  "overall_quality": 1.0,
  "avg_latency": 168.416693485449,
  "total_data_points": 3230,
  "valid_data_points": 3230,
  "data_sources": 4,
  "active_alerts": 401129,
  "market_signals": 104
}