{
  "timestamp": "2025-08-28T04:22:36.068300",
  "overall_quality": 1.0,
  "avg_latency": 244.11374120938058,
  "total_data_points": 4690,
  "valid_data_points": 4690,
  "data_sources": 4,
  "active_alerts": 1512346,
  "market_signals": 100
}