{
  "timestamp": "2025-08-27T14:56:46.886182",
  "overall_quality": 1.0,
  "avg_latency": 222.1411394572428,
  "total_data_points": 4280,
  "valid_data_points": 4280,
  "data_sources": 4,
  "active_alerts": 1163987,
  "market_signals": 102
}