{
  "timestamp": "2025-08-26T18:31:48.382304",
  "overall_quality": 1.0,
  "avg_latency": 229.53865122380898,
  "total_data_points": 4410,
  "valid_data_points": 4410,
  "data_sources": 4,
  "active_alerts": 639652,
  "market_signals": 102
}