{
  "timestamp": "2025-08-28T10:37:40.458957",
  "overall_quality": 1.0,
  "avg_latency": 243.42522057393057,
  "total_data_points": 4680,
  "valid_data_points": 4680,
  "data_sources": 4,
  "active_alerts": 1671551,
  "market_signals": 101
}