{
  "timestamp": "2025-08-26T16:30:55.687066",
  "overall_quality": 1.0,
  "avg_latency": 203.9174527165473,
  "total_data_points": 3916,
  "valid_data_points": 3916,
  "data_sources": 4,
  "active_alerts": 587981,
  "market_signals": 100
}