{
  "timestamp": "2025-08-28T08:59:33.346482",
  "overall_quality": 1.0,
  "avg_latency": 150.45972142560555,
  "total_data_points": 2890,
  "valid_data_points": 2890,
  "data_sources": 4,
  "active_alerts": 1630211,
  "market_signals": 100
}