{
  "timestamp": "2025-08-27T23:16:55.403937",
  "overall_quality": 1.0,
  "avg_latency": 223.81401724775787,
  "total_data_points": 4460,
  "valid_data_points": 4460,
  "data_sources": 4,
  "active_alerts": 1378595,
  "market_signals": 101
}