{
  "timestamp": "2025-08-27T00:48:59.501595",
  "overall_quality": 1.0,
  "avg_latency": 293.2991804735814,
  "total_data_points": 5640,
  "valid_data_points": 5640,
  "data_sources": 4,
  "active_alerts": 799743,
  "market_signals": 103
}