{
  "timestamp": "2025-08-29T10:29:35.273060",
  "overall_quality": 1.0,
  "avg_latency": 296.72105008161105,
  "total_data_points": 5710,
  "valid_data_points": 5710,
  "data_sources": 4,
  "active_alerts": 2295777,
  "market_signals": 101
}