{
  "timestamp": "2025-08-29T04:58:47.079780",
  "overall_quality": 1.0,
  "avg_latency": 273.8615187827523,
  "total_data_points": 5450,
  "valid_data_points": 5450,
  "data_sources": 4,
  "active_alerts": 2151792,
  "market_signals": 101
}