{
  "timestamp": "2025-08-28T05:33:42.951920",
  "overall_quality": 1.0,
  "avg_latency": 276.4783381703012,
  "total_data_points": 5320,
  "valid_data_points": 5320,
  "data_sources": 4,
  "active_alerts": 1543066,
  "market_signals": 104
}