{
  "timestamp": "2025-08-29T06:15:48.869725",
  "overall_quality": 1.0,
  "avg_latency": 184.66535877029958,
  "total_data_points": 3670,
  "valid_data_points": 3670,
  "data_sources": 4,
  "active_alerts": 2185726,
  "market_signals": 102
}