{
  "timestamp": "2025-08-27T08:51:48.002953",
  "overall_quality": 1.0,
  "avg_latency": 224.78000992569403,
  "total_data_points": 4320,
  "valid_data_points": 4320,
  "data_sources": 4,
  "active_alerts": 1007282,
  "market_signals": 101
}