{
  "timestamp": "2025-08-29T12:34:46.543893",
  "overall_quality": 1.0,
  "avg_latency": 151.52091538797256,
  "total_data_points": 2910,
  "valid_data_points": 2910,
  "data_sources": 4,
  "active_alerts": 2349211,
  "market_signals": 100
}