{
  "timestamp": "2025-08-28T11:47:45.720925",
  "overall_quality": 1.0,
  "avg_latency": 243.82395982672296,
  "total_data_points": 4790,
  "valid_data_points": 4790,
  "data_sources": 4,
  "active_alerts": 1700955,
  "market_signals": 101
}