{
  "timestamp": "2025-08-29T07:51:52.716847",
  "overall_quality": 1.0,
  "avg_latency": 216.00145890480755,
  "total_data_points": 4160,
  "valid_data_points": 4160,
  "data_sources": 4,
  "active_alerts": 2228138,
  "market_signals": 101
}