{
  "timestamp": "2025-08-29T14:44:58.785066",
  "overall_quality": 1.0,
  "avg_latency": 157.0800433023175,
  "total_data_points": 3020,
  "valid_data_points": 3020,
  "data_sources": 4,
  "active_alerts": 2405186,
  "market_signals": 102
}