{
  "timestamp": "2025-08-26T22:45:36.625508",
  "overall_quality": 1.0,
  "avg_latency": 192.29893118837947,
  "total_data_points": 3700,
  "valid_data_points": 3700,
  "data_sources": 4,
  "active_alerts": 747560,
  "market_signals": 101
}