{
  "timestamp": "2025-08-26T21:33:53.109688",
  "overall_quality": 1.0,
  "avg_latency": 291.1080984621286,
  "total_data_points": 5598,
  "valid_data_points": 5598,
  "data_sources": 4,
  "active_alerts": 717270,
  "market_signals": 100
}