{
  "timestamp": "2025-08-28T07:20:53.444266",
  "overall_quality": 1.0,
  "avg_latency": 190.79517911603276,
  "total_data_points": 3680,
  "valid_data_points": 3680,
  "data_sources": 4,
  "active_alerts": 1588070,
  "market_signals": 101
}