{
  "timestamp": "2025-08-27T16:31:36.325123",
  "overall_quality": 1.0,
  "avg_latency": 216.26502806466425,
  "total_data_points": 4160,
  "valid_data_points": 4160,
  "data_sources": 4,
  "active_alerts": 1204627,
  "market_signals": 100
}