{
  "timestamp": "2025-08-26T23:56:50.309341",
  "overall_quality": 1.0,
  "avg_latency": 228.33439657613644,
  "total_data_points": 4400,
  "valid_data_points": 4400,
  "data_sources": 4,
  "active_alerts": 777121,
  "market_signals": 101
}