{
  "timestamp": "2025-08-29T16:54:42.474269",
  "overall_quality": 1.0,
  "avg_latency": 297.8904222176577,
  "total_data_points": 5720,
  "valid_data_points": 5720,
  "data_sources": 4,
  "active_alerts": 2459410,
  "market_signals": 100
}