{
  "timestamp": "2025-08-28T05:15:40.725315",
  "overall_quality": 1.0,
  "avg_latency": 185.3566967469267,
  "total_data_points": 3580,
  "valid_data_points": 3580,
  "data_sources": 4,
  "active_alerts": 1535143,
  "market_signals": 104
}