{
  "timestamp": "2025-08-28T20:01:36.732926",
  "overall_quality": 1.0,
  "avg_latency": 209.89777755803343,
  "total_data_points": 4170,
  "valid_data_points": 4170,
  "data_sources": 4,
  "active_alerts": 1914002,
  "market_signals": 101
}