{
  "timestamp": "2025-08-26T02:19:52.705360",
  "overall_quality": 1.0,
  "avg_latency": 177.27989772082117,
  "total_data_points": 3410,
  "valid_data_points": 3410,
  "data_sources": 4,
  "active_alerts": 225119,
  "market_signals": 103
}