{
  "timestamp": "2025-08-27T00:56:31.036985",
  "overall_quality": 1.0,
  "avg_latency": 218.62677249833303,
  "total_data_points": 4200,
  "valid_data_points": 4200,
  "data_sources": 4,
  "active_alerts": 803011,
  "market_signals": 101
}