{
  "timestamp": "2025-08-28T23:14:40.447672",
  "overall_quality": 1.0,
  "avg_latency": 151.26511475233318,
  "total_data_points": 3000,
  "valid_data_points": 3000,
  "data_sources": 4,
  "active_alerts": 1999952,
  "market_signals": 102
}