{
  "timestamp": "2025-08-28T01:02:57.365479",
  "overall_quality": 1.0,
  "avg_latency": 254.9427352258379,
  "total_data_points": 5070,
  "valid_data_points": 5070,
  "data_sources": 4,
  "active_alerts": 1425483,
  "market_signals": 101
}