{
  "timestamp": "2025-08-26T10:42:54.006929",
  "overall_quality": 1.0,
  "avg_latency": 265.10138024833685,
  "total_data_points": 5110,
  "valid_data_points": 5110,
  "data_sources": 4,
  "active_alerts": 439196,
  "market_signals": 100
}