{
  "timestamp": "2025-08-26T01:20:41.682568",
  "overall_quality": 1.0,
  "avg_latency": 201.7789023059123,
  "total_data_points": 3890,
  "valid_data_points": 3890,
  "data_sources": 4,
  "active_alerts": 199848,
  "market_signals": 101
}