{
  "timestamp": "2025-08-30T06:24:53.324976",
  "overall_quality": 1.0,
  "avg_latency": 150.7762282753334,
  "total_data_points": 3000,
  "valid_data_points": 3000,
  "data_sources": 4,
  "active_alerts": 2813532,
  "market_signals": 102
}