{
  "timestamp": "2025-08-27T22:06:54.100207",
  "overall_quality": 1.0,
  "avg_latency": 223.4888139674158,
  "total_data_points": 4450,
  "valid_data_points": 4450,
  "data_sources": 4,
  "active_alerts": 1347636,
  "market_signals": 100
}