{
  "timestamp": "2025-08-27T12:29:53.204164",
  "overall_quality": 1.0,
  "avg_latency": 166.54298781781227,
  "total_data_points": 3200,
  "valid_data_points": 3200,
  "data_sources": 4,
  "active_alerts": 1100994,
  "market_signals": 101
}