{
  "timestamp": "2025-08-27T01:54:41.289557",
  "overall_quality": 1.0,
  "avg_latency": 163.8341131417721,
  "total_data_points": 3160,
  "valid_data_points": 3160,
  "data_sources": 4,
  "active_alerts": 828373,
  "market_signals": 102
}