{
  "timestamp": "2025-08-27T08:35:45.986902",
  "overall_quality": 1.0,
  "avg_latency": 193.72455930000032,
  "total_data_points": 3720,
  "valid_data_points": 3720,
  "data_sources": 4,
  "active_alerts": 1000516,
  "market_signals": 102
}