{
  "timestamp": "2025-08-27T14:38:44.383150",
  "overall_quality": 1.0,
  "avg_latency": 280.9906227802223,
  "total_data_points": 5410,
  "valid_data_points": 5410,
  "data_sources": 4,
  "active_alerts": 1156213,
  "market_signals": 103
}