{
  "timestamp": "2025-08-26T17:22:35.348874",
  "overall_quality": 1.0,
  "avg_latency": 253.18891437227944,
  "total_data_points": 4870,
  "valid_data_points": 4870,
  "data_sources": 4,
  "active_alerts": 610151,
  "market_signals": 102
}