{
  "timestamp": "2025-08-27T17:08:42.386137",
  "overall_quality": 1.0,
  "avg_latency": 279.2536086966351,
  "total_data_points": 5350,
  "valid_data_points": 5350,
  "data_sources": 4,
  "active_alerts": 1220460,
  "market_signals": 103
}