{
  "timestamp": "2025-08-27T07:47:39.045836",
  "overall_quality": 1.0,
  "avg_latency": 250.7781152700619,
  "total_data_points": 4810,
  "valid_data_points": 4810,
  "data_sources": 4,
  "active_alerts": 980357,
  "market_signals": 101
}