{
  "timestamp": "2025-08-26T23:15:42.729293",
  "overall_quality": 1.0,
  "avg_latency": 195.07610956569113,
  "total_data_points": 3760,
  "valid_data_points": 3760,
  "data_sources": 4,
  "active_alerts": 760273,
  "market_signals": 102
}