{
  "timestamp": "2025-08-30T07:33:54.508451",
  "overall_quality": 1.0,
  "avg_latency": 271.39981247309726,
  "total_data_points": 5390,
  "valid_data_points": 5390,
  "data_sources": 4,
  "active_alerts": 2843478,
  "market_signals": 101
}