{
  "timestamp": "2025-08-27T21:24:51.045214",
  "overall_quality": 1.0,
  "avg_latency": 162.11862672980777,
  "total_data_points": 3120,
  "valid_data_points": 3120,
  "data_sources": 4,
  "active_alerts": 1329095,
  "market_signals": 103
}