{
  "timestamp": "2025-08-26T18:10:44.137055",
  "overall_quality": 1.0,
  "avg_latency": 197.483202302375,
  "total_data_points": 3790,
  "valid_data_points": 3790,
  "data_sources": 4,
  "active_alerts": 630587,
  "market_signals": 102
}