{
  "timestamp": "2025-08-26T00:32:33.902402",
  "overall_quality": 1.0,
  "avg_latency": 258.80852941448796,
  "total_data_points": 4970,
  "valid_data_points": 4970,
  "data_sources": 4,
  "active_alerts": 179904,
  "market_signals": 100
}