{
  "timestamp": "2025-08-28T00:54:57.213276",
  "overall_quality": 1.0,
  "avg_latency": 164.57458889390261,
  "total_data_points": 3280,
  "valid_data_points": 3280,
  "data_sources": 4,
  "active_alerts": 1421825,
  "market_signals": 102
}