{
  "timestamp": "2025-08-29T09:53:32.706472",
  "overall_quality": 1.0,
  "avg_latency": 265.09548857945117,
  "total_data_points": 5110,
  "valid_data_points": 5110,
  "data_sources": 4,
  "active_alerts": 2280360,
  "market_signals": 100
}