{
  "timestamp": "2025-08-29T04:06:46.012372",
  "overall_quality": 1.0,
  "avg_latency": 213.5688679082545,
  "total_data_points": 4240,
  "valid_data_points": 4240,
  "data_sources": 4,
  "active_alerts": 2129148,
  "market_signals": 104
}