{
  "timestamp": "2025-08-27T14:47:45.588317",
  "overall_quality": 1.0,
  "avg_latency": 251.80442264979357,
  "total_data_points": 4840,
  "valid_data_points": 4840,
  "data_sources": 4,
  "active_alerts": 1160024,
  "market_signals": 101
}