{
  "timestamp": "2025-08-27T16:43:37.688620",
  "overall_quality": 1.0,
  "avg_latency": 277.373374029269,
  "total_data_points": 5330,
  "valid_data_points": 5330,
  "data_sources": 4,
  "active_alerts": 1209790,
  "market_signals": 100
}