{
  "timestamp": "2025-08-29T01:30:42.966614",
  "overall_quality": 1.0,
  "avg_latency": 182.17176273443604,
  "total_data_points": 3630,
  "valid_data_points": 3630,
  "data_sources": 4,
  "active_alerts": 2060222,
  "market_signals": 101
}