{
  "timestamp": "2025-08-28T13:27:47.499793",
  "overall_quality": 1.0,
  "avg_latency": 246.49575842918316,
  "total_data_points": 4900,
  "valid_data_points": 4900,
  "data_sources": 4,
  "active_alerts": 1744591,
  "market_signals": 101
}