{
  "timestamp": "2025-08-26T06:43:41.673292",
  "overall_quality": 1.0,
  "avg_latency": 290.3525048517913,
  "total_data_points": 5580,
  "valid_data_points": 5580,
  "data_sources": 4,
  "active_alerts": 336323,
  "market_signals": 104
}