{
  "timestamp": "2025-08-26T03:31:35.269314",
  "overall_quality": 1.0,
  "avg_latency": 228.65960807539875,
  "total_data_points": 4390,
  "valid_data_points": 4390,
  "data_sources": 4,
  "active_alerts": 255424,
  "market_signals": 100
}