{
  "timestamp": "2025-08-30T01:28:47.621908",
  "overall_quality": 1.0,
  "avg_latency": 268.89446586909986,
  "total_data_points": 5340,
  "valid_data_points": 5340,
  "data_sources": 4,
  "active_alerts": 2683902,
  "market_signals": 100
}