{
  "timestamp": "2025-08-27T02:34:47.694798",
  "overall_quality": 1.0,
  "avg_latency": 166.85031682499982,
  "total_data_points": 3200,
  "valid_data_points": 3200,
  "data_sources": 4,
  "active_alerts": 845164,
  "market_signals": 101
}