{
  "timestamp": "2025-08-28T22:47:39.887754",
  "overall_quality": 1.0,
  "avg_latency": 241.10050002250046,
  "total_data_points": 4800,
  "valid_data_points": 4800,
  "data_sources": 4,
  "active_alerts": 1987782,
  "market_signals": 101
}