{
  "timestamp": "2025-08-27T13:54:36.963205",
  "overall_quality": 1.0,
  "avg_latency": 157.65967791052591,
  "total_data_points": 3040,
  "valid_data_points": 3040,
  "data_sources": 4,
  "active_alerts": 1137365,
  "market_signals": 101
}