{
  "timestamp": "2025-08-27T20:41:46.714906",
  "overall_quality": 1.0,
  "avg_latency": 220.44304030756462,
  "total_data_points": 4230,
  "valid_data_points": 4230,
  "data_sources": 4,
  "active_alerts": 1310732,
  "market_signals": 100
}