{
  "timestamp": "2025-08-27T05:26:47.986418",
  "overall_quality": 1.0,
  "avg_latency": 225.76338516551724,
  "total_data_points": 4350,
  "valid_data_points": 4350,
  "data_sources": 4,
  "active_alerts": 918899,
  "market_signals": 101
}