{
  "timestamp": "2025-08-30T03:35:50.043592",
  "overall_quality": 1.0,
  "avg_latency": 179.87352372296874,
  "total_data_points": 3570,
  "valid_data_points": 3570,
  "data_sources": 4,
  "active_alerts": 2739361,
  "market_signals": 101
}