{
  "timestamp": "2025-08-28T10:59:42.246980",
  "overall_quality": 1.0,
  "avg_latency": 154.02612292828277,
  "total_data_points": 2970,
  "valid_data_points": 2970,
  "data_sources": 4,
  "active_alerts": 1680659,
  "market_signals": 101
}