{
  "timestamp": "2025-08-27T17:42:47.434594",
  "overall_quality": 1.0,
  "avg_latency": 251.51042928801675,
  "total_data_points": 4840,
  "valid_data_points": 4840,
  "data_sources": 4,
  "active_alerts": 1234878,
  "market_signals": 103
}