{
  "timestamp": "2025-08-29T11:24:40.145831",
  "overall_quality": 1.0,
  "avg_latency": 298.60954971895717,
  "total_data_points": 5750,
  "valid_data_points": 5750,
  "data_sources": 4,
  "active_alerts": 2319644,
  "market_signals": 100
}