{
  "timestamp": "2025-08-30T09:20:26.588579",
  "overall_quality": 1.0,
  "avg_latency": 167.2407004771082,
  "total_data_points": 3320,
  "valid_data_points": 3320,
  "data_sources": 4,
  "active_alerts": 2890591,
  "market_signals": 100
}