{
  "timestamp": "2025-08-27T02:00:41.941293",
  "overall_quality": 1.0,
  "avg_latency": 193.64070488373335,
  "total_data_points": 3750,
  "valid_data_points": 3750,
  "data_sources": 4,
  "active_alerts": 830892,
  "market_signals": 101
}