{
  "timestamp": "2025-08-28T13:43:47.784467",
  "overall_quality": 1.0,
  "avg_latency": 276.6548754094722,
  "total_data_points": 5490,
  "valid_data_points": 5490,
  "data_sources": 4,
  "active_alerts": 1751771,
  "market_signals": 102
}