{
  "timestamp": "2025-08-27T02:13:44.184725",
  "overall_quality": 1.0,
  "avg_latency": 285.22760344499085,
  "total_data_points": 5490,
  "valid_data_points": 5490,
  "data_sources": 4,
  "active_alerts": 836430,
  "market_signals": 101
}