{
  "timestamp": "2025-08-28T19:13:35.857191",
  "overall_quality": 1.0,
  "avg_latency": 269.58781559514983,
  "total_data_points": 5360,
  "valid_data_points": 5360,
  "data_sources": 4,
  "active_alerts": 1893403,
  "market_signals": 100
}