{
  "timestamp": "2025-08-26T02:55:59.592823",
  "overall_quality": 1.0,
  "avg_latency": 211.03955394814855,
  "total_data_points": 4050,
  "valid_data_points": 4050,
  "data_sources": 4,
  "active_alerts": 240548,
  "market_signals": 100
}