{
  "timestamp": "2025-08-28T21:18:38.143412",
  "overall_quality": 1.0,
  "avg_latency": 270.3424371791437,
  "total_data_points": 5370,
  "valid_data_points": 5370,
  "data_sources": 4,
  "active_alerts": 1948096,
  "market_signals": 100
}