{
  "timestamp": "2025-08-28T20:59:37.810425",
  "overall_quality": 1.0,
  "avg_latency": 150.26649979798609,
  "total_data_points": 2980,
  "valid_data_points": 2980,
  "data_sources": 4,
  "active_alerts": 1939372,
  "market_signals": 101
}