{
  "timestamp": "2025-08-27T03:10:54.947895",
  "overall_quality": 1.0,
  "avg_latency": 199.80840277630205,
  "total_data_points": 3840,
  "valid_data_points": 3840,
  "data_sources": 4,
  "active_alerts": 860491,
  "market_signals": 102
}