{
  "timestamp": "2025-08-25T21:30:54.513473",
  "overall_quality": 1.0,
  "avg_latency": 210.4432953684995,
  "total_data_points": 4000,
  "valid_data_points": 4000,
  "data_sources": 4,
  "active_alerts": 102790,
  "market_signals": 101
}