{
  "timestamp": "2025-08-27T17:16:43.525652",
  "overall_quality": 1.0,
  "avg_latency": 220.03288847440774,
  "total_data_points": 4220,
  "valid_data_points": 4220,
  "data_sources": 4,
  "active_alerts": 1223483,
  "market_signals": 100
}