{
  "timestamp": "2025-08-27T08:59:49.196899",
  "overall_quality": 1.0,
  "avg_latency": 165.17506842295577,
  "total_data_points": 3180,
  "valid_data_points": 3180,
  "data_sources": 4,
  "active_alerts": 1010917,
  "market_signals": 102
}