{
  "timestamp": "2025-08-29T07:18:50.883767",
  "overall_quality": 1.0,
  "avg_latency": 275.470570971927,
  "total_data_points": 5450,
  "valid_data_points": 5450,
  "data_sources": 4,
  "active_alerts": 2213940,
  "market_signals": 101
}