{
  "timestamp": "2025-08-26T04:06:42.100665",
  "overall_quality": 1.0,
  "avg_latency": 231.4294142346075,
  "total_data_points": 4450,
  "valid_data_points": 4450,
  "data_sources": 4,
  "active_alerts": 270280,
  "market_signals": 101
}