{
  "timestamp": "2025-08-27T08:38:46.400158",
  "overall_quality": 1.0,
  "avg_latency": 283.65602058076894,
  "total_data_points": 5460,
  "valid_data_points": 5460,
  "data_sources": 4,
  "active_alerts": 1001781,
  "market_signals": 100
}