{
  "timestamp": "2025-08-28T12:29:46.406712",
  "overall_quality": 1.0,
  "avg_latency": 156.04583456173603,
  "total_data_points": 3110,
  "valid_data_points": 3110,
  "data_sources": 4,
  "active_alerts": 1719221,
  "market_signals": 101
}