{
  "timestamp": "2025-08-29T17:14:44.790780",
  "overall_quality": 1.0,
  "avg_latency": 299.4054566923613,
  "total_data_points": 5760,
  "valid_data_points": 5760,
  "data_sources": 4,
  "active_alerts": 2468000,
  "market_signals": 101
}