{
  "timestamp": "2025-08-28T17:02:30.562843",
  "overall_quality": 1.0,
  "avg_latency": 236.8748868682022,
  "total_data_points": 4560,
  "valid_data_points": 4560,
  "data_sources": 4,
  "active_alerts": 1837306,
  "market_signals": 101
}