{
  "timestamp": "2025-08-28T14:36:48.819827",
  "overall_quality": 1.0,
  "avg_latency": 216.8157896726214,
  "total_data_points": 4310,
  "valid_data_points": 4310,
  "data_sources": 4,
  "active_alerts": 1775052,
  "market_signals": 101
}