{
  "timestamp": "2025-08-25T19:14:55.782271",
  "overall_quality": 1.0,
  "avg_latency": 181.24554067155123,
  "total_data_points": 3480,
  "valid_data_points": 3480,
  "data_sources": 4,
  "active_alerts": 45034,
  "market_signals": 101
}