{
  "timestamp": "2025-08-27T20:11:42.626135",
  "overall_quality": 1.0,
  "avg_latency": 218.45987797595174,
  "total_data_points": 4200,
  "valid_data_points": 4200,
  "data_sources": 4,
  "active_alerts": 1298291,
  "market_signals": 101
}