{
  "timestamp": "2025-08-28T12:56:46.853590",
  "overall_quality": 1.0,
  "avg_latency": 216.36930526302334,
  "total_data_points": 4300,
  "valid_data_points": 4300,
  "data_sources": 4,
  "active_alerts": 1730914,
  "market_signals": 101
}