{
  "timestamp": "2025-08-27T12:36:54.725172",
  "overall_quality": 1.0,
  "avg_latency": 226.91112758715647,
  "total_data_points": 4360,
  "valid_data_points": 4360,
  "data_sources": 4,
  "active_alerts": 1103974,
  "market_signals": 100
}