{
  "timestamp": "2025-08-27T00:35:57.613699",
  "overall_quality": 1.0,
  "avg_latency": 202.2364961573262,
  "total_data_points": 3890,
  "valid_data_points": 3890,
  "data_sources": 4,
  "active_alerts": 794071,
  "market_signals": 102
}