{
  "timestamp": "2025-08-26T06:27:38.483452",
  "overall_quality": 1.0,
  "avg_latency": 259.30758754999994,
  "total_data_points": 4980,
  "valid_data_points": 4980,
  "data_sources": 4,
  "active_alerts": 329776,
  "market_signals": 101
}