{
  "timestamp": "2025-08-29T23:40:45.422207",
  "overall_quality": 1.0,
  "avg_latency": 177.2645584161475,
  "total_data_points": 3530,
  "valid_data_points": 3530,
  "data_sources": 4,
  "active_alerts": 2636416,
  "market_signals": 101
}