{
  "timestamp": "2025-08-27T15:10:49.424472",
  "overall_quality": 1.0,
  "avg_latency": 193.66766385456995,
  "total_data_points": 3720,
  "valid_data_points": 3720,
  "data_sources": 4,
  "active_alerts": 1169971,
  "market_signals": 100
}