{
  "timestamp": "2025-08-26T19:07:56.071832",
  "overall_quality": 1.0,
  "avg_latency": 262.89261327154145,
  "total_data_points": 5060,
  "valid_data_points": 5060,
  "data_sources": 4,
  "active_alerts": 655170,
  "market_signals": 104
}