{
  "timestamp": "2025-08-27T00:53:30.548058",
  "overall_quality": 1.0,
  "avg_latency": 278.43325232518544,
  "total_data_points": 5360,
  "valid_data_points": 5360,
  "data_sources": 4,
  "active_alerts": 801661,
  "market_signals": 100
}