{
  "timestamp": "2025-08-28T13:41:47.748406",
  "overall_quality": 1.0,
  "avg_latency": 216.47675522418592,
  "total_data_points": 4300,
  "valid_data_points": 4300,
  "data_sources": 4,
  "active_alerts": 1750830,
  "market_signals": 100
}