{
  "timestamp": "2025-08-29T13:19:51.118126",
  "overall_quality": 1.0,
  "avg_latency": 153.2949420016947,
  "total_data_points": 2950,
  "valid_data_points": 2950,
  "data_sources": 4,
  "active_alerts": 2368656,
  "market_signals": 101
}