{
  "timestamp": "2025-08-26T15:19:42.387122",
  "overall_quality": 1.0,
  "avg_latency": 167.45798472445807,
  "total_data_points": 3230,
  "valid_data_points": 3230,
  "data_sources": 4,
  "active_alerts": 557330,
  "market_signals": 100
}