{
  "timestamp": "2025-08-26T20:42:43.981064",
  "overall_quality": 1.0,
  "avg_latency": 256.81182898681504,
  "total_data_points": 4930,
  "valid_data_points": 4930,
  "data_sources": 4,
  "active_alerts": 695661,
  "market_signals": 101
}