{
  "timestamp": "2025-08-29T14:53:59.590230",
  "overall_quality": 1.0,
  "avg_latency": 277.1204816825529,
  "total_data_points": 5330,
  "valid_data_points": 5330,
  "data_sources": 4,
  "active_alerts": 2409072,
  "market_signals": 102
}