{
  "timestamp": "2025-08-26T05:27:58.002075",
  "overall_quality": 1.0,
  "avg_latency": 269.0562716075287,
  "total_data_points": 5180,
  "valid_data_points": 5180,
  "data_sources": 4,
  "active_alerts": 304193,
  "market_signals": 101
}