{
  "timestamp": "2025-08-29T09:55:32.857655",
  "overall_quality": 1.0,
  "avg_latency": 175.7595874816566,
  "total_data_points": 3380,
  "valid_data_points": 3380,
  "data_sources": 4,
  "active_alerts": 2281241,
  "market_signals": 101
}