{
  "timestamp": "2025-08-26T10:55:55.777362",
  "overall_quality": 1.0,
  "avg_latency": 206.25622544494902,
  "total_data_points": 3960,
  "valid_data_points": 3960,
  "data_sources": 4,
  "active_alerts": 444372,
  "market_signals": 101
}