{
  "timestamp": "2025-08-25T17:56:52.534292",
  "overall_quality": 1.0,
  "avg_latency": 239.81818454372385,
  "total_data_points": 4780,
  "valid_data_points": 4780,
  "data_sources": 4,
  "active_alerts": 10021,
  "market_signals": 103
}