{
  "timestamp": "2025-08-28T07:40:55.430499",
  "overall_quality": 1.0,
  "avg_latency": 191.9876453682928,
  "total_data_points": 3690,
  "valid_data_points": 3690,
  "data_sources": 4,
  "active_alerts": 1596584,
  "market_signals": 101
}