{
  "timestamp": "2025-08-28T14:31:48.719687",
  "overall_quality": 1.0,
  "avg_latency": 216.70439006937366,
  "total_data_points": 4310,
  "valid_data_points": 4310,
  "data_sources": 4,
  "active_alerts": 1772877,
  "market_signals": 102
}