{
  "timestamp": "2025-08-26T08:43:33.600425",
  "overall_quality": 1.0,
  "avg_latency": 285.54599613515484,
  "total_data_points": 5490,
  "valid_data_points": 5490,
  "data_sources": 4,
  "active_alerts": 387756,
  "market_signals": 104
}