{
  "timestamp": "2025-08-29T00:05:41.330476",
  "overall_quality": 1.0,
  "avg_latency": 181.20363104016621,
  "total_data_points": 3610,
  "valid_data_points": 3610,
  "data_sources": 4,
  "active_alerts": 2022695,
  "market_signals": 104
}