{
  "timestamp": "2025-08-29T04:51:46.925033",
  "overall_quality": 1.0,
  "avg_latency": 214.0926104959998,
  "total_data_points": 4250,
  "valid_data_points": 4250,
  "data_sources": 4,
  "active_alerts": 2148924,
  "market_signals": 103
}