{
  "timestamp": "2025-08-27T01:19:35.390861",
  "overall_quality": 1.0,
  "avg_latency": 160.5342778316136,
  "total_data_points": 3100,
  "valid_data_points": 3100,
  "data_sources": 4,
  "active_alerts": 813202,
  "market_signals": 101
}