{
  "timestamp": "2025-08-26T00:41:35.027075",
  "overall_quality": 1.0,
  "avg_latency": 229.302090067727,
  "total_data_points": 4400,
  "valid_data_points": 4400,
  "data_sources": 4,
  "active_alerts": 183585,
  "market_signals": 101
}