{
  "timestamp": "2025-08-30T07:46:54.734636",
  "overall_quality": 1.0,
  "avg_latency": 211.50567258809468,
  "total_data_points": 4200,
  "valid_data_points": 4200,
  "data_sources": 4,
  "active_alerts": 2849533,
  "market_signals": 102
}