{
  "timestamp": "2025-08-29T13:26:51.596735",
  "overall_quality": 1.0,
  "avg_latency": 213.9278261479322,
  "total_data_points": 4110,
  "valid_data_points": 4110,
  "data_sources": 4,
  "active_alerts": 2371856,
  "market_signals": 100
}