{
  "timestamp": "2025-08-26T18:27:47.529359",
  "overall_quality": 1.0,
  "avg_latency": 258.8705063156936,
  "total_data_points": 4970,
  "valid_data_points": 4970,
  "data_sources": 4,
  "active_alerts": 637900,
  "market_signals": 105
}