{
  "timestamp": "2025-08-30T03:32:49.989972",
  "overall_quality": 1.0,
  "avg_latency": 239.5903950993698,
  "total_data_points": 4760,
  "valid_data_points": 4760,
  "data_sources": 4,
  "active_alerts": 2738045,
  "market_signals": 101
}