{
  "timestamp": "2025-08-27T20:43:46.946483",
  "overall_quality": 1.0,
  "avg_latency": 280.3474032615956,
  "total_data_points": 5390,
  "valid_data_points": 5390,
  "data_sources": 4,
  "active_alerts": 1311589,
  "market_signals": 102
}