{
  "timestamp": "2025-08-29T18:58:58.398887",
  "overall_quality": 1.0,
  "avg_latency": 275.592250080544,
  "total_data_points": 5289,
  "valid_data_points": 5289,
  "data_sources": 4,
  "active_alerts": 2512888,
  "market_signals": 101
}