{
  "timestamp": "2025-08-28T20:11:36.915859",
  "overall_quality": 1.0,
  "avg_latency": 209.59515388824997,
  "total_data_points": 4170,
  "valid_data_points": 4170,
  "data_sources": 4,
  "active_alerts": 1918534,
  "market_signals": 100
}