{
  "timestamp": "2025-08-26T20:06:37.430838",
  "overall_quality": 1.0,
  "avg_latency": 223.55853067000035,
  "total_data_points": 4300,
  "valid_data_points": 4300,
  "data_sources": 4,
  "active_alerts": 680159,
  "market_signals": 102
}