{
  "timestamp": "2025-08-27T20:22:44.547932",
  "overall_quality": 1.0,
  "avg_latency": 249.12789794363218,
  "total_data_points": 4790,
  "valid_data_points": 4790,
  "data_sources": 4,
  "active_alerts": 1302605,
  "market_signals": 102
}