{
  "timestamp": "2025-08-29T22:18:43.729415",
  "overall_quality": 1.0,
  "avg_latency": 267.0442309472698,
  "total_data_points": 5310,
  "valid_data_points": 5310,
  "data_sources": 4,
  "active_alerts": 2599214,
  "market_signals": 103
}