{
  "timestamp": "2025-08-26T18:58:54.408853",
  "overall_quality": 1.0,
  "avg_latency": 292.3412815208553,
  "total_data_points": 5610,
  "valid_data_points": 5610,
  "data_sources": 4,
  "active_alerts": 651259,
  "market_signals": 100
}