{
  "timestamp": "2025-08-30T05:54:52.763889",
  "overall_quality": 1.0,
  "avg_latency": 150.5360522732443,
  "total_data_points": 2990,
  "valid_data_points": 2990,
  "data_sources": 4,
  "active_alerts": 2800329,
  "market_signals": 101
}