{
  "timestamp": "2025-08-26T07:20:47.761512",
  "overall_quality": 1.0,
  "avg_latency": 203.18303550153865,
  "total_data_points": 3900,
  "valid_data_points": 3900,
  "data_sources": 4,
  "active_alerts": 352477,
  "market_signals": 100
}