{
  "timestamp": "2025-08-27T07:18:34.554126",
  "overall_quality": 1.0,
  "avg_latency": 278.7158342536452,
  "total_data_points": 5350,
  "valid_data_points": 5350,
  "data_sources": 4,
  "active_alerts": 967856,
  "market_signals": 103
}