{
  "timestamp": "2025-08-27T08:50:47.983278",
  "overall_quality": 1.0,
  "avg_latency": 194.9206741248659,
  "total_data_points": 3740,
  "valid_data_points": 3740,
  "data_sources": 4,
  "active_alerts": 1006835,
  "market_signals": 101
}