{
  "timestamp": "2025-08-28T03:44:32.622345",
  "overall_quality": 1.0,
  "avg_latency": 152.07184681643798,
  "total_data_points": 2920,
  "valid_data_points": 2920,
  "data_sources": 4,
  "active_alerts": 1496350,
  "market_signals": 100
}