{
  "timestamp": "2025-08-29T15:59:36.000923",
  "overall_quality": 1.0,
  "avg_latency": 294.93661336084614,
  "total_data_points": 5670,
  "valid_data_points": 5670,
  "data_sources": 4,
  "active_alerts": 2436423,
  "market_signals": 101
}