{
  "timestamp": "2025-08-29T03:53:45.745333",
  "overall_quality": 1.0,
  "avg_latency": 273.23000192996375,
  "total_data_points": 5440,
  "valid_data_points": 5440,
  "data_sources": 4,
  "active_alerts": 2123566,
  "market_signals": 101
}