{
  "timestamp": "2025-08-26T00:26:32.944492",
  "overall_quality": 1.0,
  "avg_latency": 228.14445949634742,
  "total_data_points": 4380,
  "valid_data_points": 4380,
  "data_sources": 4,
  "active_alerts": 177584,
  "market_signals": 102
}