{
  "timestamp": "2025-08-29T18:21:53.443276",
  "overall_quality": 1.0,
  "avg_latency": 212.9920808757948,
  "total_data_points": 4090,
  "valid_data_points": 4090,
  "data_sources": 4,
  "active_alerts": 2497011,
  "market_signals": 103
}