{
  "timestamp": "2025-08-25T22:23:38.512203",
  "overall_quality": 1.0,
  "avg_latency": 291.4910915506266,
  "total_data_points": 5590,
  "valid_data_points": 5590,
  "data_sources": 4,
  "active_alerts": 124946,
  "market_signals": 101
}