{
  "timestamp": "2025-08-29T21:27:42.069281",
  "overall_quality": 1.0,
  "avg_latency": 236.48702837092586,
  "total_data_points": 4540,
  "valid_data_points": 4540,
  "data_sources": 4,
  "active_alerts": 2576816,
  "market_signals": 100
}