{
  "timestamp": "2025-08-25T20:03:35.558828",
  "overall_quality": 1.0,
  "avg_latency": 290.8278509637342,
  "total_data_points": 5570,
  "valid_data_points": 5570,
  "data_sources": 4,
  "active_alerts": 65380,
  "market_signals": 102
}