{
  "timestamp": "2025-08-28T16:45:59.024802",
  "overall_quality": 1.0,
  "avg_latency": 191.86960114216234,
  "total_data_points": 3700,
  "valid_data_points": 3700,
  "data_sources": 4,
  "active_alerts": 1830393,
  "market_signals": 102
}