{
  "timestamp": "2025-08-26T07:34:50.542229",
  "overall_quality": 1.0,
  "avg_latency": 174.70202095492485,
  "total_data_points": 3350,
  "valid_data_points": 3350,
  "data_sources": 4,
  "active_alerts": 358666,
  "market_signals": 103
}