{
  "timestamp": "2025-08-27T20:56:47.902352",
  "overall_quality": 1.0,
  "avg_latency": 220.91786824117617,
  "total_data_points": 4250,
  "valid_data_points": 4250,
  "data_sources": 4,
  "active_alerts": 1316950,
  "market_signals": 103
}