{
  "timestamp": "2025-08-27T05:38:49.601043",
  "overall_quality": 1.0,
  "avg_latency": 286.4563410787262,
  "total_data_points": 5500,
  "valid_data_points": 5500,
  "data_sources": 4,
  "active_alerts": 924177,
  "market_signals": 100
}