{
  "timestamp": "2025-08-29T01:53:43.443135",
  "overall_quality": 1.0,
  "avg_latency": 272.15844572048024,
  "total_data_points": 5420,
  "valid_data_points": 5420,
  "data_sources": 4,
  "active_alerts": 2070257,
  "market_signals": 101
}