{
  "timestamp": "2025-08-26T07:29:49.741027",
  "overall_quality": 1.0,
  "avg_latency": 174.6460359301495,
  "total_data_points": 3350,
  "valid_data_points": 3350,
  "data_sources": 4,
  "active_alerts": 356321,
  "market_signals": 101
}