{
  "timestamp": "2025-08-28T02:14:58.901455",
  "overall_quality": 1.0,
  "avg_latency": 165.18557882469514,
  "total_data_points": 3280,
  "valid_data_points": 3280,
  "data_sources": 4,
  "active_alerts": 1457171,
  "market_signals": 101
}