{
  "timestamp": "2025-08-29T03:02:44.806531",
  "overall_quality": 1.0,
  "avg_latency": 243.03775445000073,
  "total_data_points": 4840,
  "valid_data_points": 4840,
  "data_sources": 4,
  "active_alerts": 2100809,
  "market_signals": 101
}