{
  "timestamp": "2025-08-30T03:20:49.780783",
  "overall_quality": 1.0,
  "avg_latency": 179.43084340392167,
  "total_data_points": 3570,
  "valid_data_points": 3570,
  "data_sources": 4,
  "active_alerts": 2732919,
  "market_signals": 102
}