{
  "timestamp": "2025-08-26T12:11:38.994261",
  "overall_quality": 1.0,
  "avg_latency": 227.58553716590438,
  "total_data_points": 4370,
  "valid_data_points": 4370,
  "data_sources": 4,
  "active_alerts": 477464,
  "market_signals": 102
}