{
  "timestamp": "2025-08-26T21:42:54.948493",
  "overall_quality": 1.0,
  "avg_latency": 261.47751211053657,
  "total_data_points": 5030,
  "valid_data_points": 5030,
  "data_sources": 4,
  "active_alerts": 721235,
  "market_signals": 101
}