{
  "timestamp": "2025-08-29T08:56:57.447193",
  "overall_quality": 1.0,
  "avg_latency": 218.3719963508344,
  "total_data_points": 4190,
  "valid_data_points": 4190,
  "data_sources": 4,
  "active_alerts": 2255815,
  "market_signals": 100
}