{
  "timestamp": "2025-08-26T21:24:51.425195",
  "overall_quality": 1.0,
  "avg_latency": 170.16772813730896,
  "total_data_points": 3270,
  "valid_data_points": 3270,
  "data_sources": 4,
  "active_alerts": 713444,
  "market_signals": 100
}