{
  "timestamp": "2025-08-28T21:08:37.969554",
  "overall_quality": 1.0,
  "avg_latency": 270.0950290156129,
  "total_data_points": 5380,
  "valid_data_points": 5380,
  "data_sources": 4,
  "active_alerts": 1943448,
  "market_signals": 100
}