{
  "timestamp": "2025-08-30T01:06:47.154840",
  "overall_quality": 1.0,
  "avg_latency": 208.18269537735,
  "total_data_points": 4150,
  "valid_data_points": 4150,
  "data_sources": 4,
  "active_alerts": 2674413,
  "market_signals": 100
}