{
  "timestamp": "2025-08-28T14:50:49.085761",
  "overall_quality": 1.0,
  "avg_latency": 186.952049453763,
  "total_data_points": 3720,
  "valid_data_points": 3720,
  "data_sources": 4,
  "active_alerts": 1781144,
  "market_signals": 102
}