{
  "timestamp": "2025-08-26T10:33:52.162198",
  "overall_quality": 1.0,
  "avg_latency": 294.78572713051074,
  "total_data_points": 5670,
  "valid_data_points": 5670,
  "data_sources": 4,
  "active_alerts": 435444,
  "market_signals": 102
}