{
  "timestamp": "2025-08-29T06:09:48.728329",
  "overall_quality": 1.0,
  "avg_latency": 155.04056309641737,
  "total_data_points": 3070,
  "valid_data_points": 3070,
  "data_sources": 4,
  "active_alerts": 2183124,
  "market_signals": 100
}