{
  "timestamp": "2025-08-27T16:16:32.630251",
  "overall_quality": 1.0,
  "avg_latency": 214.75209902475746,
  "total_data_points": 4120,
  "valid_data_points": 4120,
  "data_sources": 4,
  "active_alerts": 1198231,
  "market_signals": 101
}