{
  "timestamp": "2025-08-26T21:54:57.118252",
  "overall_quality": 1.0,
  "avg_latency": 172.73715517703877,
  "total_data_points": 3310,
  "valid_data_points": 3310,
  "data_sources": 4,
  "active_alerts": 726493,
  "market_signals": 103
}