{
  "timestamp": "2025-08-26T21:17:50.229220",
  "overall_quality": 1.0,
  "avg_latency": 259.8009430847688,
  "total_data_points": 4990,
  "valid_data_points": 4990,
  "data_sources": 4,
  "active_alerts": 710654,
  "market_signals": 101
}