{
  "timestamp": "2025-08-26T05:42:30.470519",
  "overall_quality": 1.0,
  "avg_latency": 255.29518748207724,
  "total_data_points": 4910,
  "valid_data_points": 4910,
  "data_sources": 4,
  "active_alerts": 310490,
  "market_signals": 103
}