{
  "timestamp": "2025-08-29T14:27:57.508790",
  "overall_quality": 1.0,
  "avg_latency": 246.68401643059005,
  "total_data_points": 4740,
  "valid_data_points": 4740,
  "data_sources": 4,
  "active_alerts": 2397892,
  "market_signals": 100
}