{
  "timestamp": "2025-08-29T06:35:49.411347",
  "overall_quality": 1.0,
  "avg_latency": 185.0875080904634,
  "total_data_points": 3670,
  "valid_data_points": 3670,
  "data_sources": 4,
  "active_alerts": 2194835,
  "market_signals": 100
}