{
  "timestamp": "2025-08-27T22:01:54.022637",
  "overall_quality": 1.0,
  "avg_latency": 223.69500377950473,
  "total_data_points": 4440,
  "valid_data_points": 4440,
  "data_sources": 4,
  "active_alerts": 1345360,
  "market_signals": 100
}