{
  "timestamp": "2025-08-27T16:25:34.706894",
  "overall_quality": 1.0,
  "avg_latency": 186.24473440786585,
  "total_data_points": 3560,
  "valid_data_points": 3560,
  "data_sources": 4,
  "active_alerts": 1202064,
  "market_signals": 101
}