{
  "timestamp": "2025-08-25T21:37:55.974381",
  "overall_quality": 1.0,
  "avg_latency": 270.689474629845,
  "total_data_points": 5160,
  "valid_data_points": 5160,
  "data_sources": 4,
  "active_alerts": 105693,
  "market_signals": 101
}