{
  "timestamp": "2025-08-27T08:15:43.187739",
  "overall_quality": 1.0,
  "avg_latency": 192.65299960459504,
  "total_data_points": 3700,
  "valid_data_points": 3700,
  "data_sources": 4,
  "active_alerts": 991928,
  "market_signals": 101
}