{
  "timestamp": "2025-08-29T22:58:44.566567",
  "overall_quality": 1.0,
  "avg_latency": 267.4392437743871,
  "total_data_points": 5310,
  "valid_data_points": 5310,
  "data_sources": 4,
  "active_alerts": 2617680,
  "market_signals": 101
}