{
  "timestamp": "2025-08-28T01:14:57.590227",
  "overall_quality": 1.0,
  "avg_latency": 164.92635641737803,
  "total_data_points": 3280,
  "valid_data_points": 3280,
  "data_sources": 4,
  "active_alerts": 1430657,
  "market_signals": 101
}