{
  "timestamp": "2025-08-30T00:51:46.814452",
  "overall_quality": 1.0,
  "avg_latency": 208.4310219879227,
  "total_data_points": 4140,
  "valid_data_points": 4140,
  "data_sources": 4,
  "active_alerts": 2667749,
  "market_signals": 100
}