{
  "timestamp": "2025-08-26T13:51:56.634245",
  "overall_quality": 1.0,
  "avg_latency": 235.47980453722488,
  "total_data_points": 4540,
  "valid_data_points": 4540,
  "data_sources": 4,
  "active_alerts": 519431,
  "market_signals": 102
}