{
  "timestamp": "2025-08-28T17:34:33.107739",
  "overall_quality": 1.0,
  "avg_latency": 298.0457636517418,
  "total_data_points": 5740,
  "valid_data_points": 5740,
  "data_sources": 4,
  "active_alerts": 1850839,
  "market_signals": 101
}