{
  "timestamp": "2025-08-30T09:10:56.416339",
  "overall_quality": 1.0,
  "avg_latency": 182.02666654182826,
  "total_data_points": 3610,
  "valid_data_points": 3610,
  "data_sources": 4,
  "active_alerts": 2886547,
  "market_signals": 103
}