{
  "timestamp": "2025-08-26T07:24:48.551318",
  "overall_quality": 1.0,
  "avg_latency": 173.56829863922155,
  "total_data_points": 3340,
  "valid_data_points": 3340,
  "data_sources": 4,
  "active_alerts": 354197,
  "market_signals": 100
}