{
  "timestamp": "2025-08-29T17:30:47.002529",
  "overall_quality": 1.0,
  "avg_latency": 179.70309456098298,
  "total_data_points": 3460,
  "valid_data_points": 3460,
  "data_sources": 4,
  "active_alerts": 2475044,
  "market_signals": 100
}