{
  "timestamp": "2025-08-27T02:45:50.229078",
  "overall_quality": 1.0,
  "avg_latency": 197.73698914315793,
  "total_data_points": 3800,
  "valid_data_points": 3800,
  "data_sources": 4,
  "active_alerts": 849817,
  "market_signals": 101
}