{
  "timestamp": "2025-08-27T09:55:58.550465",
  "overall_quality": 1.0,
  "avg_latency": 199.68157136979136,
  "total_data_points": 3840,
  "valid_data_points": 3840,
  "data_sources": 4,
  "active_alerts": 1035081,
  "market_signals": 100
}