{
  "timestamp": "2025-08-28T10:54:41.841221",
  "overall_quality": 1.0,
  "avg_latency": 153.71695928148162,
  "total_data_points": 2970,
  "valid_data_points": 2970,
  "data_sources": 4,
  "active_alerts": 1678633,
  "market_signals": 102
}