{
  "timestamp": "2025-08-28T23:22:40.594623",
  "overall_quality": 1.0,
  "avg_latency": 241.27728347083408,
  "total_data_points": 4800,
  "valid_data_points": 4800,
  "data_sources": 4,
  "active_alerts": 2003470,
  "market_signals": 100
}