{
  "timestamp": "2025-08-28T10:50:41.525080",
  "overall_quality": 1.0,
  "avg_latency": 184.22182285254263,
  "total_data_points": 3540,
  "valid_data_points": 3540,
  "data_sources": 4,
  "active_alerts": 1676860,
  "market_signals": 101
}