{
  "timestamp": "2025-08-29T05:16:47.497655",
  "overall_quality": 1.0,
  "avg_latency": 214.05454656988218,
  "total_data_points": 4250,
  "valid_data_points": 4250,
  "data_sources": 4,
  "active_alerts": 2159806,
  "market_signals": 103
}