{
  "timestamp": "2025-08-25T18:14:53.190327",
  "overall_quality": 1.0,
  "avg_latency": 180.8737158727025,
  "total_data_points": 3590,
  "valid_data_points": 3590,
  "data_sources": 4,
  "active_alerts": 18166,
  "market_signals": 101
}