{
  "timestamp": "2025-08-26T20:26:41.187421",
  "overall_quality": 1.0,
  "avg_latency": 225.5220544644342,
  "total_data_points": 4330,
  "valid_data_points": 4330,
  "data_sources": 4,
  "active_alerts": 688742,
  "market_signals": 102
}