{
  "timestamp": "2025-08-28T18:27:35.007577",
  "overall_quality": 1.0,
  "avg_latency": 239.09031227221035,
  "total_data_points": 4750,
  "valid_data_points": 4750,
  "data_sources": 4,
  "active_alerts": 1873194,
  "market_signals": 101
}