{
  "timestamp": "2025-08-27T20:27:45.206659",
  "overall_quality": 1.0,
  "avg_latency": 249.46460429645953,
  "total_data_points": 4800,
  "valid_data_points": 4800,
  "data_sources": 4,
  "active_alerts": 1304870,
  "market_signals": 102
}