{
  "timestamp": "2025-08-26T08:09:57.190603",
  "overall_quality": 1.0,
  "avg_latency": 177.66494291198865,
  "total_data_points": 3420,
  "valid_data_points": 3420,
  "data_sources": 4,
  "active_alerts": 374161,
  "market_signals": 103
}