{
  "timestamp": "2025-08-26T23:13:42.470625",
  "overall_quality": 1.0,
  "avg_latency": 284.83232765857514,
  "total_data_points": 5480,
  "valid_data_points": 5480,
  "data_sources": 4,
  "active_alerts": 759488,
  "market_signals": 104
}