{
  "timestamp": "2025-08-25T19:43:32.223606",
  "overall_quality": 1.0,
  "avg_latency": 289.87169760720735,
  "total_data_points": 5550,
  "valid_data_points": 5550,
  "data_sources": 4,
  "active_alerts": 57131,
  "market_signals": 102
}