{
  "timestamp": "2025-08-27T17:06:41.996419",
  "overall_quality": 1.0,
  "avg_latency": 218.88944209000024,
  "total_data_points": 4200,
  "valid_data_points": 4200,
  "data_sources": 4,
  "active_alerts": 1219537,
  "market_signals": 102
}