{
  "timestamp": "2025-08-27T06:12:54.313585",
  "overall_quality": 1.0,
  "avg_latency": 258.63665438833027,
  "total_data_points": 4970,
  "valid_data_points": 4970,
  "data_sources": 4,
  "active_alerts": 939399,
  "market_signals": 103
}