{
  "timestamp": "2025-08-27T15:17:50.331093",
  "overall_quality": 1.0,
  "avg_latency": 254.03400055698773,
  "total_data_points": 4887,
  "valid_data_points": 4887,
  "data_sources": 4,
  "active_alerts": 1172934,
  "market_signals": 101
}