{
  "timestamp": "2025-08-29T23:59:45.784492",
  "overall_quality": 1.0,
  "avg_latency": 298.0985284489864,
  "total_data_points": 5920,
  "valid_data_points": 5920,
  "data_sources": 4,
  "active_alerts": 2644692,
  "market_signals": 102
}