{
  "timestamp": "2025-08-27T23:50:56.039811",
  "overall_quality": 1.0,
  "avg_latency": 194.36298224599528,
  "total_data_points": 3870,
  "valid_data_points": 3870,
  "data_sources": 4,
  "active_alerts": 1393634,
  "market_signals": 102
}