{
  "timestamp": "2025-08-27T14:53:46.388399",
  "overall_quality": 1.0,
  "avg_latency": 282.14470106322625,
  "total_data_points": 5425,
  "valid_data_points": 5425,
  "data_sources": 4,
  "active_alerts": 1162604,
  "market_signals": 102
}