{
  "timestamp": "2025-08-26T21:51:56.478838",
  "overall_quality": 1.0,
  "avg_latency": 232.29571280246594,
  "total_data_points": 4460,
  "valid_data_points": 4460,
  "data_sources": 4,
  "active_alerts": 725192,
  "market_signals": 102
}