{
  "timestamp": "2025-08-30T06:44:53.669834",
  "overall_quality": 1.0,
  "avg_latency": 150.58625856833353,
  "total_data_points": 3000,
  "valid_data_points": 3000,
  "data_sources": 4,
  "active_alerts": 2822106,
  "market_signals": 101
}