{
  "timestamp": "2025-08-27T01:05:33.045337",
  "overall_quality": 1.0,
  "avg_latency": 189.89503332520536,
  "total_data_points": 3650,
  "valid_data_points": 3650,
  "data_sources": 4,
  "active_alerts": 807094,
  "market_signals": 100
}