{
  "timestamp": "2025-08-26T23:32:45.794564",
  "overall_quality": 1.0,
  "avg_latency": 256.5741189539538,
  "total_data_points": 4930,
  "valid_data_points": 4930,
  "data_sources": 4,
  "active_alerts": 767154,
  "market_signals": 100
}