{
  "timestamp": "2025-08-25T19:23:57.954811",
  "overall_quality": 1.0,
  "avg_latency": 153.23390465924635,
  "total_data_points": 2920,
  "valid_data_points": 2920,
  "data_sources": 4,
  "active_alerts": 48949,
  "market_signals": 101
}