{
  "timestamp": "2025-08-26T13:36:53.911770",
  "overall_quality": 1.0,
  "avg_latency": 234.04166434358453,
  "total_data_points": 4520,
  "valid_data_points": 4520,
  "data_sources": 4,
  "active_alerts": 513138,
  "market_signals": 102
}