{
  "timestamp": "2025-08-26T01:50:47.178502",
  "overall_quality": 1.0,
  "avg_latency": 205.01500608274105,
  "total_data_points": 3940,
  "valid_data_points": 3940,
  "data_sources": 4,
  "active_alerts": 212773,
  "market_signals": 100
}