{
  "timestamp": "2025-08-27T01:45:39.749601",
  "overall_quality": 1.0,
  "avg_latency": 192.42958398310972,
  "total_data_points": 3730,
  "valid_data_points": 3730,
  "data_sources": 4,
  "active_alerts": 824411,
  "market_signals": 100
}