{
  "timestamp": "2025-08-27T06:50:30.705544",
  "overall_quality": 1.0,
  "avg_latency": 186.64456831061415,
  "total_data_points": 3580,
  "valid_data_points": 3580,
  "data_sources": 4,
  "active_alerts": 955964,
  "market_signals": 102
}