{
  "timestamp": "2025-08-29T21:17:41.127074",
  "overall_quality": 1.0,
  "avg_latency": 235.6587463627757,
  "total_data_points": 4540,
  "valid_data_points": 4540,
  "data_sources": 4,
  "active_alerts": 2572313,
  "market_signals": 101
}