{
  "timestamp": "2025-08-29T14:58:59.993539",
  "overall_quality": 1.0,
  "avg_latency": 277.34996534587964,
  "total_data_points": 5340,
  "valid_data_points": 5340,
  "data_sources": 4,
  "active_alerts": 2411092,
  "market_signals": 101
}