{
  "timestamp": "2025-08-29T13:48:53.747747",
  "overall_quality": 1.0,
  "avg_latency": 274.73931037481054,
  "total_data_points": 5280,
  "valid_data_points": 5280,
  "data_sources": 4,
  "active_alerts": 2381270,
  "market_signals": 103
}