{
  "timestamp": "2025-08-27T00:33:57.214948",
  "overall_quality": 1.0,
  "avg_latency": 292.4530949461808,
  "total_data_points": 5630,
  "valid_data_points": 5630,
  "data_sources": 4,
  "active_alerts": 793048,
  "market_signals": 102
}