{
  "timestamp": "2025-08-27T02:31:47.436781",
  "overall_quality": 1.0,
  "avg_latency": 226.41932037195372,
  "total_data_points": 4350,
  "valid_data_points": 4350,
  "data_sources": 4,
  "active_alerts": 843863,
  "market_signals": 101
}