{
  "timestamp": "2025-08-26T08:44:33.905012",
  "overall_quality": 1.0,
  "avg_latency": 165.754693580251,
  "total_data_points": 3190,
  "valid_data_points": 3190,
  "data_sources": 4,
  "active_alerts": 388187,
  "market_signals": 104
}