{
  "timestamp": "2025-08-27T13:04:59.510044",
  "overall_quality": 1.0,
  "avg_latency": 169.1282824150764,
  "total_data_points": 3250,
  "valid_data_points": 3250,
  "data_sources": 4,
  "active_alerts": 1116023,
  "market_signals": 101
}