{
  "timestamp": "2025-08-28T23:31:40.732954",
  "overall_quality": 1.0,
  "avg_latency": 211.33518184214253,
  "total_data_points": 4200,
  "valid_data_points": 4200,
  "data_sources": 4,
  "active_alerts": 2007607,
  "market_signals": 102
}