{
  "timestamp": "2025-08-26T09:54:46.232880",
  "overall_quality": 1.0,
  "avg_latency": 171.60083804181815,
  "total_data_points": 3300,
  "valid_data_points": 3300,
  "data_sources": 4,
  "active_alerts": 418081,
  "market_signals": 102
}