{
  "timestamp": "2025-08-30T05:30:52.241099",
  "overall_quality": 1.0,
  "avg_latency": 180.06139984763252,
  "total_data_points": 3590,
  "valid_data_points": 3590,
  "data_sources": 4,
  "active_alerts": 2789663,
  "market_signals": 101
}