{
  "timestamp": "2025-08-29T15:29:32.869215",
  "overall_quality": 1.0,
  "avg_latency": 293.81044071097386,
  "total_data_points": 5650,
  "valid_data_points": 5650,
  "data_sources": 4,
  "active_alerts": 2423823,
  "market_signals": 100
}