{
  "timestamp": "2025-08-28T03:52:33.427192",
  "overall_quality": 1.0,
  "avg_latency": 242.37546122939924,
  "total_data_points": 4660,
  "valid_data_points": 4660,
  "data_sources": 4,
  "active_alerts": 1499774,
  "market_signals": 100
}