{
  "timestamp": "2025-08-28T00:11:56.426489",
  "overall_quality": 1.0,
  "avg_latency": 224.179013902018,
  "total_data_points": 4460,
  "valid_data_points": 4460,
  "data_sources": 4,
  "active_alerts": 1402588,
  "market_signals": 101
}