{
  "timestamp": "2025-08-27T18:07:51.990216",
  "overall_quality": 1.0,
  "avg_latency": 253.4124504163938,
  "total_data_points": 4880,
  "valid_data_points": 4880,
  "data_sources": 4,
  "active_alerts": 1245710,
  "market_signals": 100
}