{
  "timestamp": "2025-08-28T17:42:33.667835",
  "overall_quality": 1.0,
  "avg_latency": 238.40416548932515,
  "total_data_points": 4590,
  "valid_data_points": 4590,
  "data_sources": 4,
  "active_alerts": 1854133,
  "market_signals": 104
}