{
  "timestamp": "2025-08-29T06:03:48.592802",
  "overall_quality": 1.0,
  "avg_latency": 274.3484330337616,
  "total_data_points": 5450,
  "valid_data_points": 5450,
  "data_sources": 4,
  "active_alerts": 2180551,
  "market_signals": 101
}