{
  "timestamp": "2025-08-30T08:25:55.462923",
  "overall_quality": 1.0,
  "avg_latency": 181.32627364903033,
  "total_data_points": 3610,
  "valid_data_points": 3610,
  "data_sources": 4,
  "active_alerts": 2866723,
  "market_signals": 101
}