{
  "timestamp": "2025-08-29T19:02:58.960197",
  "overall_quality": 1.0,
  "avg_latency": 245.41055696878965,
  "total_data_points": 4710,
  "valid_data_points": 4710,
  "data_sources": 4,
  "active_alerts": 2514514,
  "market_signals": 100
}