{
  "timestamp": "2025-08-27T09:43:56.721891",
  "overall_quality": 1.0,
  "avg_latency": 288.577334102162,
  "total_data_points": 5550,
  "valid_data_points": 5550,
  "data_sources": 4,
  "active_alerts": 1029810,
  "market_signals": 101
}