{
  "timestamp": "2025-08-26T08:55:35.671838",
  "overall_quality": 1.0,
  "avg_latency": 196.6085719796291,
  "total_data_points": 3780,
  "valid_data_points": 3780,
  "data_sources": 4,
  "active_alerts": 392810,
  "market_signals": 101
}