{
  "timestamp": "2025-08-29T18:19:53.267107",
  "overall_quality": 1.0,
  "avg_latency": 152.5832111632655,
  "total_data_points": 2940,
  "valid_data_points": 2940,
  "data_sources": 4,
  "active_alerts": 2496091,
  "market_signals": 101
}