{
  "timestamp": "2025-08-28T13:52:47.951764",
  "overall_quality": 1.0,
  "avg_latency": 246.8967144493884,
  "total_data_points": 4900,
  "valid_data_points": 4900,
  "data_sources": 4,
  "active_alerts": 1755796,
  "market_signals": 102
}