{
  "timestamp": "2025-08-27T03:49:31.985663",
  "overall_quality": 1.0,
  "avg_latency": 158.73198203717087,
  "total_data_points": 3040,
  "valid_data_points": 3040,
  "data_sources": 4,
  "active_alerts": 877226,
  "market_signals": 101
}