{
  "timestamp": "2025-08-26T08:27:30.065585",
  "overall_quality": 1.0,
  "avg_latency": 253.92505907172063,
  "total_data_points": 4880,
  "valid_data_points": 4880,
  "data_sources": 4,
  "active_alerts": 381336,
  "market_signals": 102
}