{
  "timestamp": "2025-08-28T22:51:39.967215",
  "overall_quality": 1.0,
  "avg_latency": 210.66629717595183,
  "total_data_points": 4200,
  "valid_data_points": 4200,
  "data_sources": 4,
  "active_alerts": 1989553,
  "market_signals": 102
}