{
  "timestamp": "2025-08-28T01:10:57.507751",
  "overall_quality": 1.0,
  "avg_latency": 194.92377950516766,
  "total_data_points": 3870,
  "valid_data_points": 3870,
  "data_sources": 4,
  "active_alerts": 1428761,
  "market_signals": 101
}