{
  "timestamp": "2025-08-28T04:11:34.898944",
  "overall_quality": 1.0,
  "avg_latency": 212.56299170682925,
  "total_data_points": 4100,
  "valid_data_points": 4100,
  "data_sources": 4,
  "active_alerts": 1507850,
  "market_signals": 103
}