{
  "timestamp": "2025-08-27T05:21:47.345544",
  "overall_quality": 1.0,
  "avg_latency": 225.64621191154788,
  "total_data_points": 4330,
  "valid_data_points": 4330,
  "data_sources": 4,
  "active_alerts": 916766,
  "market_signals": 101
}