{
  "timestamp": "2025-08-25T22:16:36.854490",
  "overall_quality": 1.0,
  "avg_latency": 230.39583875872972,
  "total_data_points": 4410,
  "valid_data_points": 4410,
  "data_sources": 4,
  "active_alerts": 121892,
  "market_signals": 102
}