{
  "timestamp": "2025-08-26T15:37:45.434364",
  "overall_quality": 1.0,
  "avg_latency": 259.2926328795833,
  "total_data_points": 4991,
  "valid_data_points": 4991,
  "data_sources": 4,
  "active_alerts": 564940,
  "market_signals": 101
}