{
  "timestamp": "2025-08-29T01:09:42.541945",
  "overall_quality": 1.0,
  "avg_latency": 152.30576267095694,
  "total_data_points": 3030,
  "valid_data_points": 3030,
  "data_sources": 4,
  "active_alerts": 2051212,
  "market_signals": 101
}