{
  "timestamp": "2025-08-26T18:29:48.001206",
  "overall_quality": 1.0,
  "avg_latency": 169.57342018799983,
  "total_data_points": 3250,
  "valid_data_points": 3250,
  "data_sources": 4,
  "active_alerts": 638889,
  "market_signals": 100
}