{
  "timestamp": "2025-08-26T13:24:52.225469",
  "overall_quality": 1.0,
  "avg_latency": 173.36219872634703,
  "total_data_points": 3340,
  "valid_data_points": 3340,
  "data_sources": 4,
  "active_alerts": 507963,
  "market_signals": 101
}