{
  "timestamp": "2025-08-27T03:16:56.459425",
  "overall_quality": 1.0,
  "avg_latency": 230.50416123378372,
  "total_data_points": 4440,
  "valid_data_points": 4440,
  "data_sources": 4,
  "active_alerts": 863294,
  "market_signals": 101
}