{
  "timestamp": "2025-08-26T10:53:55.530921",
  "overall_quality": 1.0,
  "avg_latency": 296.01103808087635,
  "total_data_points": 5700,
  "valid_data_points": 5700,
  "data_sources": 4,
  "active_alerts": 443547,
  "market_signals": 103
}