{
  "timestamp": "2025-08-25T18:36:53.769334",
  "overall_quality": 1.0,
  "avg_latency": 240.73950735437435,
  "total_data_points": 4800,
  "valid_data_points": 4800,
  "data_sources": 4,
  "active_alerts": 28096,
  "market_signals": 100
}