{
  "timestamp": "2025-08-28T21:47:38.644835",
  "overall_quality": 1.0,
  "avg_latency": 240.43426612343114,
  "total_data_points": 4780,
  "valid_data_points": 4780,
  "data_sources": 4,
  "active_alerts": 1961310,
  "market_signals": 100
}