{
  "timestamp": "2025-08-29T11:55:42.951663",
  "overall_quality": 1.0,
  "avg_latency": 179.86855232948,
  "total_data_points": 3460,
  "valid_data_points": 3460,
  "data_sources": 4,
  "active_alerts": 2332942,
  "market_signals": 102
}