{
  "timestamp": "2025-08-27T22:21:54.379972",
  "overall_quality": 1.0,
  "avg_latency": 223.6063850606743,
  "total_data_points": 4450,
  "valid_data_points": 4450,
  "data_sources": 4,
  "active_alerts": 1354325,
  "market_signals": 104
}