{
  "timestamp": "2025-08-27T18:54:30.389491",
  "overall_quality": 1.0,
  "avg_latency": 152.3180191447102,
  "total_data_points": 2930,
  "valid_data_points": 2930,
  "data_sources": 4,
  "active_alerts": 1265403,
  "market_signals": 100
}