{
  "timestamp": "2025-08-29T22:38:44.147066",
  "overall_quality": 1.0,
  "avg_latency": 268.28175780907293,
  "total_data_points": 5290,
  "valid_data_points": 5290,
  "data_sources": 4,
  "active_alerts": 2608620,
  "market_signals": 101
}