{
  "timestamp": "2025-08-27T13:07:29.840065",
  "overall_quality": 1.0,
  "avg_latency": 244.05508968042489,
  "total_data_points": 4700,
  "valid_data_points": 4700,
  "data_sources": 4,
  "active_alerts": 1117100,
  "market_signals": 102
}