{
  "timestamp": "2025-08-26T11:16:59.504198",
  "overall_quality": 1.0,
  "avg_latency": 237.89566231965043,
  "total_data_points": 4580,
  "valid_data_points": 4580,
  "data_sources": 4,
  "active_alerts": 453963,
  "market_signals": 102
}