{
  "timestamp": "2025-08-27T19:53:39.346267",
  "overall_quality": 1.0,
  "avg_latency": 277.1075249943607,
  "total_data_points": 5320,
  "valid_data_points": 5320,
  "data_sources": 4,
  "active_alerts": 1290375,
  "market_signals": 102
}