{
  "timestamp": "2025-08-27T06:47:29.897588",
  "overall_quality": 1.0,
  "avg_latency": 246.079417622995,
  "total_data_points": 4740,
  "valid_data_points": 4740,
  "data_sources": 4,
  "active_alerts": 954717,
  "market_signals": 102
}