{
  "timestamp": "2025-08-25T23:33:50.615286",
  "overall_quality": 1.0,
  "avg_latency": 297.63333388809184,
  "total_data_points": 5710,
  "valid_data_points": 5710,
  "data_sources": 4,
  "active_alerts": 155501,
  "market_signals": 101
}