{
  "timestamp": "2025-08-28T22:19:39.313570",
  "overall_quality": 1.0,
  "avg_latency": 151.18303203066642,
  "total_data_points": 3000,
  "valid_data_points": 3000,
  "data_sources": 4,
  "active_alerts": 1975004,
  "market_signals": 103
}