{
  "timestamp": "2025-08-29T08:51:56.959925",
  "overall_quality": 1.0,
  "avg_latency": 218.0311607688095,
  "total_data_points": 4200,
  "valid_data_points": 4200,
  "data_sources": 4,
  "active_alerts": 2253774,
  "market_signals": 100
}