{
  "timestamp": "2025-08-30T05:15:51.939904",
  "overall_quality": 1.0,
  "avg_latency": 180.0742525117315,
  "total_data_points": 3580,
  "valid_data_points": 3580,
  "data_sources": 4,
  "active_alerts": 2783020,
  "market_signals": 101
}