{
  "timestamp": "2025-08-26T15:47:47.196619",
  "overall_quality": 1.0,
  "avg_latency": 260.05662689780013,
  "total_data_points": 5000,
  "valid_data_points": 5000,
  "data_sources": 4,
  "active_alerts": 569161,
  "market_signals": 101
}