{
  "timestamp": "2025-08-28T08:27:30.467852",
  "overall_quality": 1.0,
  "avg_latency": 238.89221453921587,
  "total_data_points": 4590,
  "valid_data_points": 4590,
  "data_sources": 4,
  "active_alerts": 1616568,
  "market_signals": 100
}