{
  "timestamp": "2025-08-28T01:29:57.897964",
  "overall_quality": 1.0,
  "avg_latency": 165.1750752155489,
  "total_data_points": 3280,
  "valid_data_points": 3280,
  "data_sources": 4,
  "active_alerts": 1437228,
  "market_signals": 100
}