{
  "timestamp": "2025-08-27T01:41:39.122435",
  "overall_quality": 1.0,
  "avg_latency": 222.3300589297675,
  "total_data_points": 4300,
  "valid_data_points": 4300,
  "data_sources": 4,
  "active_alerts": 822769,
  "market_signals": 101
}