{
  "timestamp": "2025-08-27T21:58:53.981757",
  "overall_quality": 1.0,
  "avg_latency": 283.60251289129656,
  "total_data_points": 5630,
  "valid_data_points": 5630,
  "data_sources": 4,
  "active_alerts": 1344010,
  "market_signals": 101
}