{
  "timestamp": "2025-08-27T08:08:42.066987",
  "overall_quality": 1.0,
  "avg_latency": 282.08293794825016,
  "total_data_points": 5430,
  "valid_data_points": 5430,
  "data_sources": 4,
  "active_alerts": 988946,
  "market_signals": 100
}