{
  "timestamp": "2025-08-26T01:09:39.113218",
  "overall_quality": 1.0,
  "avg_latency": 170.64853488115483,
  "total_data_points": 3290,
  "valid_data_points": 3290,
  "data_sources": 4,
  "active_alerts": 195380,
  "market_signals": 102
}