{
  "timestamp": "2025-08-27T02:14:44.357047",
  "overall_quality": 1.0,
  "avg_latency": 164.57772598832844,
  "total_data_points": 3170,
  "valid_data_points": 3170,
  "data_sources": 4,
  "active_alerts": 836819,
  "market_signals": 101
}