{
  "timestamp": "2025-08-25T22:13:36.211709",
  "overall_quality": 1.0,
  "avg_latency": 290.6105885740071,
  "total_data_points": 5540,
  "valid_data_points": 5540,
  "data_sources": 4,
  "active_alerts": 120714,
  "market_signals": 101
}