{
  "timestamp": "2025-08-25T20:38:43.080527",
  "overall_quality": 1.0,
  "avg_latency": 294.31303659200677,
  "total_data_points": 5630,
  "valid_data_points": 5630,
  "data_sources": 4,
  "active_alerts": 80568,
  "market_signals": 101
}