{
  "timestamp": "2025-08-26T13:05:49.282876",
  "overall_quality": 1.0,
  "avg_latency": 201.95778274524426,
  "total_data_points": 3890,
  "valid_data_points": 3890,
  "data_sources": 4,
  "active_alerts": 499789,
  "market_signals": 101
}