{
  "timestamp": "2025-08-27T20:59:48.241766",
  "overall_quality": 1.0,
  "avg_latency": 161.05977562524254,
  "total_data_points": 3090,
  "valid_data_points": 3090,
  "data_sources": 4,
  "active_alerts": 1318355,
  "market_signals": 102
}