{
  "timestamp": "2025-08-28T14:41:48.914818",
  "overall_quality": 1.0,
  "avg_latency": 216.99591594709935,
  "total_data_points": 4310,
  "valid_data_points": 4310,
  "data_sources": 4,
  "active_alerts": 1777034,
  "market_signals": 102
}