{
  "timestamp": "2025-08-29T01:25:42.863381",
  "overall_quality": 1.0,
  "avg_latency": 182.1728134524862,
  "total_data_points": 3620,
  "valid_data_points": 3620,
  "data_sources": 4,
  "active_alerts": 2058075,
  "market_signals": 102
}