{
  "timestamp": "2025-08-28T14:53:49.259919",
  "overall_quality": 1.0,
  "avg_latency": 278.8087918681319,
  "total_data_points": 5460,
  "valid_data_points": 5460,
  "data_sources": 4,
  "active_alerts": 1782487,
  "market_signals": 101
}