{
  "timestamp": "2025-08-29T11:03:38.328562",
  "overall_quality": 1.0,
  "avg_latency": 267.88219793708737,
  "total_data_points": 5150,
  "valid_data_points": 5150,
  "data_sources": 4,
  "active_alerts": 2310586,
  "market_signals": 101
}