{
  "timestamp": "2025-08-28T17:18:31.990429",
  "overall_quality": 1.0,
  "avg_latency": 268.1403597182521,
  "total_data_points": 5150,
  "valid_data_points": 5150,
  "data_sources": 4,
  "active_alerts": 1843933,
  "market_signals": 100
}