{
  "timestamp": "2025-08-29T20:43:38.384952",
  "overall_quality": 1.0,
  "avg_latency": 264.639233190748,
  "total_data_points": 5080,
  "valid_data_points": 5080,
  "data_sources": 4,
  "active_alerts": 2557886,
  "market_signals": 103
}