{
  "timestamp": "2025-08-26T23:57:50.555962",
  "overall_quality": 1.0,
  "avg_latency": 258.52577249779137,
  "total_data_points": 4980,
  "valid_data_points": 4980,
  "data_sources": 4,
  "active_alerts": 777596,
  "market_signals": 103
}