{
  "timestamp": "2025-08-26T04:45:49.822590",
  "overall_quality": 1.0,
  "avg_latency": 205.15976970913664,
  "total_data_points": 3940,
  "valid_data_points": 3940,
  "data_sources": 4,
  "active_alerts": 286603,
  "market_signals": 102
}