{
  "timestamp": "2025-08-27T10:33:34.708230",
  "overall_quality": 1.0,
  "avg_latency": 277.8293255147935,
  "total_data_points": 5340,
  "valid_data_points": 5340,
  "data_sources": 4,
  "active_alerts": 1051110,
  "market_signals": 101
}