{
  "timestamp": "2025-08-26T13:46:55.819241",
  "overall_quality": 1.0,
  "avg_latency": 235.26059826563912,
  "total_data_points": 4540,
  "valid_data_points": 4540,
  "data_sources": 4,
  "active_alerts": 517259,
  "market_signals": 101
}