{
  "timestamp": "2025-08-27T05:41:49.846836",
  "overall_quality": 1.0,
  "avg_latency": 226.46495946926535,
  "total_data_points": 4360,
  "valid_data_points": 4360,
  "data_sources": 4,
  "active_alerts": 925526,
  "market_signals": 102
}