{
  "timestamp": "2025-08-30T03:37:50.070545",
  "overall_quality": 1.0,
  "avg_latency": 239.5814032846949,
  "total_data_points": 4770,
  "valid_data_points": 4770,
  "data_sources": 4,
  "active_alerts": 2740297,
  "market_signals": 101
}