{
  "timestamp": "2025-08-26T19:35:31.030716",
  "overall_quality": 1.0,
  "avg_latency": 190.87596340327894,
  "total_data_points": 3660,
  "valid_data_points": 3660,
  "data_sources": 4,
  "active_alerts": 666694,
  "market_signals": 100
}