{
  "timestamp": "2025-08-27T17:28:45.431951",
  "overall_quality": 1.0,
  "avg_latency": 280.8803569286514,
  "total_data_points": 5396,
  "valid_data_points": 5396,
  "data_sources": 4,
  "active_alerts": 1228793,
  "market_signals": 100
}