{
  "timestamp": "2025-08-30T07:06:54.058969",
  "overall_quality": 1.0,
  "avg_latency": 211.1395114342851,
  "total_data_points": 4200,
  "valid_data_points": 4200,
  "data_sources": 4,
  "active_alerts": 2831878,
  "market_signals": 100
}