{
  "timestamp": "2025-08-26T15:16:41.590307",
  "overall_quality": 1.0,
  "avg_latency": 227.47806366278493,
  "total_data_points": 4380,
  "valid_data_points": 4380,
  "data_sources": 4,
  "active_alerts": 555946,
  "market_signals": 100
}