{
  "timestamp": "2025-08-25T23:50:54.524904",
  "overall_quality": 1.0,
  "avg_latency": 209.4175737531171,
  "total_data_points": 4010,
  "valid_data_points": 4010,
  "data_sources": 4,
  "active_alerts": 162862,
  "market_signals": 102
}