{
  "timestamp": "2025-08-28T21:32:38.394966",
  "overall_quality": 1.0,
  "avg_latency": 240.20129791255246,
  "total_data_points": 4780,
  "valid_data_points": 4780,
  "data_sources": 4,
  "active_alerts": 1954554,
  "market_signals": 101
}