{
  "timestamp": "2025-08-27T22:25:54.442362",
  "overall_quality": 1.0,
  "avg_latency": 193.57477001709876,
  "total_data_points": 3860,
  "valid_data_points": 3860,
  "data_sources": 4,
  "active_alerts": 1356199,
  "market_signals": 101
}