{
  "timestamp": "2025-08-28T06:44:50.408547",
  "overall_quality": 1.0,
  "avg_latency": 159.75371278831167,
  "total_data_points": 3080,
  "valid_data_points": 3080,
  "data_sources": 4,
  "active_alerts": 1573298,
  "market_signals": 103
}