{
  "timestamp": "2025-08-28T09:51:37.204944",
  "overall_quality": 1.0,
  "avg_latency": 212.24043522450958,
  "total_data_points": 4080,
  "valid_data_points": 4080,
  "data_sources": 4,
  "active_alerts": 1652294,
  "market_signals": 102
}