{
  "timestamp": "2025-08-26T04:39:48.971175",
  "overall_quality": 1.0,
  "avg_latency": 175.13324654285742,
  "total_data_points": 3360,
  "valid_data_points": 3360,
  "data_sources": 4,
  "active_alerts": 284053,
  "market_signals": 100
}