{
  "timestamp": "2025-08-29T10:41:36.330492",
  "overall_quality": 1.0,
  "avg_latency": 207.108597740954,
  "total_data_points": 3980,
  "valid_data_points": 3980,
  "data_sources": 4,
  "active_alerts": 2300916,
  "market_signals": 100
}