{
  "timestamp": "2025-08-29T16:40:40.868870",
  "overall_quality": 1.0,
  "avg_latency": 177.3064210941182,
  "total_data_points": 3400,
  "valid_data_points": 3400,
  "data_sources": 4,
  "active_alerts": 2453360,
  "market_signals": 100
}