{
  "timestamp": "2025-08-27T13:08:30.216306",
  "overall_quality": 1.0,
  "avg_latency": 274.22701516003815,
  "total_data_points": 5280,
  "valid_data_points": 5280,
  "data_sources": 4,
  "active_alerts": 1117638,
  "market_signals": 100
}