{
  "timestamp": "2025-08-29T19:48:33.433609",
  "overall_quality": 1.0,
  "avg_latency": 262.5463028861395,
  "total_data_points": 5050,
  "valid_data_points": 5050,
  "data_sources": 4,
  "active_alerts": 2533960,
  "market_signals": 102
}