{
  "timestamp": "2025-08-29T15:28:32.728065",
  "overall_quality": 1.0,
  "avg_latency": 263.8621866571999,
  "total_data_points": 5070,
  "valid_data_points": 5070,
  "data_sources": 4,
  "active_alerts": 2423535,
  "market_signals": 102
}