{
  "timestamp": "2025-08-27T22:58:55.062515",
  "overall_quality": 1.0,
  "avg_latency": 283.62640063805406,
  "total_data_points": 5650,
  "valid_data_points": 5650,
  "data_sources": 4,
  "active_alerts": 1370493,
  "market_signals": 101
}