{
  "timestamp": "2025-08-29T14:32:57.906672",
  "overall_quality": 1.0,
  "avg_latency": 246.46927137552674,
  "total_data_points": 4740,
  "valid_data_points": 4740,
  "data_sources": 4,
  "active_alerts": 2400078,
  "market_signals": 101
}