{
  "timestamp": "2025-08-28T08:53:32.715389",
  "overall_quality": 1.0,
  "avg_latency": 270.0640112700767,
  "total_data_points": 5180,
  "valid_data_points": 5180,
  "data_sources": 4,
  "active_alerts": 1627629,
  "market_signals": 101
}