{
  "timestamp": "2025-08-28T07:32:54.633888",
  "overall_quality": 1.0,
  "avg_latency": 251.6532811576442,
  "total_data_points": 4840,
  "valid_data_points": 4840,
  "data_sources": 4,
  "active_alerts": 1593175,
  "market_signals": 102
}