{
  "timestamp": "2025-08-29T16:37:40.559809",
  "overall_quality": 1.0,
  "avg_latency": 237.27206806096467,
  "total_data_points": 4560,
  "valid_data_points": 4560,
  "data_sources": 4,
  "active_alerts": 2452120,
  "market_signals": 101
}