{
  "timestamp": "2025-08-28T19:42:36.396409",
  "overall_quality": 1.0,
  "avg_latency": 239.4887619805035,
  "total_data_points": 4770,
  "valid_data_points": 4770,
  "data_sources": 4,
  "active_alerts": 1905873,
  "market_signals": 102
}