{
  "timestamp": "2025-08-30T07:10:54.123676",
  "overall_quality": 1.0,
  "avg_latency": 181.22037027119111,
  "total_data_points": 3610,
  "valid_data_points": 3610,
  "data_sources": 4,
  "active_alerts": 2833787,
  "market_signals": 100
}