{
  "timestamp": "2025-08-28T03:31:31.278125",
  "overall_quality": 1.0,
  "avg_latency": 211.9503589249389,
  "total_data_points": 4090,
  "valid_data_points": 4090,
  "data_sources": 4,
  "active_alerts": 1490970,
  "market_signals": 102
}