{
  "timestamp": "2025-08-28T08:10:58.544323",
  "overall_quality": 1.0,
  "avg_latency": 193.24583763575328,
  "total_data_points": 3720,
  "valid_data_points": 3720,
  "data_sources": 4,
  "active_alerts": 1609484,
  "market_signals": 104
}