{
  "timestamp": "2025-08-30T02:03:48.368854",
  "overall_quality": 1.0,
  "avg_latency": 268.5590805899064,
  "total_data_points": 5350,
  "valid_data_points": 5350,
  "data_sources": 4,
  "active_alerts": 2699281,
  "market_signals": 102
}