{
  "timestamp": "2025-08-29T04:17:46.218607",
  "overall_quality": 1.0,
  "avg_latency": 243.93708054690111,
  "total_data_points": 4840,
  "valid_data_points": 4840,
  "data_sources": 4,
  "active_alerts": 2134049,
  "market_signals": 102
}