{
  "timestamp": "2025-08-29T07:49:52.401624",
  "overall_quality": 1.0,
  "avg_latency": 156.03628776899967,
  "total_data_points": 3000,
  "valid_data_points": 3000,
  "data_sources": 4,
  "active_alerts": 2227241,
  "market_signals": 100
}