{
  "timestamp": "2025-08-28T18:01:34.516847",
  "overall_quality": 1.0,
  "avg_latency": 208.56602102698824,
  "total_data_points": 4150,
  "valid_data_points": 4150,
  "data_sources": 4,
  "active_alerts": 1862455,
  "market_signals": 102
}