{
  "timestamp": "2025-08-26T05:31:58.729441",
  "overall_quality": 1.0,
  "avg_latency": 239.03856140238605,
  "total_data_points": 4610,
  "valid_data_points": 4610,
  "data_sources": 4,
  "active_alerts": 305966,
  "market_signals": 100
}