{
  "timestamp": "2025-08-28T09:56:37.662067",
  "overall_quality": 1.0,
  "avg_latency": 212.06904749779358,
  "total_data_points": 4080,
  "valid_data_points": 4080,
  "data_sources": 4,
  "active_alerts": 1654360,
  "market_signals": 100
}