{
  "timestamp": "2025-08-27T06:58:31.762314",
  "overall_quality": 1.0,
  "avg_latency": 277.21834189268304,
  "total_data_points": 5330,
  "valid_data_points": 5330,
  "data_sources": 4,
  "active_alerts": 959424,
  "market_signals": 100
}