{
  "timestamp": "2025-08-28T17:30:32.797400",
  "overall_quality": 1.0,
  "avg_latency": 177.85759722740542,
  "total_data_points": 3430,
  "valid_data_points": 3430,
  "data_sources": 4,
  "active_alerts": 1849242,
  "market_signals": 103
}