{
  "timestamp": "2025-08-28T15:58:55.275983",
  "overall_quality": 1.0,
  "avg_latency": 279.771275227087,
  "total_data_points": 5390,
  "valid_data_points": 5390,
  "data_sources": 4,
  "active_alerts": 1809779,
  "market_signals": 100
}