{
  "timestamp": "2025-08-26T20:54:45.920205",
  "overall_quality": 1.0,
  "avg_latency": 167.38969211214993,
  "total_data_points": 3210,
  "valid_data_points": 3210,
  "data_sources": 4,
  "active_alerts": 700562,
  "market_signals": 100
}