{
  "timestamp": "2025-08-27T13:30:33.821539",
  "overall_quality": 1.0,
  "avg_latency": 186.42162435474876,
  "total_data_points": 3580,
  "valid_data_points": 3580,
  "data_sources": 4,
  "active_alerts": 1127240,
  "market_signals": 101
}