{
  "timestamp": "2025-08-27T07:39:37.682790",
  "overall_quality": 1.0,
  "avg_latency": 160.0609517623381,
  "total_data_points": 3080,
  "valid_data_points": 3080,
  "data_sources": 4,
  "active_alerts": 976922,
  "market_signals": 101
}