{
  "timestamp": "2025-08-29T12:52:48.796648",
  "overall_quality": 1.0,
  "avg_latency": 242.45957317746817,
  "total_data_points": 4660,
  "valid_data_points": 4660,
  "data_sources": 4,
  "active_alerts": 2357003,
  "market_signals": 100
}