{
  "timestamp": "2025-08-29T04:05:45.986124",
  "overall_quality": 1.0,
  "avg_latency": 183.2275566947942,
  "total_data_points": 3650,
  "valid_data_points": 3650,
  "data_sources": 4,
  "active_alerts": 2128730,
  "market_signals": 100
}