{
  "timestamp": "2025-08-30T07:05:54.046091",
  "overall_quality": 1.0,
  "avg_latency": 181.29671679999976,
  "total_data_points": 3600,
  "valid_data_points": 3600,
  "data_sources": 4,
  "active_alerts": 2831402,
  "market_signals": 101
}