{
  "timestamp": "2025-08-28T03:50:33.192644",
  "overall_quality": 1.0,
  "avg_latency": 181.8420792307688,
  "total_data_points": 3510,
  "valid_data_points": 3510,
  "data_sources": 4,
  "active_alerts": 1498793,
  "market_signals": 100
}