{
  "timestamp": "2025-08-27T22:30:54.543795",
  "overall_quality": 1.0,
  "avg_latency": 193.49039408363615,
  "total_data_points": 3850,
  "valid_data_points": 3850,
  "data_sources": 4,
  "active_alerts": 1358432,
  "market_signals": 104
}