{
  "timestamp": "2025-08-26T09:25:41.370471",
  "overall_quality": 1.0,
  "avg_latency": 199.50721074895824,
  "total_data_points": 3840,
  "valid_data_points": 3840,
  "data_sources": 4,
  "active_alerts": 405772,
  "market_signals": 102
}