{
  "timestamp": "2025-08-25T19:21:57.399673",
  "overall_quality": 1.0,
  "avg_latency": 242.391591222795,
  "total_data_points": 4650,
  "valid_data_points": 4650,
  "data_sources": 4,
  "active_alerts": 48019,
  "market_signals": 103
}