{
  "timestamp": "2025-08-28T19:14:35.878375",
  "overall_quality": 1.0,
  "avg_latency": 299.4344255664437,
  "total_data_points": 5960,
  "valid_data_points": 5960,
  "data_sources": 4,
  "active_alerts": 1893821,
  "market_signals": 101
}