{
  "timestamp": "2025-08-30T01:36:47.785337",
  "overall_quality": 1.0,
  "avg_latency": 208.5323751166262,
  "total_data_points": 4150,
  "valid_data_points": 4150,
  "data_sources": 4,
  "active_alerts": 2687410,
  "market_signals": 100
}