{
  "timestamp": "2025-08-29T06:28:49.207451",
  "overall_quality": 1.0,
  "avg_latency": 274.9660983289909,
  "total_data_points": 5450,
  "valid_data_points": 5450,
  "data_sources": 4,
  "active_alerts": 2191715,
  "market_signals": 102
}