{
  "timestamp": "2025-08-26T14:56:38.952367",
  "overall_quality": 1.0,
  "avg_latency": 226.35899433241957,
  "total_data_points": 4380,
  "valid_data_points": 4380,
  "data_sources": 4,
  "active_alerts": 547606,
  "market_signals": 102
}