{
  "timestamp": "2025-08-27T12:07:50.076383",
  "overall_quality": 1.0,
  "avg_latency": 254.7730183255094,
  "total_data_points": 4900,
  "valid_data_points": 4900,
  "data_sources": 4,
  "active_alerts": 1092035,
  "market_signals": 100
}