{
  "timestamp": "2025-08-27T14:31:43.187629",
  "overall_quality": 1.0,
  "avg_latency": 220.7248316350588,
  "total_data_points": 4250,
  "valid_data_points": 4250,
  "data_sources": 4,
  "active_alerts": 1153560,
  "market_signals": 101
}