{
  "timestamp": "2025-08-26T08:22:59.130751",
  "overall_quality": 1.0,
  "avg_latency": 268.2175095550392,
  "total_data_points": 5160,
  "valid_data_points": 5160,
  "data_sources": 4,
  "active_alerts": 379318,
  "market_signals": 104
}