{
  "timestamp": "2025-08-28T22:41:39.768875",
  "overall_quality": 1.0,
  "avg_latency": 210.78865864333375,
  "total_data_points": 4200,
  "valid_data_points": 4200,
  "data_sources": 4,
  "active_alerts": 1984913,
  "market_signals": 102
}