{
  "timestamp": "2025-08-27T11:14:40.868500",
  "overall_quality": 1.0,
  "avg_latency": 160.54049534498395,
  "total_data_points": 3090,
  "valid_data_points": 3090,
  "data_sources": 4,
  "active_alerts": 1069103,
  "market_signals": 101
}