{
  "timestamp": "2025-08-27T10:01:59.524489",
  "overall_quality": 1.0,
  "avg_latency": 229.95563845701298,
  "total_data_points": 4420,
  "valid_data_points": 4420,
  "data_sources": 4,
  "active_alerts": 1037684,
  "market_signals": 101
}