{
  "timestamp": "2025-08-26T10:17:49.536449",
  "overall_quality": 1.0,
  "avg_latency": 263.09867514604645,
  "total_data_points": 5060,
  "valid_data_points": 5060,
  "data_sources": 4,
  "active_alerts": 428366,
  "market_signals": 100
}