{
  "timestamp": "2025-08-29T13:39:52.781627",
  "overall_quality": 1.0,
  "avg_latency": 154.37021097504203,
  "total_data_points": 2965,
  "valid_data_points": 2965,
  "data_sources": 4,
  "active_alerts": 2377220,
  "market_signals": 101
}