{
  "timestamp": "2025-08-26T18:37:49.764375",
  "overall_quality": 1.0,
  "avg_latency": 260.2604090919999,
  "total_data_points": 5000,
  "valid_data_points": 5000,
  "data_sources": 4,
  "active_alerts": 642182,
  "market_signals": 101
}