{
  "timestamp": "2025-08-27T16:03:59.588181",
  "overall_quality": 1.0,
  "avg_latency": 288.1729933177532,
  "total_data_points": 5520,
  "valid_data_points": 5520,
  "data_sources": 4,
  "active_alerts": 1192922,
  "market_signals": 101
}