{
  "timestamp": "2025-08-29T02:06:43.705114",
  "overall_quality": 1.0,
  "avg_latency": 212.3817181586292,
  "total_data_points": 4230,
  "valid_data_points": 4230,
  "data_sources": 4,
  "active_alerts": 2075984,
  "market_signals": 102
}