{
  "timestamp": "2025-08-27T16:24:34.482339",
  "overall_quality": 1.0,
  "avg_latency": 155.7912633026754,
  "total_data_points": 2990,
  "valid_data_points": 2990,
  "data_sources": 4,
  "active_alerts": 1201643,
  "market_signals": 101
}