{
  "timestamp": "2025-08-28T02:35:59.379815",
  "overall_quality": 1.0,
  "avg_latency": 195.935104928093,
  "total_data_points": 3880,
  "valid_data_points": 3880,
  "data_sources": 4,
  "active_alerts": 1466100,
  "market_signals": 101
}