{
  "timestamp": "2025-08-26T22:46:36.790983",
  "overall_quality": 1.0,
  "avg_latency": 222.32223043317765,
  "total_data_points": 4280,
  "valid_data_points": 4280,
  "data_sources": 4,
  "active_alerts": 747978,
  "market_signals": 101
}