{
  "timestamp": "2025-08-30T00:04:45.888440",
  "overall_quality": 1.0,
  "avg_latency": 297.44789740658786,
  "total_data_points": 5920,
  "valid_data_points": 5920,
  "data_sources": 4,
  "active_alerts": 2646943,
  "market_signals": 102
}