{
  "timestamp": "2025-08-27T16:04:59.759736",
  "overall_quality": 1.0,
  "avg_latency": 168.50084088668748,
  "total_data_points": 3230,
  "valid_data_points": 3230,
  "data_sources": 4,
  "active_alerts": 1193378,
  "market_signals": 103
}