{
  "timestamp": "2025-08-29T08:16:54.319189",
  "overall_quality": 1.0,
  "avg_latency": 216.65579357841662,
  "total_data_points": 4170,
  "valid_data_points": 4170,
  "data_sources": 4,
  "active_alerts": 2239108,
  "market_signals": 104
}