{
  "timestamp": "2025-08-30T01:51:48.108029",
  "overall_quality": 1.0,
  "avg_latency": 208.90908614313244,
  "total_data_points": 4150,
  "valid_data_points": 4150,
  "data_sources": 4,
  "active_alerts": 2693776,
  "market_signals": 101
}