{
  "timestamp": "2025-08-28T06:31:49.106830",
  "overall_quality": 1.0,
  "avg_latency": 219.11281742931482,
  "total_data_points": 4230,
  "valid_data_points": 4230,
  "data_sources": 4,
  "active_alerts": 1567722,
  "market_signals": 102
}