{
  "timestamp": "2025-08-28T01:13:57.571825",
  "overall_quality": 1.0,
  "avg_latency": 284.95856043127196,
  "total_data_points": 5660,
  "valid_data_points": 5660,
  "data_sources": 4,
  "active_alerts": 1430192,
  "market_signals": 101
}