{
  "timestamp": "2025-08-27T19:29:35.193590",
  "overall_quality": 1.0,
  "avg_latency": 154.6615853468014,
  "total_data_points": 2970,
  "valid_data_points": 2970,
  "data_sources": 4,
  "active_alerts": 1280437,
  "market_signals": 100
}