{
  "timestamp": "2025-08-29T17:04:43.767554",
  "overall_quality": 1.0,
  "avg_latency": 298.4705851944344,
  "total_data_points": 5750,
  "valid_data_points": 5750,
  "data_sources": 4,
  "active_alerts": 2463957,
  "market_signals": 103
}