{
  "timestamp": "2025-08-27T09:09:51.183863",
  "overall_quality": 1.0,
  "avg_latency": 166.48917388526644,
  "total_data_points": 3190,
  "valid_data_points": 3190,
  "data_sources": 4,
  "active_alerts": 1015308,
  "market_signals": 102
}