{
  "timestamp": "2025-08-29T19:25:31.359715",
  "overall_quality": 1.0,
  "avg_latency": 171.65582442424284,
  "total_data_points": 3300,
  "valid_data_points": 3300,
  "data_sources": 4,
  "active_alerts": 2524074,
  "market_signals": 103
}