{
  "timestamp": "2025-08-28T14:18:48.494508",
  "overall_quality": 1.0,
  "avg_latency": 276.99636412722305,
  "total_data_points": 5510,
  "valid_data_points": 5510,
  "data_sources": 4,
  "active_alerts": 1767152,
  "market_signals": 103
}