{
  "timestamp": "2025-08-29T09:19:59.751353",
  "overall_quality": 1.0,
  "avg_latency": 159.12865967947837,
  "total_data_points": 3070,
  "valid_data_points": 3070,
  "data_sources": 4,
  "active_alerts": 2265972,
  "market_signals": 103
}