{
  "timestamp": "2025-08-28T11:08:43.050924",
  "overall_quality": 1.0,
  "avg_latency": 274.66801866899874,
  "total_data_points": 5290,
  "valid_data_points": 5290,
  "data_sources": 4,
  "active_alerts": 1684539,
  "market_signals": 102
}