{
  "timestamp": "2025-08-26T15:31:44.177246",
  "overall_quality": 1.0,
  "avg_latency": 228.88352075419465,
  "total_data_points": 4410,
  "valid_data_points": 4410,
  "data_sources": 4,
  "active_alerts": 562411,
  "market_signals": 100
}