{
  "timestamp": "2025-08-29T13:05:50.082863",
  "overall_quality": 1.0,
  "avg_latency": 183.3345361965912,
  "total_data_points": 3520,
  "valid_data_points": 3520,
  "data_sources": 4,
  "active_alerts": 2362880,
  "market_signals": 100
}