{
  "timestamp": "2025-08-26T08:00:54.871666",
  "overall_quality": 1.0,
  "avg_latency": 206.47984320302217,
  "total_data_points": 3970,
  "valid_data_points": 3970,
  "data_sources": 4,
  "active_alerts": 370346,
  "market_signals": 100
}