{
  "timestamp": "2025-08-26T04:35:48.388765",
  "overall_quality": 1.0,
  "avg_latency": 204.52089902417296,
  "total_data_points": 3930,
  "valid_data_points": 3930,
  "data_sources": 4,
  "active_alerts": 282294,
  "market_signals": 101
}