{
  "timestamp": "2025-08-29T12:24:45.665892",
  "overall_quality": 1.0,
  "avg_latency": 151.28943318999973,
  "total_data_points": 2900,
  "valid_data_points": 2900,
  "data_sources": 4,
  "active_alerts": 2344701,
  "market_signals": 101
}