{
  "timestamp": "2025-08-27T06:19:55.346984",
  "overall_quality": 1.0,
  "avg_latency": 168.80303697076937,
  "total_data_points": 3250,
  "valid_data_points": 3250,
  "data_sources": 4,
  "active_alerts": 942510,
  "market_signals": 101
}