{
  "timestamp": "2025-08-27T15:40:54.225113",
  "overall_quality": 1.0,
  "avg_latency": 195.85634989226662,
  "total_data_points": 3750,
  "valid_data_points": 3750,
  "data_sources": 4,
  "active_alerts": 1182983,
  "market_signals": 102
}