{
  "timestamp": "2025-08-25T19:51:33.552256",
  "overall_quality": 1.0,
  "avg_latency": 230.1461426347729,
  "total_data_points": 4400,
  "valid_data_points": 4400,
  "data_sources": 4,
  "active_alerts": 60586,
  "market_signals": 101
}