{
  "timestamp": "2025-08-26T01:54:47.840972",
  "overall_quality": 1.0,
  "avg_latency": 175.20457179494062,
  "total_data_points": 3360,
  "valid_data_points": 3360,
  "data_sources": 4,
  "active_alerts": 214630,
  "market_signals": 101
}