{
  "timestamp": "2025-08-26T15:09:40.744069",
  "overall_quality": 1.0,
  "avg_latency": 167.43040403676008,
  "total_data_points": 3210,
  "valid_data_points": 3210,
  "data_sources": 4,
  "active_alerts": 553111,
  "market_signals": 102
}