{
  "timestamp": "2025-08-27T12:44:56.165966",
  "overall_quality": 1.0,
  "avg_latency": 167.50539515683232,
  "total_data_points": 3220,
  "valid_data_points": 3220,
  "data_sources": 4,
  "active_alerts": 1107435,
  "market_signals": 103
}