{
  "timestamp": "2025-08-27T00:09:53.126554",
  "overall_quality": 1.0,
  "avg_latency": 170.1555587654432,
  "total_data_points": 3270,
  "valid_data_points": 3270,
  "data_sources": 4,
  "active_alerts": 782882,
  "market_signals": 101
}