{
  "timestamp": "2025-08-29T22:35:44.030171",
  "overall_quality": 1.0,
  "avg_latency": 177.35724425454492,
  "total_data_points": 3520,
  "valid_data_points": 3520,
  "data_sources": 4,
  "active_alerts": 2607150,
  "market_signals": 102
}