{
  "timestamp": "2025-08-27T07:26:35.828011",
  "overall_quality": 1.0,
  "avg_latency": 219.04387798978627,
  "total_data_points": 4210,
  "valid_data_points": 4210,
  "data_sources": 4,
  "active_alerts": 971224,
  "market_signals": 100
}