{
  "timestamp": "2025-08-29T06:25:49.114914",
  "overall_quality": 1.0,
  "avg_latency": 184.60569856757488,
  "total_data_points": 3670,
  "valid_data_points": 3670,
  "data_sources": 4,
  "active_alerts": 2190458,
  "market_signals": 103
}