{
  "timestamp": "2025-08-30T00:31:46.388656",
  "overall_quality": 1.0,
  "avg_latency": 207.95054717391304,
  "total_data_points": 4140,
  "valid_data_points": 4140,
  "data_sources": 4,
  "active_alerts": 2658661,
  "market_signals": 101
}