{
  "timestamp": "2025-08-26T02:18:52.485085",
  "overall_quality": 1.0,
  "avg_latency": 297.50478569580434,
  "total_data_points": 5720,
  "valid_data_points": 5720,
  "data_sources": 4,
  "active_alerts": 224677,
  "market_signals": 101
}