{
  "timestamp": "2025-08-28T21:09:37.988377",
  "overall_quality": 1.0,
  "avg_latency": 150.11603143523456,
  "total_data_points": 2980,
  "valid_data_points": 2980,
  "data_sources": 4,
  "active_alerts": 1943898,
  "market_signals": 100
}