{
  "timestamp": "2025-08-29T22:57:44.538261",
  "overall_quality": 1.0,
  "avg_latency": 237.08350352351712,
  "total_data_points": 4720,
  "valid_data_points": 4720,
  "data_sources": 4,
  "active_alerts": 2617271,
  "market_signals": 103
}