{
  "timestamp": "2025-08-30T03:55:50.393684",
  "overall_quality": 1.0,
  "avg_latency": 179.8400389002798,
  "total_data_points": 3570,
  "valid_data_points": 3570,
  "data_sources": 4,
  "active_alerts": 2748001,
  "market_signals": 101
}