{
  "timestamp": "2025-08-27T18:34:56.486111",
  "overall_quality": 1.0,
  "avg_latency": 165.3165516028209,
  "total_data_points": 3190,
  "valid_data_points": 3190,
  "data_sources": 4,
  "active_alerts": 1257302,
  "market_signals": 101
}