{
  "timestamp": "2025-08-29T20:48:38.721033",
  "overall_quality": 1.0,
  "avg_latency": 264.9875462520625,
  "total_data_points": 5090,
  "valid_data_points": 5090,
  "data_sources": 4,
  "active_alerts": 2559836,
  "market_signals": 102
}