{
  "timestamp": "2025-08-26T04:10:42.818083",
  "overall_quality": 1.0,
  "avg_latency": 201.52256958128214,
  "total_data_points": 3900,
  "valid_data_points": 3900,
  "data_sources": 4,
  "active_alerts": 272039,
  "market_signals": 101
}