{
  "timestamp": "2025-08-29T09:04:58.144745",
  "overall_quality": 1.0,
  "avg_latency": 158.1645322662295,
  "total_data_points": 3050,
  "valid_data_points": 3050,
  "data_sources": 4,
  "active_alerts": 2259269,
  "market_signals": 100
}