{
  "timestamp": "2025-08-26T19:04:55.519111",
  "overall_quality": 1.0,
  "avg_latency": 172.8633248915666,
  "total_data_points": 3320,
  "valid_data_points": 3320,
  "data_sources": 4,
  "active_alerts": 653878,
  "market_signals": 101
}