{
  "timestamp": "2025-08-27T10:24:32.961412",
  "overall_quality": 1.0,
  "avg_latency": 156.81972123421926,
  "total_data_points": 3010,
  "valid_data_points": 3010,
  "data_sources": 4,
  "active_alerts": 1047322,
  "market_signals": 103
}