{
  "timestamp": "2025-08-29T20:04:34.552158",
  "overall_quality": 1.0,
  "avg_latency": 292.80459512007104,
  "total_data_points": 5630,
  "valid_data_points": 5630,
  "data_sources": 4,
  "active_alerts": 2541062,
  "market_signals": 101
}