{
  "timestamp": "2025-08-27T07:50:39.506679",
  "overall_quality": 1.0,
  "avg_latency": 190.82846849155294,
  "total_data_points": 3670,
  "valid_data_points": 3670,
  "data_sources": 4,
  "active_alerts": 981752,
  "market_signals": 102
}