{
  "timestamp": "2025-08-25T22:33:40.388444",
  "overall_quality": 1.0,
  "avg_latency": 293.05445482811376,
  "total_data_points": 5620,
  "valid_data_points": 5620,
  "data_sources": 4,
  "active_alerts": 129206,
  "market_signals": 100
}