{
  "timestamp": "2025-08-30T05:52:52.719280",
  "overall_quality": 1.0,
  "avg_latency": 240.64650010772445,
  "total_data_points": 4790,
  "valid_data_points": 4790,
  "data_sources": 4,
  "active_alerts": 2799392,
  "market_signals": 103
}