{
  "timestamp": "2025-08-26T00:54:37.036287",
  "overall_quality": 1.0,
  "avg_latency": 170.35160171926591,
  "total_data_points": 3270,
  "valid_data_points": 3270,
  "data_sources": 4,
  "active_alerts": 189134,
  "market_signals": 102
}