{
  "timestamp": "2025-08-26T05:07:53.917866",
  "overall_quality": 1.0,
  "avg_latency": 266.77715855486366,
  "total_data_points": 5140,
  "valid_data_points": 5140,
  "data_sources": 4,
  "active_alerts": 295807,
  "market_signals": 100
}