{
  "timestamp": "2025-08-30T03:38:50.085618",
  "overall_quality": 1.0,
  "avg_latency": 269.94111303302105,
  "total_data_points": 5360,
  "valid_data_points": 5360,
  "data_sources": 4,
  "active_alerts": 2740738,
  "market_signals": 102
}