{
  "timestamp": "2025-08-27T05:13:46.248563",
  "overall_quality": 1.0,
  "avg_latency": 284.85910560693463,
  "total_data_points": 5480,
  "valid_data_points": 5480,
  "data_sources": 4,
  "active_alerts": 913202,
  "market_signals": 101
}