{
  "timestamp": "2025-08-28T10:55:41.903462",
  "overall_quality": 1.0,
  "avg_latency": 184.2131731087571,
  "total_data_points": 3540,
  "valid_data_points": 3540,
  "data_sources": 4,
  "active_alerts": 1679037,
  "market_signals": 103
}