{
  "timestamp": "2025-08-29T03:57:45.834055",
  "overall_quality": 1.0,
  "avg_latency": 243.77592258698309,
  "total_data_points": 4840,
  "valid_data_points": 4840,
  "data_sources": 4,
  "active_alerts": 2125292,
  "market_signals": 102
}