{
  "timestamp": "2025-08-29T15:07:30.713959",
  "overall_quality": 1.0,
  "avg_latency": 232.65375561607212,
  "total_data_points": 4480,
  "valid_data_points": 4480,
  "data_sources": 4,
  "active_alerts": 2414544,
  "market_signals": 101
}