{
  "timestamp": "2025-08-26T16:16:53.030617",
  "overall_quality": 1.0,
  "avg_latency": 233.0180959618839,
  "total_data_points": 4460,
  "valid_data_points": 4460,
  "data_sources": 4,
  "active_alerts": 581759,
  "market_signals": 102
}