{
  "timestamp": "2025-08-26T09:44:44.643010",
  "overall_quality": 1.0,
  "avg_latency": 170.7297361407297,
  "total_data_points": 3290,
  "valid_data_points": 3290,
  "data_sources": 4,
  "active_alerts": 414111,
  "market_signals": 101
}