{
  "timestamp": "2025-08-30T08:05:55.076533",
  "overall_quality": 1.0,
  "avg_latency": 181.70348648781143,
  "total_data_points": 3610,
  "valid_data_points": 3610,
  "data_sources": 4,
  "active_alerts": 2858327,
  "market_signals": 102
}