{
  "timestamp": "2025-08-27T06:01:52.644389",
  "overall_quality": 1.0,
  "avg_latency": 227.8214101353887,
  "total_data_points": 4380,
  "valid_data_points": 4380,
  "data_sources": 4,
  "active_alerts": 934259,
  "market_signals": 102
}