{
  "timestamp": "2025-08-28T04:25:36.398129",
  "overall_quality": 1.0,
  "avg_latency": 183.10017910339013,
  "total_data_points": 3540,
  "valid_data_points": 3540,
  "data_sources": 4,
  "active_alerts": 1513616,
  "market_signals": 101
}