{
  "timestamp": "2025-08-28T10:25:39.681902",
  "overall_quality": 1.0,
  "avg_latency": 183.16176912897697,
  "total_data_points": 3520,
  "valid_data_points": 3520,
  "data_sources": 4,
  "active_alerts": 1666492,
  "market_signals": 104
}