{
  "timestamp": "2025-08-29T03:37:45.461009",
  "overall_quality": 1.0,
  "avg_latency": 243.14108965124018,
  "total_data_points": 4840,
  "valid_data_points": 4840,
  "data_sources": 4,
  "active_alerts": 2116592,
  "market_signals": 101
}