{
  "timestamp": "2025-08-26T00:30:33.498909",
  "overall_quality": 1.0,
  "avg_latency": 198.20677566910996,
  "total_data_points": 3820,
  "valid_data_points": 3820,
  "data_sources": 4,
  "active_alerts": 179182,
  "market_signals": 102
}