{
  "timestamp": "2025-08-29T16:59:43.223031",
  "overall_quality": 1.0,
  "avg_latency": 297.90286995714365,
  "total_data_points": 5740,
  "valid_data_points": 5740,
  "data_sources": 4,
  "active_alerts": 2461644,
  "market_signals": 101
}