{
  "timestamp": "2025-08-30T05:26:52.163044",
  "overall_quality": 1.0,
  "avg_latency": 210.45125919809075,
  "total_data_points": 4190,
  "valid_data_points": 4190,
  "data_sources": 4,
  "active_alerts": 2787875,
  "market_signals": 101
}