{
  "timestamp": "2025-08-28T00:05:56.315184",
  "overall_quality": 1.0,
  "avg_latency": 194.55634972015582,
  "total_data_points": 3870,
  "valid_data_points": 3870,
  "data_sources": 4,
  "active_alerts": 1399841,
  "market_signals": 102
}