{
  "timestamp": "2025-08-26T03:25:34.226272",
  "overall_quality": 1.0,
  "avg_latency": 198.15496536299207,
  "total_data_points": 3810,
  "valid_data_points": 3810,
  "data_sources": 4,
  "active_alerts": 252833,
  "market_signals": 102
}