{
  "timestamp": "2025-08-26T07:57:54.479359",
  "overall_quality": 1.0,
  "avg_latency": 266.37346328607623,
  "total_data_points": 5128,
  "valid_data_points": 5128,
  "data_sources": 4,
  "active_alerts": 369044,
  "market_signals": 100
}