{
  "timestamp": "2025-08-27T22:22:54.395012",
  "overall_quality": 1.0,
  "avg_latency": 253.9417578033737,
  "total_data_points": 5040,
  "valid_data_points": 5040,
  "data_sources": 4,
  "active_alerts": 1354783,
  "market_signals": 103
}