{
  "timestamp": "2025-08-30T00:07:45.938554",
  "overall_quality": 1.0,
  "avg_latency": 237.57382662473506,
  "total_data_points": 4730,
  "valid_data_points": 4730,
  "data_sources": 4,
  "active_alerts": 2648188,
  "market_signals": 103
}