{
  "timestamp": "2025-08-29T00:02:41.284659",
  "overall_quality": 1.0,
  "avg_latency": 241.45833016673583,
  "total_data_points": 4810,
  "valid_data_points": 4810,
  "data_sources": 4,
  "active_alerts": 2021406,
  "market_signals": 101
}