{
  "timestamp": "2025-08-26T20:09:38.069897",
  "overall_quality": 1.0,
  "avg_latency": 164.29347402317472,
  "total_data_points": 3150,
  "valid_data_points": 3150,
  "data_sources": 4,
  "active_alerts": 681466,
  "market_signals": 100
}