{
  "timestamp": "2025-08-28T22:35:39.642746",
  "overall_quality": 1.0,
  "avg_latency": 180.93909182674093,
  "total_data_points": 3590,
  "valid_data_points": 3590,
  "data_sources": 4,
  "active_alerts": 1982323,
  "market_signals": 101
}