{
  "timestamp": "2025-08-27T16:44:37.834897",
  "overall_quality": 1.0,
  "avg_latency": 157.05612710695368,
  "total_data_points": 3020,
  "valid_data_points": 3020,
  "data_sources": 4,
  "active_alerts": 1210263,
  "market_signals": 101
}