{
  "timestamp": "2025-08-26T18:32:48.707850",
  "overall_quality": 1.0,
  "avg_latency": 259.6445609396795,
  "total_data_points": 4990,
  "valid_data_points": 4990,
  "data_sources": 4,
  "active_alerts": 640129,
  "market_signals": 104
}