{
  "timestamp": "2025-08-28T21:17:38.119499",
  "overall_quality": 1.0,
  "avg_latency": 239.99248412573272,
  "total_data_points": 4780,
  "valid_data_points": 4780,
  "data_sources": 4,
  "active_alerts": 1947632,
  "market_signals": 100
}