{
  "timestamp": "2025-08-28T19:57:36.664391",
  "overall_quality": 1.0,
  "avg_latency": 239.85385155231162,
  "total_data_points": 4760,
  "valid_data_points": 4760,
  "data_sources": 4,
  "active_alerts": 1912313,
  "market_signals": 101
}