{
  "timestamp": "2025-08-25T18:55:54.275160",
  "overall_quality": 1.0,
  "avg_latency": 210.85950297303145,
  "total_data_points": 4190,
  "valid_data_points": 4190,
  "data_sources": 4,
  "active_alerts": 36653,
  "market_signals": 100
}