{
  "timestamp": "2025-08-26T05:43:30.635486",
  "overall_quality": 1.0,
  "avg_latency": 285.3174069695805,
  "total_data_points": 5490,
  "valid_data_points": 5490,
  "data_sources": 4,
  "active_alerts": 310882,
  "market_signals": 102
}