{
  "timestamp": "2025-08-28T02:09:58.753531",
  "overall_quality": 1.0,
  "avg_latency": 165.38698697750766,
  "total_data_points": 3290,
  "valid_data_points": 3290,
  "data_sources": 4,
  "active_alerts": 1454894,
  "market_signals": 102
}