{
  "timestamp": "2025-08-29T10:40:36.313691",
  "overall_quality": 1.0,
  "avg_latency": 177.25060571647057,
  "total_data_points": 3400,
  "valid_data_points": 3400,
  "data_sources": 4,
  "active_alerts": 2300399,
  "market_signals": 102
}