{
  "timestamp": "2025-08-28T00:25:56.695545",
  "overall_quality": 1.0,
  "avg_latency": 194.8362303857889,
  "total_data_points": 3870,
  "valid_data_points": 3870,
  "data_sources": 4,
  "active_alerts": 1408883,
  "market_signals": 101
}