{
  "timestamp": "2025-08-27T19:54:39.495522",
  "overall_quality": 1.0,
  "avg_latency": 156.61966545614607,
  "total_data_points": 3010,
  "valid_data_points": 3010,
  "data_sources": 4,
  "active_alerts": 1290847,
  "market_signals": 101
}