{
  "timestamp": "2025-08-29T18:11:52.404866",
  "overall_quality": 1.0,
  "avg_latency": 212.3467500735945,
  "total_data_points": 4090,
  "valid_data_points": 4090,
  "data_sources": 4,
  "active_alerts": 2492562,
  "market_signals": 102
}