{
  "timestamp": "2025-08-28T11:32:44.725581",
  "overall_quality": 1.0,
  "avg_latency": 245.6200084459737,
  "total_data_points": 4720,
  "valid_data_points": 4720,
  "data_sources": 4,
  "active_alerts": 1694761,
  "market_signals": 104
}