{
  "timestamp": "2025-08-26T20:47:44.723577",
  "overall_quality": 1.0,
  "avg_latency": 257.06939356633615,
  "total_data_points": 4937,
  "valid_data_points": 4937,
  "data_sources": 4,
  "active_alerts": 697603,
  "market_signals": 103
}