{
  "timestamp": "2025-08-26T03:22:33.606346",
  "overall_quality": 1.0,
  "avg_latency": 257.562078671112,
  "total_data_points": 4950,
  "valid_data_points": 4950,
  "data_sources": 4,
  "active_alerts": 251623,
  "market_signals": 101
}