{
  "timestamp": "2025-08-26T17:10:33.443414",
  "overall_quality": 1.0,
  "avg_latency": 192.4542172579948,
  "total_data_points": 3690,
  "valid_data_points": 3690,
  "data_sources": 4,
  "active_alerts": 605044,
  "market_signals": 101
}