{
  "timestamp": "2025-08-26T23:16:42.883026",
  "overall_quality": 1.0,
  "avg_latency": 225.56407686397174,
  "total_data_points": 4330,
  "valid_data_points": 4330,
  "data_sources": 4,
  "active_alerts": 760627,
  "market_signals": 102
}