{
  "timestamp": "2025-08-28T23:45:41.004026",
  "overall_quality": 1.0,
  "avg_latency": 181.40802930221554,
  "total_data_points": 3610,
  "valid_data_points": 3610,
  "data_sources": 4,
  "active_alerts": 2013711,
  "market_signals": 102
}