{
  "timestamp": "2025-08-29T09:52:32.627345",
  "overall_quality": 1.0,
  "avg_latency": 235.1525704671083,
  "total_data_points": 4530,
  "valid_data_points": 4530,
  "data_sources": 4,
  "active_alerts": 2279941,
  "market_signals": 101
}