{
  "timestamp": "2025-08-28T03:04:30.300465",
  "overall_quality": 1.0,
  "avg_latency": 150.93315095953187,
  "total_data_points": 2990,
  "valid_data_points": 2990,
  "data_sources": 4,
  "active_alerts": 1478629,
  "market_signals": 100
}