{
  "timestamp": "2025-08-30T00:37:46.523606",
  "overall_quality": 1.0,
  "avg_latency": 237.67523886617323,
  "total_data_points": 4730,
  "valid_data_points": 4730,
  "data_sources": 4,
  "active_alerts": 2661398,
  "market_signals": 101
}