{
  "timestamp": "2025-08-26T08:31:31.276974",
  "overall_quality": 1.0,
  "avg_latency": 224.62706596041738,
  "total_data_points": 4320,
  "valid_data_points": 4320,
  "data_sources": 4,
  "active_alerts": 383025,
  "market_signals": 103
}