{
  "timestamp": "2025-08-26T11:08:57.610096",
  "overall_quality": 1.0,
  "avg_latency": 297.1641135049038,
  "total_data_points": 5710,
  "valid_data_points": 5710,
  "data_sources": 4,
  "active_alerts": 450362,
  "market_signals": 100
}