{
  "timestamp": "2025-08-27T08:04:41.604759",
  "overall_quality": 1.0,
  "avg_latency": 161.7445550442303,
  "total_data_points": 3120,
  "valid_data_points": 3120,
  "data_sources": 4,
  "active_alerts": 987359,
  "market_signals": 102
}