{
  "timestamp": "2025-08-28T09:20:34.726482",
  "overall_quality": 1.0,
  "avg_latency": 181.08477386982733,
  "total_data_points": 3480,
  "valid_data_points": 3480,
  "data_sources": 4,
  "active_alerts": 1639268,
  "market_signals": 102
}