{
  "timestamp": "2025-08-28T01:27:57.863403",
  "overall_quality": 1.0,
  "avg_latency": 254.80966900276067,
  "total_data_points": 5070,
  "valid_data_points": 5070,
  "data_sources": 4,
  "active_alerts": 1436265,
  "market_signals": 100
}