{
  "timestamp": "2025-08-29T11:48:42.332978",
  "overall_quality": 1.0,
  "avg_latency": 269.7808108996138,
  "total_data_points": 5180,
  "valid_data_points": 5180,
  "data_sources": 4,
  "active_alerts": 2329924,
  "market_signals": 100
}