{
  "timestamp": "2025-08-29T18:40:55.926832",
  "overall_quality": 1.0,
  "avg_latency": 184.11330416299432,
  "total_data_points": 3540,
  "valid_data_points": 3540,
  "data_sources": 4,
  "active_alerts": 2505329,
  "market_signals": 101
}