{
  "timestamp": "2025-08-28T19:29:36.149313",
  "overall_quality": 1.0,
  "avg_latency": 299.5575239417778,
  "total_data_points": 5960,
  "valid_data_points": 5960,
  "data_sources": 4,
  "active_alerts": 1900218,
  "market_signals": 104
}