{
  "timestamp": "2025-08-30T07:58:54.959536",
  "overall_quality": 1.0,
  "avg_latency": 271.5351997512058,
  "total_data_points": 5390,
  "valid_data_points": 5390,
  "data_sources": 4,
  "active_alerts": 2854963,
  "market_signals": 100
}