{
  "timestamp": "2025-08-28T19:17:35.916119",
  "overall_quality": 1.0,
  "avg_latency": 239.10007819222676,
  "total_data_points": 4760,
  "valid_data_points": 4760,
  "data_sources": 4,
  "active_alerts": 1895045,
  "market_signals": 101
}