{
  "timestamp": "2025-08-29T06:29:49.224527",
  "overall_quality": 1.0,
  "avg_latency": 154.544851690228,
  "total_data_points": 3070,
  "valid_data_points": 3070,
  "data_sources": 4,
  "active_alerts": 2192157,
  "market_signals": 103
}