{
  "timestamp": "2025-08-28T19:39:36.338437",
  "overall_quality": 1.0,
  "avg_latency": 299.283029881712,
  "total_data_points": 5960,
  "valid_data_points": 5960,
  "data_sources": 4,
  "active_alerts": 1904659,
  "market_signals": 103
}