{
  "timestamp": "2025-08-27T04:12:36.069433",
  "overall_quality": 1.0,
  "avg_latency": 249.87098620436635,
  "total_data_points": 4810,
  "valid_data_points": 4810,
  "data_sources": 4,
  "active_alerts": 886975,
  "market_signals": 105
}