{
  "timestamp": "2025-08-28T02:27:59.219235",
  "overall_quality": 1.0,
  "avg_latency": 255.56706511597736,
  "total_data_points": 5070,
  "valid_data_points": 5070,
  "data_sources": 4,
  "active_alerts": 1462673,
  "market_signals": 102
}