{
  "timestamp": "2025-08-27T23:06:55.207833",
  "overall_quality": 1.0,
  "avg_latency": 223.6176030011243,
  "total_data_points": 4449,
  "valid_data_points": 4449,
  "data_sources": 4,
  "active_alerts": 1374065,
  "market_signals": 102
}