{
  "timestamp": "2025-08-27T10:00:59.442194",
  "overall_quality": 1.0,
  "avg_latency": 200.04143481562502,
  "total_data_points": 3840,
  "valid_data_points": 3840,
  "data_sources": 4,
  "active_alerts": 1037219,
  "market_signals": 101
}