{
  "timestamp": "2025-08-29T20:11:35.258357",
  "overall_quality": 1.0,
  "avg_latency": 202.84488421892578,
  "total_data_points": 3910,
  "valid_data_points": 3910,
  "data_sources": 4,
  "active_alerts": 2543961,
  "market_signals": 101
}