{
  "timestamp": "2025-08-26T05:55:33.287559",
  "overall_quality": 1.0,
  "avg_latency": 196.6772817984171,
  "total_data_points": 3790,
  "valid_data_points": 3790,
  "data_sources": 4,
  "active_alerts": 316135,
  "market_signals": 101
}