{
  "timestamp": "2025-08-25T23:48:54.033755",
  "overall_quality": 1.0,
  "avg_latency": 298.91573396323895,
  "total_data_points": 5740,
  "valid_data_points": 5740,
  "data_sources": 4,
  "active_alerts": 161979,
  "market_signals": 100
}