{
  "timestamp": "2025-08-28T09:37:35.997672",
  "overall_quality": 1.0,
  "avg_latency": 241.65752930278947,
  "total_data_points": 4660,
  "valid_data_points": 4660,
  "data_sources": 4,
  "active_alerts": 1646580,
  "market_signals": 102
}