{
  "timestamp": "2025-08-28T20:43:37.503657",
  "overall_quality": 1.0,
  "avg_latency": 269.54202120390977,
  "total_data_points": 5370,
  "valid_data_points": 5370,
  "data_sources": 4,
  "active_alerts": 1932171,
  "market_signals": 101
}