{
  "timestamp": "2025-08-27T02:42:49.605197",
  "overall_quality": 1.0,
  "avg_latency": 257.0103790426264,
  "total_data_points": 4950,
  "valid_data_points": 4950,
  "data_sources": 4,
  "active_alerts": 848574,
  "market_signals": 103
}