{
  "timestamp": "2025-08-26T14:22:32.806491",
  "overall_quality": 1.0,
  "avg_latency": 253.75652156803235,
  "total_data_points": 4880,
  "valid_data_points": 4880,
  "data_sources": 4,
  "active_alerts": 532804,
  "market_signals": 103
}