{
  "timestamp": "2025-08-28T11:26:44.240710",
  "overall_quality": 1.0,
  "avg_latency": 214.9302720607227,
  "total_data_points": 4150,
  "valid_data_points": 4150,
  "data_sources": 4,
  "active_alerts": 1692266,
  "market_signals": 100
}