{
  "timestamp": "2025-08-29T21:14:40.939665",
  "overall_quality": 1.0,
  "avg_latency": 295.6949322353868,
  "total_data_points": 5680,
  "valid_data_points": 5680,
  "data_sources": 4,
  "active_alerts": 2570965,
  "market_signals": 102
}