{
  "timestamp": "2025-08-29T07:07:50.577427",
  "overall_quality": 1.0,
  "avg_latency": 245.04662090164973,
  "total_data_points": 4850,
  "valid_data_points": 4850,
  "data_sources": 4,
  "active_alerts": 2209141,
  "market_signals": 102
}