{
  "timestamp": "2025-08-29T08:08:53.746131",
  "overall_quality": 1.0,
  "avg_latency": 274.907291969853,
  "total_data_points": 5440,
  "valid_data_points": 5440,
  "data_sources": 4,
  "active_alerts": 2235756,
  "market_signals": 101
}