{
  "timestamp": "2025-08-26T06:46:42.303092",
  "overall_quality": 1.0,
  "avg_latency": 230.6951622650904,
  "total_data_points": 4440,
  "valid_data_points": 4440,
  "data_sources": 4,
  "active_alerts": 337625,
  "market_signals": 102
}