{
  "timestamp": "2025-08-26T05:26:57.835851",
  "overall_quality": 1.0,
  "avg_latency": 239.0360233286963,
  "total_data_points": 4600,
  "valid_data_points": 4600,
  "data_sources": 4,
  "active_alerts": 303790,
  "market_signals": 101
}