{
  "timestamp": "2025-08-27T10:13:30.878847",
  "overall_quality": 1.0,
  "avg_latency": 275.38422780848975,
  "total_data_points": 5300,
  "valid_data_points": 5300,
  "data_sources": 4,
  "active_alerts": 1042406,
  "market_signals": 101
}