{
  "timestamp": "2025-08-25T18:20:53.348827",
  "overall_quality": 1.0,
  "avg_latency": 210.1821967248211,
  "total_data_points": 4190,
  "valid_data_points": 4190,
  "data_sources": 4,
  "active_alerts": 20791,
  "market_signals": 104
}