{
  "timestamp": "2025-08-26T07:06:45.184237",
  "overall_quality": 1.0,
  "avg_latency": 232.36610303318338,
  "total_data_points": 4460,
  "valid_data_points": 4460,
  "data_sources": 4,
  "active_alerts": 346306,
  "market_signals": 102
}