{
  "timestamp": "2025-08-29T00:55:42.252235",
  "overall_quality": 1.0,
  "avg_latency": 182.21144122127038,
  "total_data_points": 3620,
  "valid_data_points": 3620,
  "data_sources": 4,
  "active_alerts": 2045270,
  "market_signals": 101
}