{
  "timestamp": "2025-08-26T06:28:38.640939",
  "overall_quality": 1.0,
  "avg_latency": 289.2838241580931,
  "total_data_points": 5560,
  "valid_data_points": 5560,
  "data_sources": 4,
  "active_alerts": 330277,
  "market_signals": 103
}