{
  "timestamp": "2025-08-26T09:29:41.827852",
  "overall_quality": 1.0,
  "avg_latency": 169.53837855398803,
  "total_data_points": 3260,
  "valid_data_points": 3260,
  "data_sources": 4,
  "active_alerts": 407588,
  "market_signals": 100
}