{
  "timestamp": "2025-08-30T08:12:55.202312",
  "overall_quality": 1.0,
  "avg_latency": 241.2981900368741,
  "total_data_points": 4800,
  "valid_data_points": 4800,
  "data_sources": 4,
  "active_alerts": 2861179,
  "market_signals": 100
}