{
  "timestamp": "2025-08-25T23:26:49.319463",
  "overall_quality": 1.0,
  "avg_latency": 236.61677470899124,
  "total_data_points": 4560,
  "valid_data_points": 4560,
  "data_sources": 4,
  "active_alerts": 152394,
  "market_signals": 103
}