{
  "timestamp": "2025-08-26T02:27:54.389498",
  "overall_quality": 1.0,
  "avg_latency": 268.4669405833337,
  "total_data_points": 5160,
  "valid_data_points": 5160,
  "data_sources": 4,
  "active_alerts": 228736,
  "market_signals": 103
}