{
  "timestamp": "2025-08-26T09:13:39.358567",
  "overall_quality": 1.0,
  "avg_latency": 288.4216994679279,
  "total_data_points": 5550,
  "valid_data_points": 5550,
  "data_sources": 4,
  "active_alerts": 400679,
  "market_signals": 100
}