{
  "timestamp": "2025-08-28T10:40:40.725759",
  "overall_quality": 1.0,
  "avg_latency": 184.02275528130323,
  "total_data_points": 3530,
  "valid_data_points": 3530,
  "data_sources": 4,
  "active_alerts": 1672796,
  "market_signals": 103
}