{
  "timestamp": "2025-08-27T21:48:53.773789",
  "overall_quality": 1.0,
  "avg_latency": 283.26063492293656,
  "total_data_points": 5450,
  "valid_data_points": 5450,
  "data_sources": 4,
  "active_alerts": 1339464,
  "market_signals": 100
}