{
  "timestamp": "2025-08-26T21:35:53.591629",
  "overall_quality": 1.0,
  "avg_latency": 201.06225324883755,
  "total_data_points": 3870,
  "valid_data_points": 3870,
  "data_sources": 4,
  "active_alerts": 718136,
  "market_signals": 101
}