{
  "timestamp": "2025-08-28T16:36:58.394352",
  "overall_quality": 1.0,
  "avg_latency": 221.29033953552965,
  "total_data_points": 4250,
  "valid_data_points": 4250,
  "data_sources": 4,
  "active_alerts": 1826426,
  "market_signals": 102
}