{
  "timestamp": "2025-08-29T15:46:34.567453",
  "overall_quality": 1.0,
  "avg_latency": 204.69581350788775,
  "total_data_points": 3930,
  "valid_data_points": 3930,
  "data_sources": 4,
  "active_alerts": 2431074,
  "market_signals": 100
}