{
  "timestamp": "2025-08-25T20:54:47.387955",
  "overall_quality": 1.0,
  "avg_latency": 176.8261747637987,
  "total_data_points": 3370,
  "valid_data_points": 3370,
  "data_sources": 4,
  "active_alerts": 87488,
  "market_signals": 101
}