{
  "timestamp": "2025-08-28T15:45:54.382218",
  "overall_quality": 1.0,
  "avg_latency": 189.22534640769254,
  "total_data_points": 3640,
  "valid_data_points": 3640,
  "data_sources": 4,
  "active_alerts": 1804133,
  "market_signals": 101
}