{
  "timestamp": "2025-08-27T14:18:41.261277",
  "overall_quality": 1.0,
  "avg_latency": 279.62231904349414,
  "total_data_points": 5380,
  "valid_data_points": 5380,
  "data_sources": 4,
  "active_alerts": 1148192,
  "market_signals": 102
}