{
  "timestamp": "2025-08-26T18:19:45.600477",
  "overall_quality": 1.0,
  "avg_latency": 168.2930599643962,
  "total_data_points": 3230,
  "valid_data_points": 3230,
  "data_sources": 4,
  "active_alerts": 634520,
  "market_signals": 102
}