{
  "timestamp": "2025-08-28T02:56:59.997297",
  "overall_quality": 1.0,
  "avg_latency": 226.06690891655475,
  "total_data_points": 4470,
  "valid_data_points": 4470,
  "data_sources": 4,
  "active_alerts": 1475381,
  "market_signals": 100
}