{
  "timestamp": "2025-08-25T19:57:34.356186",
  "overall_quality": 1.0,
  "avg_latency": 260.5405146227374,
  "total_data_points": 4970,
  "valid_data_points": 4970,
  "data_sources": 4,
  "active_alerts": 62934,
  "market_signals": 101
}