{
  "timestamp": "2025-08-28T02:57:30.011406",
  "overall_quality": 1.0,
  "avg_latency": 240.9027944578619,
  "total_data_points": 4770,
  "valid_data_points": 4770,
  "data_sources": 4,
  "active_alerts": 1475646,
  "market_signals": 101
}