{
  "timestamp": "2025-08-27T15:26:51.446630",
  "overall_quality": 1.0,
  "avg_latency": 224.2001164596288,
  "total_data_points": 4310,
  "valid_data_points": 4310,
  "data_sources": 4,
  "active_alerts": 1176827,
  "market_signals": 103
}