{
  "timestamp": "2025-08-29T02:44:44.434659",
  "overall_quality": 1.0,
  "avg_latency": 152.98166799276285,
  "total_data_points": 3040,
  "valid_data_points": 3040,
  "data_sources": 4,
  "active_alerts": 2093052,
  "market_signals": 100
}