{
  "timestamp": "2025-08-30T04:59:51.620528",
  "overall_quality": 1.0,
  "avg_latency": 150.24833270267575,
  "total_data_points": 2990,
  "valid_data_points": 2990,
  "data_sources": 4,
  "active_alerts": 2775744,
  "market_signals": 100
}