{
  "timestamp": "2025-08-29T08:09:53.768894",
  "overall_quality": 1.0,
  "avg_latency": 157.5906345138708,
  "total_data_points": 3100,
  "valid_data_points": 3100,
  "data_sources": 4,
  "active_alerts": 2236201,
  "market_signals": 100
}