{
  "timestamp": "2025-08-26T07:54:53.744061",
  "overall_quality": 1.0,
  "avg_latency": 176.19366908943312,
  "total_data_points": 3388,
  "valid_data_points": 3388,
  "data_sources": 4,
  "active_alerts": 367639,
  "market_signals": 103
}