{
  "timestamp": "2025-08-27T08:19:43.672951",
  "overall_quality": 1.0,
  "avg_latency": 162.9902071517572,
  "total_data_points": 3130,
  "valid_data_points": 3130,
  "data_sources": 4,
  "active_alerts": 993654,
  "market_signals": 100
}