{
  "timestamp": "2025-08-29T16:12:37.425384",
  "overall_quality": 1.0,
  "avg_latency": 235.75418798057407,
  "total_data_points": 4530,
  "valid_data_points": 4530,
  "data_sources": 4,
  "active_alerts": 2441868,
  "market_signals": 101
}