{
  "timestamp": "2025-08-27T21:03:48.723320",
  "overall_quality": 1.0,
  "avg_latency": 280.89740683752376,
  "total_data_points": 5410,
  "valid_data_points": 5410,
  "data_sources": 4,
  "active_alerts": 1320087,
  "market_signals": 102
}