{
  "timestamp": "2025-08-28T15:55:54.963088",
  "overall_quality": 1.0,
  "avg_latency": 189.93996411205472,
  "total_data_points": 3650,
  "valid_data_points": 3650,
  "data_sources": 4,
  "active_alerts": 1808539,
  "market_signals": 102
}