{
  "timestamp": "2025-08-28T01:11:57.525427",
  "overall_quality": 1.0,
  "avg_latency": 224.76277896823225,
  "total_data_points": 4470,
  "valid_data_points": 4470,
  "data_sources": 4,
  "active_alerts": 1429280,
  "market_signals": 100
}