{
  "timestamp": "2025-08-30T03:03:49.483046",
  "overall_quality": 1.0,
  "avg_latency": 269.0575615338319,
  "total_data_points": 5350,
  "valid_data_points": 5350,
  "data_sources": 4,
  "active_alerts": 2725795,
  "market_signals": 104
}