{
  "timestamp": "2025-08-26T02:46:57.743541",
  "overall_quality": 1.0,
  "avg_latency": 240.14175416507558,
  "total_data_points": 4610,
  "valid_data_points": 4610,
  "data_sources": 4,
  "active_alerts": 236737,
  "market_signals": 102
}