{
  "timestamp": "2025-08-29T00:59:42.339079",
  "overall_quality": 1.0,
  "avg_latency": 151.83381181258287,
  "total_data_points": 3020,
  "valid_data_points": 3020,
  "data_sources": 4,
  "active_alerts": 2046994,
  "market_signals": 101
}