{
  "timestamp": "2025-08-26T23:02:40.029328",
  "overall_quality": 1.0,
  "avg_latency": 253.43474865655782,
  "total_data_points": 4880,
  "valid_data_points": 4880,
  "data_sources": 4,
  "active_alerts": 754824,
  "market_signals": 102
}