{
  "timestamp": "2025-08-28T14:08:48.307841",
  "overall_quality": 1.0,
  "avg_latency": 277.1495211821825,
  "total_data_points": 5500,
  "valid_data_points": 5500,
  "data_sources": 4,
  "active_alerts": 1762995,
  "market_signals": 101
}