{
  "timestamp": "2025-08-27T23:47:55.987787",
  "overall_quality": 1.0,
  "avg_latency": 254.16861575968355,
  "total_data_points": 5060,
  "valid_data_points": 5060,
  "data_sources": 4,
  "active_alerts": 1392433,
  "market_signals": 106
}