{
  "timestamp": "2025-08-29T03:59:45.870135",
  "overall_quality": 1.0,
  "avg_latency": 153.04663677606584,
  "total_data_points": 3050,
  "valid_data_points": 3050,
  "data_sources": 4,
  "active_alerts": 2126184,
  "market_signals": 104
}