{
  "timestamp": "2025-08-28T19:06:35.707294",
  "overall_quality": 1.0,
  "avg_latency": 209.5035508822118,
  "total_data_points": 4160,
  "valid_data_points": 4160,
  "data_sources": 4,
  "active_alerts": 1890385,
  "market_signals": 100
}