{
  "timestamp": "2025-08-29T05:50:48.271132",
  "overall_quality": 1.0,
  "avg_latency": 184.26195545000024,
  "total_data_points": 3660,
  "valid_data_points": 3660,
  "data_sources": 4,
  "active_alerts": 2174990,
  "market_signals": 103
}