{
  "timestamp": "2025-08-29T20:37:37.816900",
  "overall_quality": 1.0,
  "avg_latency": 234.34766754744984,
  "total_data_points": 4510,
  "valid_data_points": 4510,
  "data_sources": 4,
  "active_alerts": 2555124,
  "market_signals": 102
}