{
  "timestamp": "2025-08-26T21:30:52.565769",
  "overall_quality": 1.0,
  "avg_latency": 201.0684997952301,
  "total_data_points": 3858,
  "valid_data_points": 3858,
  "data_sources": 4,
  "active_alerts": 716054,
  "market_signals": 102
}