{
  "timestamp": "2025-08-25T23:28:49.652289",
  "overall_quality": 1.0,
  "avg_latency": 297.1535315324003,
  "total_data_points": 5710,
  "valid_data_points": 5710,
  "data_sources": 4,
  "active_alerts": 153292,
  "market_signals": 102
}