{
  "timestamp": "2025-08-28T20:32:37.299841",
  "overall_quality": 1.0,
  "avg_latency": 239.91025703333366,
  "total_data_points": 4770,
  "valid_data_points": 4770,
  "data_sources": 4,
  "active_alerts": 1927629,
  "market_signals": 102
}