{
  "timestamp": "2025-08-27T11:18:41.427571",
  "overall_quality": 1.0,
  "avg_latency": 280.87028774648115,
  "total_data_points": 5400,
  "valid_data_points": 5400,
  "data_sources": 4,
  "active_alerts": 1070638,
  "market_signals": 100
}