{
  "timestamp": "2025-08-27T14:54:46.478215",
  "overall_quality": 1.0,
  "avg_latency": 162.05675813429505,
  "total_data_points": 3120,
  "valid_data_points": 3120,
  "data_sources": 4,
  "active_alerts": 1163066,
  "market_signals": 103
}