{
  "timestamp": "2025-08-25T21:35:55.570214",
  "overall_quality": 1.0,
  "avg_latency": 210.05440394552284,
  "total_data_points": 4020,
  "valid_data_points": 4020,
  "data_sources": 4,
  "active_alerts": 104845,
  "market_signals": 101
}