{
  "timestamp": "2025-08-26T00:03:58.708775",
  "overall_quality": 1.0,
  "avg_latency": 151.20535842206922,
  "total_data_points": 2900,
  "valid_data_points": 2900,
  "data_sources": 4,
  "active_alerts": 168371,
  "market_signals": 102
}