{
  "timestamp": "2025-08-27T10:47:36.784639",
  "overall_quality": 1.0,
  "avg_latency": 248.32333274079463,
  "total_data_points": 4780,
  "valid_data_points": 4780,
  "data_sources": 4,
  "active_alerts": 1057079,
  "market_signals": 100
}