{
  "timestamp": "2025-08-28T01:57:58.494351",
  "overall_quality": 1.0,
  "avg_latency": 255.10108467041394,
  "total_data_points": 5070,
  "valid_data_points": 5070,
  "data_sources": 4,
  "active_alerts": 1449679,
  "market_signals": 102
}