{
  "timestamp": "2025-08-28T13:12:47.186894",
  "overall_quality": 1.0,
  "avg_latency": 246.48209270591857,
  "total_data_points": 4900,
  "valid_data_points": 4900,
  "data_sources": 4,
  "active_alerts": 1737915,
  "market_signals": 103
}