{
  "timestamp": "2025-08-25T22:40:41.413392",
  "overall_quality": 1.0,
  "avg_latency": 203.53975762846167,
  "total_data_points": 3900,
  "valid_data_points": 3900,
  "data_sources": 4,
  "active_alerts": 132115,
  "market_signals": 103
}