{
  "timestamp": "2025-08-30T05:42:52.492259",
  "overall_quality": 1.0,
  "avg_latency": 240.26884346945664,
  "total_data_points": 4780,
  "valid_data_points": 4780,
  "data_sources": 4,
  "active_alerts": 2795281,
  "market_signals": 102
}