{
  "timestamp": "2025-08-30T00:47:46.735498",
  "overall_quality": 1.0,
  "avg_latency": 237.9350383601267,
  "total_data_points": 4740,
  "valid_data_points": 4740,
  "data_sources": 4,
  "active_alerts": 2665924,
  "market_signals": 101
}