{
  "timestamp": "2025-08-27T09:11:51.506021",
  "overall_quality": 1.0,
  "avg_latency": 226.4243229351722,
  "total_data_points": 4350,
  "valid_data_points": 4350,
  "data_sources": 4,
  "active_alerts": 1016153,
  "market_signals": 102
}