{
  "timestamp": "2025-08-26T20:52:45.768756",
  "overall_quality": 1.0,
  "avg_latency": 257.2243692012147,
  "total_data_points": 4940,
  "valid_data_points": 4940,
  "data_sources": 4,
  "active_alerts": 699702,
  "market_signals": 102
}