{
  "timestamp": "2025-08-26T05:23:57.116785",
  "overall_quality": 1.0,
  "avg_latency": 298.48263223675934,
  "total_data_points": 5740,
  "valid_data_points": 5740,
  "data_sources": 4,
  "active_alerts": 302695,
  "market_signals": 102
}