{
  "timestamp": "2025-08-26T00:09:29.830015",
  "overall_quality": 1.0,
  "avg_latency": 166.94044427500037,
  "total_data_points": 3200,
  "valid_data_points": 3200,
  "data_sources": 4,
  "active_alerts": 170851,
  "market_signals": 102
}