{
  "timestamp": "2025-08-26T10:25:50.785190",
  "overall_quality": 1.0,
  "avg_latency": 204.0300512465653,
  "total_data_points": 3930,
  "valid_data_points": 3930,
  "data_sources": 4,
  "active_alerts": 431722,
  "market_signals": 101
}