{
  "timestamp": "2025-08-27T21:31:51.902859",
  "overall_quality": 1.0,
  "avg_latency": 222.60813217289697,
  "total_data_points": 4280,
  "valid_data_points": 4280,
  "data_sources": 4,
  "active_alerts": 1332064,
  "market_signals": 102
}