{
  "timestamp": "2025-08-30T06:33:53.482213",
  "overall_quality": 1.0,
  "avg_latency": 271.1797399875695,
  "total_data_points": 5390,
  "valid_data_points": 5390,
  "data_sources": 4,
  "active_alerts": 2817201,
  "market_signals": 101
}