{
  "timestamp": "2025-08-26T03:47:38.471885",
  "overall_quality": 1.0,
  "avg_latency": 260.08822492559915,
  "total_data_points": 5000,
  "valid_data_points": 5000,
  "data_sources": 4,
  "active_alerts": 262245,
  "market_signals": 101
}