{
  "timestamp": "2025-08-29T10:06:33.908904",
  "overall_quality": 1.0,
  "avg_latency": 206.16418391435772,
  "total_data_points": 3970,
  "valid_data_points": 3970,
  "data_sources": 4,
  "active_alerts": 2286076,
  "market_signals": 102
}