{
  "timestamp": "2025-08-28T14:44:48.971839",
  "overall_quality": 1.0,
  "avg_latency": 156.98468765929434,
  "total_data_points": 3120,
  "valid_data_points": 3120,
  "data_sources": 4,
  "active_alerts": 1778396,
  "market_signals": 101
}