{
  "timestamp": "2025-08-29T11:43:41.750656",
  "overall_quality": 1.0,
  "avg_latency": 269.62429409749,
  "total_data_points": 5180,
  "valid_data_points": 5180,
  "data_sources": 4,
  "active_alerts": 2327838,
  "market_signals": 100
}