{
  "timestamp": "2025-08-27T22:50:54.923842",
  "overall_quality": 1.0,
  "avg_latency": 193.82830793194805,
  "total_data_points": 3850,
  "valid_data_points": 3850,
  "data_sources": 4,
  "active_alerts": 1366995,
  "market_signals": 101
}