{
  "timestamp": "2025-08-26T04:34:48.234472",
  "overall_quality": 1.0,
  "avg_latency": 174.55334643253678,
  "total_data_points": 3350,
  "valid_data_points": 3350,
  "data_sources": 4,
  "active_alerts": 281919,
  "market_signals": 104
}