{
  "timestamp": "2025-08-29T12:06:43.929921",
  "overall_quality": 1.0,
  "avg_latency": 210.5992584888612,
  "total_data_points": 4040,
  "valid_data_points": 4040,
  "data_sources": 4,
  "active_alerts": 2337442,
  "market_signals": 101
}