{
  "timestamp": "2025-08-25T22:50:43.161339",
  "overall_quality": 1.0,
  "avg_latency": 203.97786496428637,
  "total_data_points": 3920,
  "valid_data_points": 3920,
  "data_sources": 4,
  "active_alerts": 136711,
  "market_signals": 103
}