{
  "timestamp": "2025-08-28T23:34:40.810156",
  "overall_quality": 1.0,
  "avg_latency": 151.62614700564797,
  "total_data_points": 3010,
  "valid_data_points": 3010,
  "data_sources": 4,
  "active_alerts": 2008822,
  "market_signals": 101
}