{
  "timestamp": "2025-08-27T05:54:51.687598",
  "overall_quality": 1.0,
  "avg_latency": 167.67960356032367,
  "total_data_points": 3216,
  "valid_data_points": 3216,
  "data_sources": 4,
  "active_alerts": 931201,
  "market_signals": 101
}