{
  "timestamp": "2025-08-29T15:02:30.238009",
  "overall_quality": 1.0,
  "avg_latency": 232.31763513266247,
  "total_data_points": 4470,
  "valid_data_points": 4470,
  "data_sources": 4,
  "active_alerts": 2412386,
  "market_signals": 100
}