{
  "timestamp": "2025-08-26T19:43:32.790382",
  "overall_quality": 1.0,
  "avg_latency": 281.66713545360426,
  "total_data_points": 5410,
  "valid_data_points": 5410,
  "data_sources": 4,
  "active_alerts": 670203,
  "market_signals": 100
}