{
  "timestamp": "2025-08-30T04:07:50.638835",
  "overall_quality": 1.0,
  "avg_latency": 239.57957990838588,
  "total_data_points": 4770,
  "valid_data_points": 4770,
  "data_sources": 4,
  "active_alerts": 2752954,
  "market_signals": 104
}