{
  "timestamp": "2025-08-28T19:00:35.607870",
  "overall_quality": 1.0,
  "avg_latency": 179.32262465758453,
  "total_data_points": 3560,
  "valid_data_points": 3560,
  "data_sources": 4,
  "active_alerts": 1887852,
  "market_signals": 101
}