{
  "timestamp": "2025-08-28T00:50:57.147822",
  "overall_quality": 1.0,
  "avg_latency": 194.58809430568425,
  "total_data_points": 3870,
  "valid_data_points": 3870,
  "data_sources": 4,
  "active_alerts": 1419864,
  "market_signals": 100
}