{
  "timestamp": "2025-08-29T23:49:45.604737",
  "overall_quality": 1.0,
  "avg_latency": 297.39841548276985,
  "total_data_points": 5920,
  "valid_data_points": 5920,
  "data_sources": 4,
  "active_alerts": 2640263,
  "market_signals": 102
}