{
  "timestamp": "2025-08-26T00:53:36.872367",
  "overall_quality": 1.0,
  "avg_latency": 290.145281052603,
  "total_data_points": 5570,
  "valid_data_points": 5570,
  "data_sources": 4,
  "active_alerts": 188657,
  "market_signals": 104
}