{
  "timestamp": "2025-08-28T02:03:58.629034",
  "overall_quality": 1.0,
  "avg_latency": 285.2583388686056,
  "total_data_points": 5670,
  "valid_data_points": 5670,
  "data_sources": 4,
  "active_alerts": 1452345,
  "market_signals": 102
}